date,Battery (Charging) -  GWh,Exports -  GWh,Imports -  GWh,Distillate -  GWh,Gas (Steam) -  GWh,Gas (CCGT) -  GWh,Gas (OCGT) -  GWh,Gas (Reciprocating) -  GWh,Battery (Discharging) -  GWh,Wind -  GWh,Solar (Utility) -  GWh,Solar (Rooftop) -  GWh,Temperature Max - C,Temperature Mean - C,Temperature Min - C,Exports Emissions Vol - tCO₂e,Imports Emissions Vol - tCO₂e,Distillate Emissions Vol - tCO₂e,Gas (Steam) Emissions Vol - tCO₂e,Gas (CCGT) Emissions Vol - tCO₂e,Gas (OCGT) Emissions Vol - tCO₂e,Gas (Reciprocating) Emissions Vol - tCO₂e,Emissions Intensity - kgCO₂e/MWh,Volume Weighted Price - AUD/MWh,Battery (Charging) Market Value - AUD,Distillate Market Value - AUD,Gas (Steam) Market Value - AUD,Gas (CCGT) Market Value - AUD,Gas (OCGT) Market Value - AUD,Gas (Reciprocating) Market Value - AUD,Battery (Discharging) Market Value - AUD,Wind Market Value - AUD,Solar (Utility) Market Value - AUD,Solar (Rooftop) Market Value - AUD
2023-05-18,-0.26,-0.07,8.62,0.03,2.15,14.18,1.76,2.21,0.16,7.15,2.26,4.10,14.80,10.40,6.80,13.09,8338.00,39.31,1520.00,6881.00,1555.00,1930.00,479.13,233.52,45257.00,8108.00,550169.00,3321292.00,527701.00,600735.00,42608.00,1451270.00,356495.00,649980.00
2023-05-19,-0.26,-0.03,9.91,0.03,2.79,14.35,2.25,2.25,0.25,5.36,2.08,3.71,16.00,11.41,6.30,5.25,9306.00,42.66,1978.00,6959.00,2004.00,1962.00,521.08,256.51,44082.00,9570.00,723688.00,3765490.00,660658.00,612043.00,73658.00,1135423.00,319032.00,517149.00
2023-05-20,-0.28,-1.92,2.62,0.00,2.05,6.84,1.00,2.26,0.23,18.62,1.78,4.80,16.60,13.07,10.50,266.80,2206.00,2.71,1454.00,3367.00,924.20,1972.00,254.28,136.83,34861.00,181.20,330383.00,1251138.00,102313.00,394923.00,38229.00,2127820.00,177801.00,435157.00
2023-05-21,-0.21,-0.61,5.00,0.00,2.08,5.29,1.02,1.21,0.13,17.43,1.22,4.49,17.50,14.11,10.40,28.56,4272.00,0.00,1475.00,2567.00,831.20,1057.00,274.54,101.11,9130.00,0.00,337968.00,1171608.00,161016.00,300820.00,28427.00,366671.00,38085.00,185178.00
2023-05-22,-0.33,0.00,13.46,0.06,3.08,13.12,1.77,2.51,0.28,2.00,1.00,4.03,15.90,12.49,10.40,0.00,11694.00,73.20,2182.00,6314.00,1452.00,2195.00,583.45,249.66,53157.00,24058.00,843986.00,3347711.00,559065.00,754669.00,86276.00,490591.00,164610.00,609457.00
2023-05-23,-0.36,0.00,9.27,0.14,3.42,14.67,2.44,2.94,0.27,3.25,2.03,3.00,16.40,12.96,9.50,0.00,8532.00,181.90,2424.00,6886.00,2116.00,2571.00,552.85,297.26,73186.00,65481.00,1009904.00,4478561.00,886546.00,934578.00,101423.00,857895.00,444286.00,618061.00
2023-05-24,-0.37,-2.12,2.78,0.00,1.34,3.81,1.39,0.78,0.25,27.44,1.15,5.13,19.10,14.75,10.40,144.00,2433.00,0.00,951.70,1795.00,1121.00,679.50,164.42,43.93,9479.00,0.00,105141.00,457492.00,53001.00,118791.00,19709.00,592481.00,-43509.00,-322081.00
2023-05-25,-0.40,-3.39,1.36,0.01,1.19,1.39,2.07,0.49,0.26,38.88,0.59,1.46,15.20,13.00,9.20,164.30,1056.00,11.24,840.30,633.60,1700.00,429.10,102.63,94.28,36212.00,1904.00,109862.00,163664.00,275467.00,74370.00,47898.00,2932433.00,102205.00,263373.00
2023-05-26,-0.28,-0.20,4.00,0.00,2.04,8.30,2.81,1.56,0.20,18.07,1.01,4.20,15.40,11.86,7.80,24.27,3349.00,0.00,1442.00,3914.00,2216.00,1366.00,294.04,146.41,26998.00,0.00,353320.00,1322515.00,537704.00,329332.00,35340.00,2127255.00,88836.00,399510.00
2023-05-27,-0.36,-1.90,4.02,0.00,0.04,6.81,0.82,0.49,0.27,22.85,1.18,3.90,16.00,13.17,10.40,133.60,3450.00,0.00,25.51,3224.00,752.20,429.90,203.31,77.50,15478.00,0.00,6579.00,551468.00,50770.00,53277.00,28925.00,1632609.00,51349.00,157366.00
2023-05-28,-0.30,-3.18,1.97,0.00,0.57,1.95,1.18,0.51,0.17,29.82,1.09,3.43,17.50,14.70,12.50,124.50,1623.00,0.00,403.50,925.70,1027.00,449.40,115.66,63.76,1966.00,0.00,6886.00,261196.00,131116.00,119147.00,28526.00,1374637.00,29979.00,78314.00
2023-05-29,-0.35,-0.97,2.48,0.03,1.08,9.64,1.60,0.90,0.22,20.51,1.29,3.14,17.70,14.93,12.70,116.70,2077.00,43.28,763.80,4665.00,1405.00,784.90,243.20,188.83,20691.00,22969.00,275213.00,2405821.00,423062.00,211903.00,74002.00,2515196.00,106258.00,122645.00
2023-05-30,-0.32,0.00,5.02,0.08,2.06,14.05,4.03,0.97,0.29,8.79,1.10,2.67,16.80,14.94,13.60,0.41,4000.00,108.50,1459.00,6699.00,3751.00,845.00,435.37,288.53,77982.00,25606.00,572879.00,4158513.00,1229146.00,308161.00,85882.00,2413958.00,240426.00,582432.00
2023-05-31,-0.39,-2.02,1.22,0.02,0.70,6.95,0.94,0.18,0.22,26.89,1.09,3.67,19.90,16.67,14.20,185.40,797.20,25.83,495.20,3425.00,778.70,153.30,139.16,67.02,11825.00,5622.00,85080.00,728776.00,72056.00,28799.00,26499.00,1327220.00,-10317.00,20395.00
2023-06-01,-0.16,-0.37,3.20,0.00,2.10,12.40,5.43,1.90,0.11,10.08,1.20,2.85,18.30,15.48,12.80,76.25,3045.00,5.44,1488.00,5864.00,4813.00,1663.00,433.58,212.39,33701.00,1255.00,487499.00,2874687.00,1492466.00,480703.00,25962.00,1110721.00,343710.00,863081.00
2023-06-02,-0.35,-1.14,1.63,0.00,0.06,11.48,1.28,1.63,0.31,20.93,1.11,1.70,19.90,16.96,14.50,198.50,1650.00,5.18,43.07,5698.00,1102.00,1425.00,251.63,168.89,50837.00,871.90,10622.00,1943187.00,256566.00,335849.00,65989.00,3218290.00,230571.00,354780.00
2023-06-03,-0.28,-2.76,0.89,0.01,0.00,8.72,0.76,0.23,0.18,19.37,1.96,4.80,25.00,19.88,14.90,338.50,862.70,7.47,0.00,4273.00,591.70,201.70,165.27,72.84,6821.00,306.10,0.00,697405.00,72331.00,37385.00,24148.00,1210165.00,117074.00,345634.00
2023-06-04,-0.24,-3.60,0.58,0.00,0.97,0.02,1.02,0.00,0.23,32.13,0.74,2.63,22.00,19.34,17.70,136.10,493.90,0.00,684.20,11.59,929.20,0.00,57.51,27.07,-5436.00,0.00,22082.00,71.44,46092.00,0.00,10115.00,791061.00,-22107.00,-5294.00
2023-06-05,-0.25,-0.60,9.71,0.00,0.23,4.36,1.32,0.12,0.19,20.65,0.73,2.25,19.70,17.09,15.10,22.66,6822.00,0.00,160.00,2063.00,1135.00,101.30,265.07,67.92,9688.00,0.00,3454.00,393821.00,117526.00,16657.00,20601.00,1092320.00,56502.00,150397.00
2023-06-06,-0.94,-5.38,1.92,0.00,1.11,2.71,0.82,0.79,0.64,29.23,1.53,5.26,23.50,18.67,14.70,547.40,1332.00,0.00,789.30,1241.00,769.80,689.60,113.42,32.01,13126.00,0.00,43837.00,113671.00,45730.00,41179.00,24471.00,790938.00,30447.00,30473.00
2023-06-07,-0.46,-3.84,0.53,0.00,1.68,0.02,1.05,0.45,0.52,33.99,1.31,2.82,21.50,17.98,13.60,306.80,344.90,0.00,1189.00,10.87,1372.00,392.90,78.85,3.26,2243.00,0.00,5707.00,-402.90,2113.00,-960.60,145.30,62661.00,-4737.00,-3545.00
2023-06-08,-0.24,-2.36,1.90,0.00,0.99,0.18,0.73,0.00,0.19,33.26,1.86,4.06,17.10,14.27,12.30,83.52,1295.00,0.00,700.10,9.95,694.90,0.00,64.49,10.67,-5197.00,0.00,7461.00,3679.00,5540.00,0.00,2288.00,290170.00,-21920.00,-81592.00
2023-06-09,-0.18,-0.31,6.83,0.00,0.84,5.47,1.52,0.76,0.08,18.85,1.55,4.40,15.90,13.18,10.50,18.47,4950.00,5.05,597.00,2549.00,1239.00,667.30,250.94,72.88,1639.00,783.40,113912.00,689507.00,171488.00,137490.00,10417.00,454220.00,18155.00,79114.00
2023-06-10,-0.37,0.00,15.72,0.01,0.05,8.82,1.88,1.15,0.33,3.34,1.74,4.26,16.40,11.94,9.40,0.00,11915.00,16.89,35.40,4143.00,1681.00,1007.00,508.97,139.20,27616.00,2635.00,13812.00,1339061.00,303062.00,198508.00,62531.00,417787.00,50908.00,99374.00
2023-06-11,-0.19,-0.03,10.30,0.00,0.59,5.21,1.31,0.54,0.16,13.86,1.19,3.22,17.20,13.34,8.80,5.06,9421.00,0.00,416.50,2466.00,1247.00,474.70,387.77,101.43,14180.00,0.00,65560.00,579878.00,161347.00,91508.00,24875.00,1294930.00,90375.00,217446.00
2023-06-12,-0.27,-5.45,0.31,0.00,0.98,0.11,0.87,0.00,0.10,33.79,0.93,5.12,19.20,15.00,12.60,211.40,265.20,0.00,696.40,52.21,783.20,0.00,43.45,7.14,-8960.00,0.00,-1496.00,8650.00,6097.00,0.00,3498.00,160208.00,-37992.00,-305134.00
2023-06-13,-0.19,-5.65,0.45,0.00,1.16,1.55,1.76,0.70,0.19,36.64,1.43,4.18,16.10,13.55,11.60,380.00,298.50,0.31,821.00,719.90,1503.00,614.70,84.70,35.96,-722.30,11.23,64366.00,158877.00,134334.00,93218.00,15259.00,1022144.00,-21237.00,-74472.00
2023-06-14,-0.29,-0.68,4.74,0.00,0.81,5.54,1.77,1.30,0.20,23.77,1.66,3.33,14.80,12.42,9.80,78.31,3242.00,0.00,574.00,2625.00,1532.00,1135.00,214.28,67.03,6866.00,0.00,97594.00,484843.00,179759.00,171791.00,27737.00,1345197.00,64426.00,155831.00
2023-06-15,-0.32,-3.81,0.81,0.00,1.43,2.89,0.63,0.69,0.21,34.34,2.06,3.38,16.80,13.13,10.40,311.20,496.90,0.00,1012.00,1307.00,577.80,605.70,87.17,39.95,589.40,0.00,86614.00,238054.00,27390.00,80679.00,18344.00,1138300.00,29667.00,43425.00
2023-06-16,-0.29,-5.56,0.03,0.00,1.08,0.02,1.25,0.00,0.12,37.90,0.70,5.58,18.70,13.90,10.50,319.60,15.38,0.00,764.70,11.54,1643.00,0.00,51.80,-35.38,-13019.00,0.00,-43596.00,-306.10,-52668.00,0.00,-4159.00,-1306167.00,-56513.00,-325660.00
2023-06-17,-0.16,-3.00,5.27,0.01,1.78,0.68,0.26,0.36,0.19,30.77,0.79,2.20,14.30,12.06,7.60,103.30,3390.00,9.56,1259.00,321.30,312.60,315.50,140.65,2.35,-6736.00,1023.00,-31473.00,62900.00,25274.00,41310.00,8609.00,-489440.00,-44414.00,-116388.00
2023-06-18,-0.27,-2.09,6.23,0.00,1.57,1.69,0.00,0.00,0.09,24.26,1.70,4.98,15.30,10.75,6.40,86.88,4538.00,0.00,1112.00,800.90,2.45,0.00,166.88,0.61,-5474.00,0.00,-19354.00,65151.00,-6.38,0.00,1367.00,-239907.00,-62225.00,-228644.00
2023-06-19,-0.15,-4.63,3.20,0.16,4.25,6.62,0.72,1.03,0.21,24.32,1.22,4.92,13.80,11.63,7.80,271.90,2446.00,230.00,3011.00,3049.00,548.90,900.30,236.83,100.68,10717.00,42793.00,682835.00,1121915.00,140220.00,209039.00,39238.00,721372.00,38209.00,159763.00
2023-06-20,-0.38,-3.43,6.11,0.12,6.78,13.73,2.79,1.71,0.21,9.71,1.11,3.76,15.10,10.86,7.50,1250.00,5397.00,162.80,4803.00,6405.00,2250.00,1493.00,456.31,196.67,58637.00,42800.00,1520687.00,2700276.00,657097.00,406164.00,54316.00,1770776.00,163529.00,563349.00
2023-06-21,-0.24,-8.63,0.06,0.01,3.79,11.45,0.37,0.96,0.14,35.70,0.30,1.55,13.60,10.92,9.50,1624.00,48.06,7.55,2689.00,5618.00,291.30,835.60,173.01,95.64,11813.00,404.50,400906.00,1082752.00,46167.00,117162.00,14744.00,3275632.00,26433.00,131306.00
2023-06-22,-0.19,-2.32,0.64,0.00,2.70,8.85,0.53,0.58,0.20,34.82,0.74,0.83,11.30,10.21,8.30,370.60,473.00,4.69,1912.00,4163.00,428.00,506.10,150.20,114.01,19497.00,620.60,314904.00,1042022.00,62710.00,67249.00,25587.00,3902406.00,112288.00,126911.00
2023-06-23,-0.31,-5.58,0.18,0.00,1.52,5.05,0.98,1.35,0.24,34.49,1.30,4.19,14.80,12.53,10.60,661.10,133.20,0.88,1081.00,2393.00,813.40,1177.00,113.74,102.20,24474.00,115.60,170221.00,586082.00,128839.00,200594.00,31577.00,3318441.00,158712.00,373186.00
2023-06-24,-0.29,-5.26,0.45,0.00,1.00,0.32,0.88,0.00,0.10,40.00,1.08,3.49,13.50,11.73,10.10,200.10,285.30,1.91,711.40,153.80,852.00,0.03,43.18,-15.17,-8559.00,28.91,-17841.00,927.40,-12141.00,-2.15,-653.30,-613371.00,-38922.00,-211914.00
2023-06-25,-0.21,-3.35,1.14,0.00,0.99,0.00,0.78,0.00,0.17,36.61,1.13,3.34,14.50,12.04,9.50,112.50,723.80,0.00,704.70,0.00,736.00,0.00,50.53,-15.64,-5327.00,0.00,-21261.00,0.00,-11169.00,0.00,7373.00,-708224.00,-35787.00,-139550.00
2023-06-26,-0.35,-0.08,9.52,0.24,2.13,6.27,4.54,1.71,0.36,12.86,1.40,3.93,15.60,12.47,10.70,3.22,6972.00,347.80,1511.00,2852.00,4454.00,1495.00,414.45,168.95,36048.00,78211.00,456773.00,1510122.00,1158350.00,441347.00,81364.00,551766.00,219915.00,561962.00
2023-06-27,-0.33,0.00,13.31,0.44,3.74,11.83,5.09,2.01,0.27,7.23,0.29,1.62,12.10,10.84,9.70,0.00,10777.00,562.70,2649.00,5430.00,5058.00,1760.00,576.54,244.41,42294.00,148533.00,1067434.00,3075869.00,1408220.00,523217.00,81453.00,1151652.00,87754.00,496654.00
2023-06-28,-0.40,-0.13,4.50,0.87,4.80,14.67,4.17,2.39,0.18,5.80,1.44,4.19,15.10,10.73,8.20,37.48,4223.00,1177.00,3399.00,7055.00,3780.00,2087.00,510.44,497.59,101126.00,565919.00,2252498.00,7516666.00,3158176.00,1548931.00,241135.00,2151086.00,354736.00,855874.00
2023-06-29,-0.24,-0.31,2.61,0.83,4.06,14.34,2.64,1.27,0.21,11.85,1.69,4.12,13.40,9.90,5.60,73.01,1787.00,1158.00,2876.00,6888.00,2576.00,1109.00,378.99,186.40,30207.00,333897.00,966466.00,2997385.00,556515.00,258305.00,60763.00,1726754.00,77873.00,201260.00
2023-06-30,-0.14,-0.03,7.41,0.00,1.38,12.36,0.49,1.16,0.15,15.14,1.15,3.04,15.00,12.12,10.00,4.30,4810.00,0.00,979.00,6103.00,394.70,1012.00,315.64,74.55,4609.00,0.00,111489.00,893720.00,59407.00,135852.00,15082.00,968128.00,36172.00,93816.00
2023-07-01,-0.36,-0.01,10.33,0.00,3.11,9.52,1.47,1.88,0.27,5.69,1.15,4.38,15.00,11.28,7.30,2.96,8094.00,0.00,2205.00,4508.00,1117.00,1642.00,469.27,125.46,26950.00,0.00,458967.00,1171392.00,248917.00,305973.00,45525.00,646727.00,93151.00,313746.00
2023-07-02,-0.31,-0.26,8.06,0.00,3.74,10.53,1.03,1.58,0.15,10.22,1.35,3.18,13.20,9.58,6.00,40.86,7269.00,0.00,2649.00,5052.00,740.60,1379.00,434.27,130.80,32713.00,0.00,547776.00,1417559.00,178596.00,267982.00,30913.00,1062284.00,107818.00,305391.00
2023-07-03,-0.20,-0.01,10.52,0.03,4.78,15.68,2.56,2.29,0.23,6.22,0.47,2.20,12.90,9.81,6.50,2.04,8780.00,45.92,3385.00,7440.00,2330.00,2004.00,535.63,222.55,45202.00,12420.00,1152479.00,3527042.00,715709.00,603133.00,64236.00,841695.00,133360.00,595473.00
2023-07-04,-0.43,-0.33,7.83,0.00,4.20,13.77,0.97,2.09,0.44,8.90,1.38,4.49,14.50,10.74,7.70,97.28,7346.00,0.50,2976.00,6792.00,743.40,1824.00,452.23,185.35,75296.00,99.62,857554.00,2624184.00,215835.00,455479.00,105937.00,1423822.00,280169.00,872244.00
2023-07-05,-0.31,-3.25,0.74,0.01,1.04,0.03,1.70,0.47,0.22,35.18,1.94,4.78,17.00,12.91,9.10,132.50,660.50,9.87,738.70,12.67,1493.00,412.40,75.08,72.24,15206.00,1033.00,71825.00,2580.00,157942.00,53715.00,22452.00,2368499.00,92617.00,134134.00
2023-07-06,-0.31,-4.65,1.26,0.01,0.98,0.00,1.33,0.26,0.23,43.03,1.05,2.44,13.60,11.83,9.20,139.90,819.40,12.53,695.90,0.00,1147.00,227.50,60.54,18.73,-6287.00,508.00,10678.00,0.00,67881.00,28549.00,17053.00,511944.00,-28433.00,-51917.00
2023-07-07,-0.35,-3.35,0.81,0.00,0.98,0.00,0.72,0.00,0.21,37.63,1.50,4.94,15.10,12.25,8.80,111.30,547.10,2.82,696.90,0.00,684.40,0.00,42.23,-6.52,-11877.00,-85.24,-9772.00,0.00,-7092.00,0.00,8391.00,-279048.00,-44161.00,-196341.00
2023-07-08,-0.19,-3.68,0.37,0.00,0.98,0.00,0.72,0.00,0.11,37.82,0.73,3.73,14.50,12.56,10.70,121.80,202.50,0.00,697.30,0.00,683.90,0.00,36.03,-29.63,-9761.00,0.00,-33459.00,0.00,-24282.00,0.00,-2555.00,-1149311.00,-39330.00,-235054.00
2023-07-09,-0.19,-1.60,5.85,0.00,0.58,3.14,1.25,0.55,0.24,25.07,0.76,3.12,14.60,12.58,11.60,60.68,4038.00,2.42,409.80,1489.00,1010.00,481.00,190.11,38.58,5033.00,236.50,-12062.00,396380.00,85063.00,72210.00,25076.00,82103.00,-14535.00,-50851.00
2023-07-10,-0.47,0.00,13.99,0.01,1.72,8.34,1.93,0.00,0.28,12.22,1.24,3.21,16.80,13.39,11.80,0.00,9754.00,7.52,1217.00,3952.00,1628.00,0.03,389.86,129.56,29015.00,2644.00,251090.00,1201578.00,344743.00,4.57,49012.00,1301439.00,60535.00,150942.00
2023-07-11,-0.29,-0.01,13.37,0.03,2.00,8.61,2.52,0.79,0.34,6.58,1.99,5.33,16.40,12.93,10.90,1.02,10610.00,36.89,1416.00,4063.00,2022.00,693.40,456.59,160.07,15580.00,16950.00,363106.00,1501832.00,733579.00,217374.00,106857.00,708200.00,93079.00,181960.00
2023-07-12,-0.56,-0.54,12.46,0.01,1.33,8.06,1.74,0.75,0.42,10.23,2.32,5.86,16.10,12.31,8.90,41.65,9170.00,18.52,943.40,3814.00,1503.00,652.00,381.59,122.89,27386.00,3457.00,153343.00,1065932.00,368740.00,180381.00,60030.00,947029.00,49991.00,130205.00
2023-07-13,-0.34,-0.73,4.65,0.00,0.71,1.62,1.16,0.00,0.19,29.24,1.25,6.08,16.00,12.28,8.80,32.98,2843.00,0.76,500.20,767.10,1073.00,0.03,117.55,-0.97,-6170.00,25.39,-9551.00,39449.00,4757.00,-0.90,5276.00,-176388.00,-64837.00,-475863.00
2023-07-14,-0.25,-3.09,2.04,0.00,0.78,0.71,0.76,0.19,0.14,33.02,1.07,6.01,17.40,13.22,9.70,139.70,1210.00,0.00,553.60,336.80,719.40,162.20,68.68,-5.63,-8016.00,0.00,-3778.00,-34982.00,-9251.00,13456.00,6124.00,-389960.00,-39436.00,-222794.00
2023-07-15,-0.17,-2.04,5.83,0.00,0.21,5.10,1.17,0.51,0.16,23.93,1.32,3.12,13.40,11.08,7.40,75.81,4806.00,0.01,148.30,2415.00,972.30,449.80,222.64,51.31,2650.00,0.25,-3496.00,420759.00,70347.00,56381.00,12117.00,758558.00,46197.00,116347.00
2023-07-16,-0.22,-1.05,7.66,0.00,0.64,8.26,0.99,0.58,0.14,13.24,2.16,5.79,14.60,9.50,5.40,86.17,6535.00,0.00,452.10,3914.00,783.20,506.60,316.89,83.22,3022.00,0.00,83716.00,720226.00,123809.00,98018.00,17885.00,841748.00,-11148.00,-45256.00
2023-07-17,-0.27,-0.02,12.30,0.00,0.77,8.71,3.34,1.34,0.27,8.71,2.24,6.20,16.20,9.57,3.50,1.83,9924.00,3.00,542.90,3966.00,2921.00,1174.00,425.09,145.14,18596.00,464.50,156140.00,1350615.00,686258.00,277872.00,51677.00,991456.00,91494.00,210823.00
2023-07-18,-0.34,-0.02,11.29,0.02,0.83,7.18,3.63,1.15,0.27,14.42,2.19,4.32,15.00,8.81,3.20,1.04,7736.00,31.96,589.80,3390.00,3091.00,1001.00,352.31,105.61,19457.00,7140.00,136793.00,969367.00,474343.00,181846.00,47066.00,1067878.00,19198.00,28473.00
2023-07-19,-0.41,-4.70,1.90,0.00,0.14,5.76,1.83,1.02,0.29,30.62,1.92,5.83,16.80,12.01,6.40,454.90,1666.00,0.00,101.80,2729.00,1450.00,895.40,144.49,68.71,5044.00,0.00,4583.00,459659.00,199209.00,146741.00,46018.00,1820998.00,18200.00,-84743.00
2023-07-20,-0.25,-4.12,3.40,0.00,1.15,3.13,0.95,0.78,0.14,34.19,0.81,3.67,15.00,12.88,10.40,180.30,2264.00,0.00,813.20,1483.00,793.80,682.20,133.51,22.84,-4602.00,0.00,31572.00,307609.00,43454.00,89311.00,10307.00,191738.00,486.40,35925.00
2023-07-21,-0.30,0.00,13.17,0.03,1.77,9.79,2.96,1.96,0.32,5.40,2.27,5.56,14.70,9.58,4.30,0.00,10674.00,38.02,1254.00,4630.00,2546.00,1712.00,485.86,134.37,22525.00,7788.00,249901.00,1285994.00,605613.00,359936.00,61073.00,493018.00,149291.00,312720.00
2023-07-22,-0.25,-2.31,4.60,0.00,1.51,7.07,1.38,0.86,0.22,22.45,1.62,3.51,14.50,10.16,8.70,254.30,3936.00,0.00,1069.00,3348.00,1074.00,747.40,244.10,75.26,10400.00,0.00,123573.00,631711.00,139479.00,94813.00,25552.00,1491800.00,40334.00,84020.00
2023-07-23,-0.27,-1.12,4.54,0.00,1.48,3.74,1.29,0.97,0.11,22.89,1.91,3.91,14.20,10.15,6.50,57.87,3899.00,0.00,1047.00,1770.00,1063.00,850.60,217.28,77.12,10711.00,0.00,145963.00,500698.00,164343.00,141565.00,19451.00,1392039.00,61523.00,116189.00
2023-07-24,-0.27,0.00,16.13,0.00,1.79,10.01,2.96,1.50,0.21,5.96,1.28,3.32,14.10,10.90,6.80,0.00,13721.00,1.59,1270.00,4741.00,2509.00,1313.00,549.02,163.75,32667.00,364.70,322220.00,1615788.00,643703.00,325443.00,49721.00,846411.00,188665.00,474167.00
2023-07-25,-0.20,-0.14,6.91,0.12,2.13,8.39,2.42,1.28,0.23,11.10,2.34,5.55,16.40,12.30,8.20,28.12,6241.00,149.30,1512.00,3952.00,1987.00,1121.00,372.02,151.50,16727.00,39774.00,393218.00,1329305.00,668002.00,304287.00,57303.00,1177944.00,145534.00,304177.00
2023-07-26,-0.29,-1.82,3.27,0.01,3.21,7.02,1.76,1.27,0.25,17.07,2.57,6.71,17.30,11.98,5.70,282.10,2813.00,15.14,2273.00,3320.00,1346.00,1114.00,258.34,119.44,20658.00,3675.00,533847.00,983946.00,360056.00,266583.00,57585.00,1422695.00,107692.00,239823.00
2023-07-27,-0.42,-3.79,0.92,0.00,1.26,0.11,1.15,0.45,0.19,40.13,0.58,2.15,19.00,15.16,10.80,174.20,560.50,0.00,891.30,52.45,1017.00,397.20,64.23,14.20,-1754.00,0.00,26989.00,3088.00,32540.00,34224.00,8486.00,478414.00,-6678.00,-38729.00
2023-07-28,-0.22,-0.18,12.57,0.05,1.47,2.88,3.17,1.01,0.32,12.45,2.27,3.71,16.20,13.31,9.90,5.89,8628.00,75.19,1040.00,1367.00,2828.00,880.20,374.95,80.63,5350.00,3789.00,155843.00,377142.00,331428.00,160727.00,39925.00,574507.00,90967.00,112391.00
2023-07-29,-0.41,-1.11,11.93,0.00,0.77,3.25,0.87,0.34,0.24,13.94,1.77,5.64,17.00,12.56,9.30,60.97,8869.00,1.04,544.90,1539.00,798.40,294.60,322.02,55.90,-1141.00,95.17,14589.00,311390.00,62590.00,33420.00,20914.00,374590.00,-52304.00,-229533.00
2023-07-30,-0.19,-2.34,6.08,0.00,1.01,2.63,0.47,0.29,0.15,24.22,1.73,4.38,17.20,12.26,8.50,87.33,3989.00,0.00,718.40,1244.00,445.00,252.40,170.74,-2.71,-5887.00,0.00,-7046.00,137063.00,-19251.00,23228.00,7614.00,-502737.00,-92036.00,-242573.00
2023-07-31,-0.30,-0.01,9.91,0.00,0.00,6.78,1.33,0.87,0.18,16.80,2.20,4.06,15.40,13.16,10.90,0.87,6249.00,1.14,0.00,3310.00,1136.00,761.60,274.04,48.09,3866.00,88.86,0.00,407411.00,91297.00,87102.00,16483.00,534420.00,54597.00,109730.00
2023-08-01,-0.29,-0.04,7.73,0.20,1.75,13.78,2.85,2.16,0.38,5.15,2.27,4.22,15.30,11.97,8.50,20.09,6203.00,279.20,1240.00,6575.00,2740.00,1885.00,470.75,539.74,67663.00,546181.00,878609.00,8007646.00,3476815.00,1716978.00,554312.00,1183032.00,642292.00,1139835.00
2023-08-02,-0.45,-1.82,1.00,0.00,0.05,8.11,1.20,0.84,0.30,22.02,1.58,7.11,19.20,14.50,10.00,190.60,860.10,1.95,33.13,3951.00,1081.00,733.40,161.99,48.91,-4575.00,296.70,2519.00,519337.00,101287.00,102669.00,29057.00,912971.00,-54191.00,-388146.00
2023-08-03,-0.30,-2.67,1.17,0.00,0.98,0.00,0.72,0.00,0.13,31.14,0.50,6.93,24.40,19.06,14.20,87.49,658.40,0.75,695.70,0.00,686.80,0.00,50.62,-71.56,-26116.00,-60.55,-81043.00,0.00,-59442.00,0.00,-10836.00,-2100382.00,-47037.00,-1030175.00
2023-08-04,-0.13,-1.84,0.68,0.00,1.24,5.64,1.20,0.03,0.08,26.87,0.56,4.72,22.20,14.35,9.00,181.00,443.30,0.34,879.40,2672.00,1019.00,23.80,124.37,-7.94,-3079.00,24.98,5268.00,14192.00,54741.00,1678.00,-442.50,-474631.00,-28937.00,-302152.00
2023-08-05,-0.41,0.00,4.48,0.01,2.34,8.19,2.91,1.07,0.32,12.90,2.04,4.25,14.60,10.19,6.60,0.00,3804.00,11.67,1661.00,3880.00,2672.00,931.80,340.19,149.38,40932.00,1518.00,372547.00,1265522.00,454516.00,139520.00,68876.00,1764346.00,331920.00,728235.00
2023-08-06,-0.22,-0.48,4.44,0.00,1.23,9.24,0.84,0.80,0.20,14.11,2.39,5.21,14.50,10.58,6.60,84.89,4025.00,0.00,871.30,4479.00,667.70,697.50,282.10,70.06,9820.00,0.00,95825.00,735294.00,67814.00,134213.00,30497.00,613680.00,102675.00,365024.00
2023-08-07,-0.40,-0.02,7.73,0.02,1.30,9.61,1.17,0.76,0.40,11.39,2.72,7.11,15.40,10.48,5.40,3.27,6567.00,23.70,918.90,4627.00,1094.00,666.80,332.55,117.86,30754.00,5665.00,152770.00,1111291.00,268285.00,155736.00,45569.00,1074903.00,197153.00,478611.00
2023-08-08,-0.13,-0.44,6.91,0.06,1.28,7.31,2.00,0.62,0.10,12.81,2.89,7.60,17.80,10.87,3.90,54.69,6113.00,82.34,904.30,3383.00,1535.00,544.70,305.05,139.24,13468.00,24202.00,164136.00,1178999.00,471014.00,127186.00,27797.00,1351030.00,157971.00,389436.00
2023-08-09,-0.63,-5.45,0.84,0.01,1.35,0.51,0.50,0.00,0.63,33.25,1.01,7.52,21.90,15.17,10.50,223.20,536.70,10.30,957.90,239.70,486.10,0.04,50.78,15.11,-23789.00,614.90,-11690.00,11622.00,14921.00,0.22,-3198.00,327029.00,-23641.00,-330329.00
2023-08-10,-0.74,-0.06,8.82,0.05,1.65,6.99,1.75,1.60,0.66,10.73,2.45,5.55,14.70,11.70,8.60,14.94,7046.00,73.15,1166.00,3391.00,1807.00,1403.00,376.97,160.22,104927.00,18664.00,324119.00,1590887.00,449742.00,325925.00,71833.00,704157.00,155267.00,493761.00
2023-08-11,-0.51,-0.43,6.83,0.41,1.46,13.96,3.87,1.32,0.40,3.90,2.56,5.74,15.30,11.56,8.90,86.21,5899.00,562.30,1031.00,6509.00,3851.00,1156.00,478.86,1990.36,208112.00,1878916.00,3108198.00,29706794.00,15595721.00,4175303.00,1364002.00,4887179.00,929888.00,2516048.00
2023-08-12,-0.42,0.00,5.56,0.34,1.41,13.36,2.35,2.14,0.26,9.42,1.30,2.33,14.30,11.97,10.30,0.24,4997.00,467.20,998.10,6529.00,2431.00,1874.00,454.48,292.79,92299.00,131279.00,411544.00,4087070.00,740601.00,586299.00,94673.00,2540077.00,324402.00,530824.00
2023-08-13,-0.30,-0.14,4.74,0.35,1.87,14.79,2.10,1.89,0.17,9.21,0.53,2.58,14.70,12.59,10.10,29.65,4428.00,479.10,1325.00,6986.00,2091.00,1655.00,448.03,244.93,46362.00,122744.00,497608.00,3678938.00,695976.00,594181.00,45541.00,1527367.00,112990.00,592288.00
2023-08-14,-0.24,-0.07,4.00,0.24,1.74,14.58,1.98,2.35,0.23,6.58,1.87,6.31,15.70,11.07,6.90,31.05,3992.00,331.00,1229.00,6649.00,2013.00,2058.00,410.57,244.37,47711.00,77832.00,425163.00,3741848.00,558829.00,645364.00,62140.00,1482842.00,285948.00,963824.00
2023-08-15,-0.42,-1.10,1.91,0.10,1.47,11.64,1.85,0.96,0.36,12.97,2.73,8.00,17.60,11.87,4.20,183.50,1740.00,133.90,1043.00,5556.00,1567.00,836.50,264.37,295.17,30670.00,243394.00,385796.00,4061044.00,1769333.00,540268.00,247953.00,1934883.00,61792.00,329131.00
2023-08-16,-0.41,-0.71,5.16,0.00,1.47,9.91,2.01,1.01,0.31,12.47,2.03,5.99,19.00,14.11,11.70,149.60,4187.00,2.62,1039.00,4767.00,1670.00,884.10,316.02,116.02,24099.00,416.80,192328.00,1496907.00,305156.00,178539.00,53754.00,1246786.00,843.90,-23863.00
2023-08-17,-0.41,-4.50,4.87,0.00,1.91,6.65,1.18,0.56,0.30,27.63,1.10,3.47,16.10,12.60,9.10,385.00,3881.00,0.34,1351.00,3249.00,892.20,491.70,221.72,50.00,13021.00,44.26,75613.00,527931.00,31279.00,56783.00,18335.00,778305.00,6739.00,-21274.00
2023-08-18,-0.29,-5.29,0.59,0.00,2.30,2.64,0.57,0.00,0.23,33.97,1.42,6.82,14.60,12.11,10.40,240.60,418.80,0.00,1628.00,1249.00,452.10,0.00,81.68,14.05,-12059.00,0.00,34529.00,171029.00,39984.00,0.00,12294.00,153590.00,-64475.00,-349203.00
2023-08-19,-0.36,-0.44,6.58,0.00,1.32,3.25,0.64,0.61,0.08,20.84,1.58,3.89,15.30,13.22,11.40,38.06,5027.00,0.00,935.90,1538.00,491.50,532.50,223.40,29.69,-2601.00,0.00,-10490.00,245927.00,47230.00,69382.00,4178.00,194303.00,-16447.00,-64055.00
2023-08-20,-0.20,0.00,13.10,0.00,0.00,8.91,1.65,1.09,0.18,4.56,2.23,4.38,15.20,13.44,11.90,0.45,11339.00,0.48,0.00,4118.00,1427.00,953.00,496.80,79.37,5816.00,29.44,0.00,709065.00,274203.00,187028.00,18802.00,206896.00,-19683.00,-76344.00
2023-08-21,-0.33,-1.82,8.89,0.00,1.01,6.15,1.10,1.14,0.31,13.96,2.17,6.31,18.70,14.52,10.90,126.70,7417.00,1.24,717.20,2913.00,926.10,997.90,330.33,69.03,9088.00,176.80,39973.00,580449.00,92668.00,130954.00,35716.00,611832.00,-19050.00,-15254.00
2023-08-22,-1.18,-5.55,3.69,0.00,2.75,6.53,1.40,1.51,0.97,19.85,2.59,7.67,14.60,11.29,6.50,628.80,3138.00,3.00,1946.00,3189.00,1116.00,1324.00,250.69,89.56,48715.00,357.10,318476.00,842171.00,152210.00,162286.00,69468.00,919732.00,85368.00,236360.00
2023-08-23,-0.41,0.00,13.91,0.00,1.87,11.26,1.31,1.30,0.32,4.30,2.74,5.44,14.70,10.26,6.80,0.00,11552.00,5.59,1322.00,5510.00,1112.00,1135.00,490.92,135.08,25128.00,820.90,263646.00,1700238.00,239879.00,259488.00,52285.00,470509.00,134270.00,192493.00
2023-08-24,-1.02,-2.54,6.49,0.01,3.00,8.17,1.09,1.41,1.04,11.60,2.52,8.69,19.70,13.51,6.00,380.50,5532.00,10.08,2127.00,3989.00,850.40,1232.00,330.32,86.69,10226.00,-183.20,243881.00,862753.00,128910.00,82632.00,43666.00,663402.00,-14068.00,-223121.00
2023-08-25,-0.98,-2.01,4.84,0.00,2.74,9.05,1.09,1.14,0.75,10.99,2.87,7.41,23.00,15.37,10.40,335.80,3588.00,1.26,1944.00,4331.00,967.30,995.30,303.29,76.35,31021.00,131.50,196260.00,755227.00,126653.00,117589.00,33477.00,719864.00,45255.00,53726.00
2023-08-26,-0.28,-2.74,3.13,0.00,1.67,7.76,0.71,0.38,0.13,14.01,1.99,8.12,20.20,13.96,8.20,275.60,2680.00,0.00,1183.00,3775.00,537.10,332.40,235.94,66.75,-2534.00,0.00,58257.00,607655.00,67139.00,42302.00,11240.00,663169.00,-8036.00,-234474.00
2023-08-27,-0.24,-0.78,9.97,0.00,1.47,8.81,0.50,0.94,0.17,4.61,2.56,6.61,16.80,12.50,8.40,116.80,8603.00,0.00,1041.00,4257.00,399.70,822.80,433.47,81.79,4976.00,0.00,92847.00,791067.00,55227.00,123901.00,18174.00,336289.00,-2164.00,-13632.00
2023-08-28,-0.44,-0.88,9.37,0.00,1.84,12.14,1.20,1.44,0.31,2.23,3.34,8.22,21.30,13.13,6.30,187.30,8552.00,0.00,1306.00,5840.00,1135.00,1258.00,461.91,145.31,39135.00,0.00,253466.00,1760087.00,223037.00,261840.00,61670.00,312542.00,158318.00,362789.00
2023-08-29,-0.31,-2.37,4.25,0.00,0.46,2.71,1.15,0.03,0.29,23.25,1.61,6.48,25.90,19.28,14.40,99.51,3392.00,3.44,327.60,1286.00,1064.00,30.58,159.81,42.56,-1002.00,318.00,-637.30,194898.00,59966.00,3003.00,17331.00,672868.00,-37684.00,-245275.00
2023-08-30,-0.54,-2.18,3.19,0.10,1.20,6.75,2.11,0.86,0.48,17.50,1.84,7.19,16.00,13.67,10.50,194.70,2440.00,152.80,852.70,3178.00,1814.00,753.50,233.59,455.32,29602.00,333503.00,107850.00,3091663.00,4081728.00,536465.00,452424.00,4633800.00,154297.00,285002.00
2023-08-31,-0.36,-0.41,7.02,0.01,1.45,9.87,1.71,0.79,0.38,10.50,2.51,6.47,15.70,12.45,9.80,68.70,5080.00,18.02,1027.00,4948.00,1623.00,691.00,333.32,80.26,8488.00,4322.00,122354.00,790504.00,242328.00,104898.00,43767.00,671305.00,67387.00,178997.00
2023-09-01,-0.43,0.00,10.34,0.00,1.75,12.24,1.45,1.11,0.28,2.97,2.97,6.11,16.70,12.60,10.20,0.00,9025.00,0.00,1237.00,5904.00,1092.00,968.20,469.87,128.78,24860.00,0.00,263322.00,1635338.00,288704.00,215289.00,49621.00,433246.00,153642.00,280062.00
2023-09-02,-0.24,-1.08,4.67,0.00,1.45,6.03,1.50,0.74,0.17,9.59,2.89,8.84,21.50,14.55,6.40,99.97,4382.00,0.16,1030.00,2755.00,1247.00,650.30,288.23,104.72,4180.00,18.68,155707.00,767873.00,195733.00,130275.00,26618.00,859566.00,6003.00,-101657.00
2023-09-03,-0.25,-4.64,0.05,0.00,1.00,0.58,0.72,0.00,0.05,26.07,0.93,9.38,23.90,19.67,14.40,291.80,37.69,4.47,711.70,275.40,682.00,0.00,41.88,1.53,-39363.00,210.30,-45830.00,31397.00,-34303.00,0.00,865.10,-150503.00,-56736.00,-1895046.00
2023-09-04,-0.36,-3.66,3.20,0.02,0.59,3.41,1.99,0.90,0.38,22.10,1.21,7.88,21.40,14.61,10.50,197.50,2398.00,26.43,421.20,1500.00,1665.00,786.60,175.23,60.24,-10929.00,3671.00,-7416.00,574741.00,240940.00,181995.00,29663.00,15764.00,-26775.00,-314799.00
2023-09-05,-0.38,-3.76,3.59,0.00,0.83,8.87,0.84,1.05,0.31,14.30,2.76,9.12,16.10,12.39,9.20,406.50,2875.00,0.00,585.60,4156.00,671.40,916.20,234.47,75.22,-5417.00,0.04,134096.00,782386.00,70798.00,190720.00,22205.00,460023.00,-78138.00,-278920.00
2023-09-06,-0.42,-3.67,3.16,0.01,1.03,2.68,1.14,0.19,0.21,22.49,1.86,9.71,23.50,17.16,9.80,293.80,2470.00,13.84,733.30,1313.00,901.50,163.90,138.13,16.30,-22727.00,1621.00,2933.00,60592.00,21192.00,15698.00,8932.00,-70770.00,-111510.00,-1036776.00
2023-09-07,-0.24,-1.15,2.55,0.02,1.02,1.38,1.42,0.00,0.19,28.91,1.07,5.64,20.80,13.37,8.70,75.26,1501.00,26.95,724.10,653.20,1121.00,0.00,96.80,-22.77,-9638.00,-133.90,-27814.00,-34859.00,-30466.00,0.00,-3499.00,-682782.00,-75467.00,-349199.00
2023-09-08,-0.38,-2.10,3.66,0.03,1.21,2.69,1.19,0.82,0.26,26.20,1.71,7.57,12.90,10.32,6.20,88.65,2459.00,36.15,856.00,1276.00,1069.00,720.20,147.64,58.86,-14424.00,9010.00,65436.00,314675.00,69211.00,91489.00,28044.00,1107329.00,9886.00,-330176.00
2023-09-09,-0.35,-0.29,9.44,0.00,1.34,6.58,1.85,0.82,0.34,7.46,3.18,8.13,15.00,9.47,3.80,36.77,7057.00,0.00,949.40,3111.00,1791.00,714.30,353.06,83.59,2592.00,0.00,108471.00,696588.00,191497.00,118256.00,40646.00,620442.00,-76042.00,-263599.00
2023-09-10,-0.24,-1.84,4.91,0.00,1.66,6.15,0.58,0.66,0.10,9.34,3.61,9.42,19.00,12.24,4.60,156.70,4534.00,0.00,1174.00,2849.00,466.10,575.40,274.91,74.40,3980.00,0.00,140847.00,518334.00,61785.00,94022.00,12536.00,580707.00,44861.00,179907.00
2023-09-11,-0.34,-2.01,3.92,0.00,1.33,7.90,1.30,0.83,0.28,8.95,3.77,9.81,21.70,16.02,10.40,242.70,3560.00,1.04,943.40,3628.00,972.80,727.20,268.29,115.28,12272.00,106.90,165788.00,935535.00,248172.00,167226.00,36700.00,787919.00,149256.00,398893.00
2023-09-12,-0.33,-0.45,7.45,0.00,1.14,6.73,1.22,0.54,0.13,6.69,2.74,9.60,23.50,17.45,10.90,47.65,6250.00,0.00,807.60,3112.00,993.60,471.00,326.73,105.82,11155.00,0.00,93999.00,874281.00,152574.00,91492.00,14927.00,535876.00,-75985.00,-401744.00
2023-09-13,-1.14,-2.74,5.50,0.00,1.44,6.07,0.69,0.48,0.93,10.65,3.44,9.41,27.20,18.86,9.60,246.00,5010.00,0.96,1018.00,2786.00,564.80,420.40,275.11,101.96,51630.00,148.40,141625.00,792074.00,59021.00,65160.00,48046.00,786190.00,26567.00,30813.00
2023-09-14,-0.94,-8.76,0.96,0.00,1.00,0.50,0.68,0.00,0.80,32.74,1.11,8.39,28.80,22.48,13.50,347.90,526.50,0.54,705.70,235.40,645.50,0.00,48.43,-14.14,-40733.00,0.49,-21683.00,11124.00,-15883.00,0.00,-32224.00,-571744.00,-43733.00,-449952.00
2023-09-15,-0.56,-1.70,8.73,0.00,0.94,6.03,0.92,0.46,0.33,6.50,2.58,10.06,20.80,15.34,11.40,123.50,6405.00,0.67,666.80,2818.00,822.00,405.80,320.51,82.56,19166.00,30.31,86052.00,614045.00,96904.00,52131.00,36989.00,171367.00,-29902.00,-350515.00
2023-09-16,-0.67,-0.78,8.54,0.00,1.26,5.21,0.44,0.00,0.65,5.81,1.39,10.15,24.50,16.21,8.00,121.80,5597.00,6.42,891.30,2468.00,425.20,0.00,289.59,42.48,-23607.00,957.50,49130.00,322177.00,6405.00,0.00,17208.00,105220.00,-63884.00,-597320.00
2023-09-17,-0.47,-6.14,4.11,0.00,1.14,4.74,0.33,0.00,0.36,18.04,1.16,9.02,30.50,20.58,10.00,486.10,3119.00,0.77,808.10,2243.00,300.20,0.00,185.35,27.58,-11904.00,7.99,12966.00,190866.00,-7185.00,0.00,23180.00,367187.00,-31631.00,-515622.00
2023-09-18,-1.04,-6.58,1.82,0.00,1.15,4.71,1.01,0.59,0.96,22.82,2.32,7.21,24.70,18.97,15.10,418.30,1519.00,0.61,814.00,2130.00,748.20,516.90,151.92,66.06,20374.00,58.93,82055.00,525556.00,169041.00,37362.00,77162.00,681673.00,102090.00,260699.00
2023-09-19,-0.62,-2.57,6.92,0.03,1.72,3.21,0.15,0.08,0.43,13.82,2.06,9.60,20.90,16.88,13.00,147.80,4675.00,52.08,1221.00,1489.00,143.80,65.98,215.13,70.55,-16301.00,7244.00,69611.00,394898.00,27715.00,15832.00,39069.00,428556.00,-80495.00,-424120.00
2023-09-20,-0.66,-4.35,1.04,0.00,1.97,0.00,0.11,0.00,0.54,28.90,1.23,7.46,17.40,14.87,13.40,178.90,783.50,4.09,1397.00,0.00,96.94,0.00,58.02,-3.02,-26950.00,301.30,-25048.00,0.00,5473.00,0.00,12699.00,-319748.00,-23513.00,-311193.00
2023-09-21,-0.56,-0.88,3.47,0.02,1.65,1.98,1.53,0.00,0.43,15.57,3.36,9.06,17.80,14.19,11.00,69.76,2777.00,24.80,1167.00,831.60,1332.00,0.00,170.12,86.06,10150.00,4606.00,131691.00,363144.00,266854.00,0.00,96921.00,980147.00,92129.00,251838.00
2023-09-22,-0.51,-2.24,2.33,0.00,1.13,3.23,2.22,0.29,0.35,14.13,4.02,10.74,20.40,14.35,7.40,211.90,1834.00,0.41,797.90,1504.00,1985.00,256.90,172.74,69.94,15810.00,17.59,65378.00,258377.00,163275.00,31930.00,34355.00,934880.00,87196.00,183370.00
2023-09-23,-0.50,-1.47,3.46,0.00,1.13,1.71,0.90,0.30,0.41,13.71,2.23,10.77,23.00,17.90,13.30,216.40,2939.00,0.62,797.50,810.10,817.50,258.40,165.63,57.53,-13093.00,17.49,14880.00,138903.00,41892.00,30821.00,29448.00,702795.00,-43872.00,-703502.00
2023-09-24,-0.58,-1.24,3.08,0.01,0.99,1.91,1.21,0.47,0.39,14.66,1.26,10.63,27.50,21.18,11.60,98.80,2540.00,9.21,698.00,878.30,1109.00,409.10,169.15,95.61,-1036.00,5330.00,44832.00,311497.00,125500.00,55904.00,42729.00,808362.00,-25058.00,-643902.00
2023-09-25,-0.52,-2.80,4.65,0.02,0.99,3.51,2.43,0.33,0.39,12.31,3.84,10.28,23.20,16.69,11.10,181.10,3613.00,26.14,698.20,1583.00,2295.00,286.10,234.96,94.50,5838.00,3734.00,70114.00,427329.00,272936.00,40407.00,45404.00,827594.00,-867.10,-47780.00
2023-09-26,-0.52,-2.09,6.37,0.02,1.21,3.92,3.17,0.59,0.44,8.66,3.23,10.81,20.00,14.45,7.60,154.10,5496.00,27.54,857.20,1812.00,3047.00,516.60,324.03,104.41,12058.00,2596.00,116361.00,460169.00,347881.00,84481.00,55779.00,840555.00,57296.00,135063.00
2023-09-27,-0.52,-3.07,2.96,0.00,1.22,3.60,1.87,0.16,0.38,17.40,3.39,9.11,18.40,14.43,11.00,182.80,2483.00,1.53,863.30,1704.00,1833.00,141.60,187.57,59.15,-6299.00,53.27,59503.00,275754.00,122284.00,17252.00,33122.00,856992.00,-40325.00,-205310.00
2023-09-28,-0.55,-1.28,4.78,0.00,1.25,3.44,2.35,0.42,0.43,11.97,2.81,10.89,22.20,15.54,7.10,105.60,4051.00,3.32,888.40,1629.00,2124.00,362.90,245.17,76.87,2402.00,45.54,84355.00,325481.00,230780.00,65825.00,59057.00,634292.00,5940.00,-212086.00
2023-09-29,-0.55,-0.03,7.45,0.05,1.22,3.94,1.88,0.46,0.36,9.93,1.70,10.87,28.70,20.60,10.50,3.85,5877.00,74.94,861.50,1748.00,1761.00,399.80,287.48,65.58,-15895.00,6700.00,62338.00,440682.00,191338.00,65493.00,40996.00,384104.00,-15475.00,-429321.00
2023-09-30,-0.55,-3.62,3.45,0.01,1.00,0.61,1.12,0.00,0.38,21.87,1.01,11.09,31.10,23.22,12.10,182.60,2376.00,8.35,706.80,278.10,990.00,0.00,114.86,22.89,-33705.00,1090.00,3077.00,42020.00,39016.00,0.00,29135.00,-38647.00,-23210.00,-718876.00
2023-10-01,-0.46,-1.87,2.86,0.00,0.99,2.52,0.52,0.00,0.34,16.61,0.83,10.33,23.60,16.51,12.20,231.80,1830.00,0.88,699.40,1194.00,493.50,0.00,122.03,-7.39,-28329.00,-9.23,-22243.00,109526.00,-26063.00,0.00,8692.00,-190507.00,-26257.00,-551243.00
2023-10-02,-0.51,-4.77,0.25,0.00,0.99,2.45,0.52,0.00,0.40,23.63,0.83,10.86,31.00,21.29,9.80,360.40,178.20,1.31,701.10,1162.00,490.60,0.00,62.70,17.65,-34826.00,-4.32,-1396.00,99593.00,-9277.00,0.00,13434.00,194278.00,-19345.00,-700770.00
2023-10-03,-0.40,-3.14,2.87,0.00,1.15,3.34,1.98,0.00,0.27,19.32,1.47,8.03,19.40,15.35,10.50,237.30,2067.00,0.67,812.70,1583.00,1613.00,0.00,167.38,53.88,14843.00,36.47,62571.00,267104.00,118784.00,0.00,18450.00,969055.00,55435.00,322610.00
2023-10-04,-0.50,-3.55,3.60,0.00,1.08,4.64,0.50,0.00,0.18,19.38,1.35,9.75,15.50,11.99,8.20,253.40,2913.00,0.10,769.10,2197.00,509.80,0.00,168.47,47.65,-29833.00,-0.83,38629.00,331943.00,-7010.00,0.00,9107.00,510737.00,-7089.00,-435612.00
2023-10-05,-0.21,-0.07,9.26,0.00,1.20,4.22,0.73,0.00,0.12,15.38,3.11,4.86,16.30,13.70,11.30,2.68,6297.00,0.25,852.30,1998.00,641.20,0.00,253.49,30.23,-4833.00,5.24,39559.00,252841.00,24338.00,0.00,3267.00,423529.00,-37950.00,-56114.00
2023-10-06,-0.31,-2.29,5.27,0.01,0.75,4.48,0.91,0.08,0.19,13.71,3.82,9.75,17.80,13.88,9.80,144.00,4276.00,8.60,530.80,2124.00,822.10,71.05,211.43,48.46,-2174.00,33.18,24469.00,265592.00,42800.00,6748.00,12080.00,593033.00,3730.00,-6856.00
2023-10-07,-0.19,-4.98,0.22,0.00,0.32,2.79,0.72,0.00,0.23,20.73,3.52,10.57,18.40,13.99,10.70,336.80,195.40,0.47,228.00,1323.00,684.10,2.98,61.80,40.68,997.90,9.66,330.40,131227.00,22397.00,0.63,13271.00,797275.00,30296.00,91627.00
2023-10-08,-0.37,-3.42,2.42,0.00,0.35,3.38,0.74,0.30,0.24,13.75,3.90,11.08,20.50,15.45,8.60,267.90,2338.00,0.49,246.10,1600.00,684.50,263.00,150.26,53.52,-3601.00,11.28,-2223.00,203839.00,32248.00,30564.00,18739.00,676560.00,810.70,-39897.00
2023-10-09,-0.42,-2.62,1.26,0.00,0.30,4.40,0.82,0.28,0.31,16.65,3.40,11.54,24.40,16.55,9.50,191.50,1212.00,0.41,215.70,2086.00,726.30,248.70,119.54,56.44,-1708.00,14.92,507.40,278394.00,47536.00,25549.00,28999.00,901106.00,51602.00,91162.00
2023-10-10,-0.42,-0.83,4.87,0.00,0.78,4.78,1.21,0.31,0.38,10.50,2.97,11.51,26.60,18.11,8.90,84.55,4378.00,2.67,556.00,2262.00,1121.00,270.60,235.97,83.41,15912.00,251.20,65055.00,476259.00,105563.00,43764.00,50798.00,682389.00,113201.00,458404.00
2023-10-11,-0.42,-5.69,3.04,0.00,1.48,0.50,0.86,0.00,0.27,28.23,1.20,10.74,32.00,23.10,15.70,273.30,2432.00,2.91,1047.00,237.90,687.50,0.00,102.80,17.10,-12032.00,26.46,8445.00,37125.00,10705.00,0.00,9571.00,140343.00,-33818.00,-468159.00
2023-10-12,-0.48,-7.84,0.85,0.01,1.98,0.00,0.00,0.00,0.31,31.83,1.34,10.22,18.00,15.02,10.10,301.60,602.40,11.05,1401.00,1.99,2.26,0.00,44.93,-1.53,-18180.00,-171.60,-28469.00,-80.34,-35.64,0.00,9055.00,-292041.00,-74999.00,-630604.00
2023-10-13,-0.38,-2.34,3.73,0.00,1.42,2.17,0.08,0.00,0.30,20.66,3.56,7.59,17.70,14.61,13.20,101.40,2713.00,0.48,1009.00,1028.00,65.94,0.00,128.16,11.40,-4920.00,-4.67,-986.80,52206.00,1579.00,0.00,9089.00,198892.00,-81479.00,-187843.00
2023-10-14,-0.38,-1.02,5.79,0.00,1.35,1.35,0.47,0.00,0.26,16.82,1.96,7.89,18.60,14.92,13.30,69.18,4229.00,0.33,959.40,640.90,374.40,0.00,177.87,3.20,-20262.00,-6.52,-28741.00,50381.00,2171.00,0.00,9719.00,-51469.00,-90382.00,-451262.00
2023-10-15,-0.15,-3.48,5.27,0.00,1.64,1.42,0.13,0.00,0.12,18.75,3.02,7.37,17.50,14.52,12.00,151.10,5127.00,0.33,1159.00,671.20,100.40,0.00,202.64,36.66,-1592.00,5.11,35546.00,64962.00,13439.00,0.00,8587.00,579229.00,-32005.00,-150321.00
2023-10-16,-0.53,-4.36,1.05,0.00,1.66,1.29,0.00,0.00,0.34,27.42,3.22,8.67,17.50,13.78,8.80,184.00,758.70,0.08,1176.00,611.80,2.26,0.00,61.02,5.23,-20567.00,2.17,-20519.00,61319.00,-9.07,0.00,14188.00,29998.00,-123074.00,-357058.00
2023-10-17,-0.34,-4.34,3.91,0.00,1.34,2.79,0.32,0.10,0.23,16.94,4.13,12.13,19.60,13.70,6.20,280.10,3341.00,0.35,948.50,1321.00,252.60,83.66,152.33,53.23,7441.00,13.89,41577.00,177970.00,25661.00,10745.00,19150.00,729775.00,56903.00,126352.00
2023-10-18,-0.35,-1.51,6.22,0.00,1.55,4.37,0.36,0.31,0.29,9.47,4.18,12.13,26.30,19.52,8.80,126.60,5435.00,0.88,1101.00,2013.00,326.20,272.60,243.67,86.11,12991.00,68.12,117896.00,517540.00,57096.00,76269.00,51629.00,609917.00,132581.00,403666.00
2023-10-19,-0.47,-1.13,7.66,0.02,0.98,6.79,1.18,0.18,0.28,6.96,4.20,12.14,31.20,23.68,13.10,82.06,6449.00,20.04,695.50,3256.00,1197.00,155.50,301.31,89.48,14382.00,1633.00,71379.00,706335.00,187468.00,36161.00,33762.00,373333.00,148984.00,417682.00
2023-10-20,-0.44,-5.82,2.67,0.00,0.64,1.65,0.85,0.00,0.38,25.88,2.81,10.04,24.50,20.69,15.60,224.40,2140.00,0.54,452.40,871.90,784.10,0.00,104.14,35.72,-5674.00,9.98,10462.00,85380.00,25503.00,0.00,13629.00,721796.00,606.00,-130347.00
2023-10-21,-0.56,-7.98,0.04,0.00,0.99,0.00,0.72,0.00,0.25,30.93,0.83,9.93,17.70,14.83,12.70,336.70,25.64,0.20,699.60,0.00,684.00,0.00,30.52,-14.30,-36979.00,-9.33,-32069.00,0.00,-23277.00,0.00,-3288.00,-620176.00,-51648.00,-865783.00
2023-10-22,-0.31,-2.54,2.89,0.00,0.99,2.19,0.47,0.00,0.29,18.42,1.41,10.08,17.50,13.85,9.30,173.20,1727.00,0.46,698.40,1039.00,448.90,0.00,110.35,1.82,-11780.00,-6.18,-12619.00,99960.00,-16441.00,0.00,7855.00,-223992.00,-52802.00,-463425.00
2023-10-23,-0.51,-5.02,4.65,0.00,1.21,3.74,0.37,0.14,0.35,18.13,3.33,11.49,25.40,17.11,6.30,266.40,3454.00,0.90,854.90,1772.00,336.50,123.10,165.71,21.34,-16235.00,4.78,20485.00,180800.00,3409.00,9330.00,22532.00,-96358.00,12754.00,-132127.00
2023-10-24,-0.38,-5.08,0.40,0.00,1.25,0.14,0.51,0.00,0.19,30.26,0.61,10.60,22.80,16.22,11.60,227.50,207.30,0.39,886.50,67.19,481.10,0.27,36.77,-38.82,-26243.00,-17.00,-65769.00,-7982.00,-18420.00,-28.10,-2794.00,-1284498.00,-35333.00,-743888.00
2023-10-25,-0.45,-4.37,1.32,0.00,0.99,0.18,0.71,0.00,0.49,28.40,1.22,10.97,14.80,11.74,6.90,191.00,908.30,0.00,699.80,84.63,666.10,0.00,54.94,15.06,-19701.00,0.00,596.30,8700.00,941.70,0.00,21776.00,259036.00,-48415.00,-556077.00
2023-10-26,-0.51,-3.80,0.65,0.00,0.66,3.87,0.36,0.12,0.35,23.23,3.41,10.69,18.10,11.82,5.40,222.70,493.20,5.51,467.60,1835.00,335.00,101.70,77.23,24.76,-11815.00,-184.20,1154.00,167579.00,-5800.00,8036.00,18961.00,496660.00,-103611.00,-402081.00
2023-10-27,-0.47,-2.56,1.56,0.05,0.00,7.12,1.70,0.72,0.38,13.97,1.92,12.64,23.90,17.03,9.70,343.40,1249.00,77.98,0.00,3358.00,1532.00,628.90,175.63,64.80,-13801.00,12816.00,0.00,455284.00,220772.00,121639.00,46862.00,506387.00,-1161.00,-371567.00
2023-10-28,-0.44,-5.06,2.61,0.00,0.88,3.00,0.39,0.05,0.31,20.45,1.13,12.33,28.00,19.52,11.20,344.50,2063.00,1.05,622.40,1424.00,379.20,42.39,117.46,5.90,-28772.00,-35.99,-15576.00,126806.00,-20448.00,6865.00,13290.00,-384282.00,-60627.00,-936625.00
2023-10-29,-0.53,-0.94,4.84,0.03,1.13,4.39,0.99,0.04,0.34,10.51,1.02,11.74,19.80,14.25,8.30,134.30,4676.00,44.37,800.10,2066.00,968.90,37.51,252.14,69.15,-88208.00,13903.00,10388.00,360982.00,109882.00,7035.00,59145.00,359808.00,8573.00,-1420502.00
2023-10-30,-0.51,-3.26,4.34,0.00,1.34,5.11,0.00,0.00,0.17,18.39,1.08,10.96,19.30,15.64,12.10,313.10,3842.00,0.55,951.80,2419.00,2.26,0.00,183.45,-9.04,-38071.00,-34.12,-26955.00,-27347.00,-50.16,0.00,-4718.00,-562977.00,-49229.00,-624362.00
2023-10-31,-0.28,-2.65,4.26,0.00,1.11,4.76,0.35,0.58,0.40,16.00,2.36,11.12,17.90,14.20,11.00,456.20,2862.00,0.35,783.40,2408.00,283.60,504.40,168.00,27.76,-7889.00,1.92,19523.00,174598.00,23279.00,63785.00,29698.00,592878.00,-84641.00,-550850.00
2023-11-01,-0.53,-6.12,0.81,0.00,1.21,6.08,0.31,0.30,0.20,17.38,4.52,13.04,21.30,14.53,7.80,752.20,744.00,0.39,859.10,3137.00,235.90,263.10,120.65,44.19,7858.00,12.15,49683.00,252108.00,2868.00,31882.00,8916.00,711157.00,32599.00,30645.00
2023-11-02,-0.30,-1.97,2.52,0.00,1.21,6.03,0.77,0.31,0.26,13.42,2.77,12.41,24.10,17.06,10.00,314.50,1968.00,0.61,854.70,3121.00,601.40,272.40,173.73,82.37,10948.00,24.19,89752.00,478155.00,77627.00,35184.00,29981.00,1073839.00,60116.00,248774.00
2023-11-03,-0.92,-1.68,2.91,0.00,1.69,2.38,0.03,0.00,0.95,16.80,3.18,11.96,22.40,15.42,10.60,108.90,2284.00,0.46,1200.00,1207.00,34.23,0.00,123.75,34.49,-36175.00,-6.04,15996.00,136814.00,1854.00,0.00,-23434.00,613592.00,-77228.00,-424452.00
2023-11-04,-0.48,-2.13,0.82,0.00,1.98,0.00,0.05,0.00,0.28,20.63,1.03,12.25,22.90,16.00,11.30,209.40,600.30,0.43,1401.00,0.00,59.49,0.00,53.81,-3.16,-59082.00,-18.60,-62035.00,0.00,-3352.00,0.00,-345.30,-13624.00,-55301.00,-1073244.00
2023-11-05,-0.42,-0.13,4.06,0.00,1.68,1.00,0.19,0.00,0.37,13.43,1.18,12.01,25.20,17.80,9.60,31.69,3222.00,0.55,1187.00,474.00,186.40,0.00,150.98,14.42,-65996.00,-9.61,-82013.00,62131.00,13624.00,0.00,18085.00,246401.00,-56315.00,-1284004.00
2023-11-06,-0.45,-0.74,6.23,0.00,0.99,3.75,0.62,0.20,0.28,11.21,3.40,12.77,25.30,18.63,10.60,56.19,4707.00,0.67,698.30,1778.00,600.60,173.10,206.55,41.95,-22197.00,20.30,22333.00,273232.00,19553.00,22647.00,24903.00,621764.00,-96292.00,-338953.00
2023-11-07,-0.39,-3.35,3.37,0.00,1.12,5.39,0.74,0.23,0.21,12.87,4.23,13.06,26.00,18.52,10.30,200.20,2845.00,4.33,790.50,2554.00,772.50,202.60,185.93,76.17,764.50,673.20,69216.00,551347.00,63965.00,20910.00,26264.00,860254.00,-32588.00,-156534.00
2023-11-08,-0.54,-1.64,3.61,0.00,1.26,5.95,1.12,0.56,0.34,10.48,3.04,12.00,27.00,18.24,9.50,127.70,2962.00,0.74,893.60,2803.00,1057.00,489.00,223.20,83.91,8862.00,36.72,97043.00,656957.00,78222.00,66437.00,33984.00,887017.00,-8510.00,127503.00
2023-11-09,-0.34,-1.34,2.96,0.14,1.68,6.11,2.50,0.74,0.25,8.50,3.94,12.59,30.40,21.15,11.10,139.60,2789.00,196.30,1187.00,2818.00,2380.00,647.00,261.86,468.35,27528.00,177887.00,1218253.00,2332729.00,2329759.00,782470.00,310638.00,2572749.00,556255.00,1030478.00
2023-11-10,-0.61,-3.07,1.68,0.00,2.94,6.44,0.71,0.77,0.68,23.51,3.32,11.73,39.90,29.20,16.40,322.50,1132.00,3.42,2086.00,3070.00,526.10,670.10,148.94,67.58,-11467.00,144.00,296354.00,675381.00,113669.00,126897.00,80867.00,1194300.00,1931.00,213193.00
2023-11-11,-0.53,-2.43,2.35,0.00,1.69,2.23,0.00,0.00,0.32,19.23,1.39,11.73,22.60,17.75,12.30,200.80,1496.00,0.82,1197.00,1056.00,2.28,0.00,98.71,13.32,-24074.00,-17.06,-23732.00,123713.00,-11.99,0.00,16211.00,157557.00,-56649.00,-635352.00
2023-11-12,-0.49,-0.90,2.76,0.00,1.40,3.57,0.00,0.00,0.19,17.90,1.25,7.88,18.70,14.29,9.30,60.42,2042.00,0.30,991.10,1690.00,2.28,0.00,139.00,10.54,-37263.00,-9.93,-24966.00,175327.00,-3.71,0.00,7282.00,285143.00,-50383.00,-545166.00
2023-11-13,-0.50,-0.76,5.89,0.00,0.79,4.40,0.94,0.10,0.33,12.84,2.83,10.02,20.90,15.78,8.80,64.31,4617.00,3.85,560.00,2084.00,820.80,84.82,219.79,82.77,8309.00,384.70,27628.00,552207.00,82441.00,10934.00,29650.00,837637.00,-1544.00,584542.00
2023-11-14,-0.27,-0.44,5.42,0.00,0.50,9.20,0.91,0.54,0.38,9.87,2.68,7.24,20.10,16.38,12.50,81.62,4786.00,0.26,355.90,4346.00,682.70,475.00,293.11,121.82,27009.00,14.49,69890.00,1096659.00,143342.00,73816.00,58842.00,1221704.00,227526.00,510889.00
2023-11-15,-0.62,-0.66,4.77,0.00,1.27,6.25,0.63,0.51,0.45,8.16,2.53,12.56,23.30,15.97,9.40,119.10,4358.00,0.60,899.60,2820.00,550.60,444.80,249.81,110.99,-779.10,5.87,117403.00,883611.00,46158.00,84827.00,59917.00,910942.00,3767.00,-71947.00
2023-11-16,-0.60,-3.78,1.33,0.00,2.36,4.29,0.45,1.01,0.42,16.98,1.84,12.20,21.20,16.32,12.50,537.60,1119.00,0.00,1675.00,2034.00,361.30,887.10,151.68,69.70,-7944.00,0.00,164188.00,408824.00,13308.00,118371.00,41237.00,1047948.00,-72412.00,-531476.00
2023-11-17,-0.52,-5.16,0.11,0.00,1.37,3.93,0.48,0.78,0.35,17.26,4.11,13.56,24.40,16.30,9.70,635.80,95.68,3.89,967.60,1862.00,422.70,680.60,93.67,60.49,-1118.00,33.95,71544.00,317012.00,3711.00,60230.00,24348.00,1109099.00,-122101.00,-447169.00
2023-11-18,-0.48,-0.02,5.09,0.00,1.35,4.37,0.59,0.63,0.41,8.48,1.53,11.80,25.70,18.42,9.80,3.38,4625.00,0.00,956.20,2071.00,510.30,554.00,258.12,69.75,-19778.00,0.00,78515.00,457774.00,24577.00,82123.00,43280.00,636799.00,-18112.00,-448373.00
2023-11-19,-0.49,-2.36,2.84,0.00,1.05,4.84,0.72,0.45,0.34,12.60,1.59,12.77,24.00,19.78,13.60,321.40,3106.00,0.00,746.00,2295.00,619.40,395.40,199.13,67.63,-35399.00,0.00,30858.00,463961.00,25749.00,44566.00,24563.00,799344.00,-31074.00,-923274.00
2023-11-20,-0.51,-1.62,2.62,0.00,1.23,6.50,0.80,1.22,0.24,11.66,3.30,11.74,26.30,18.35,12.90,158.30,2411.00,0.00,868.90,3079.00,669.00,1068.00,213.49,109.92,21989.00,0.00,127244.00,809217.00,89585.00,172227.00,30130.00,1180196.00,192165.00,701161.00
2023-11-21,-0.34,-4.14,1.69,0.00,1.34,4.36,0.74,0.31,0.36,17.29,3.21,12.92,23.50,17.11,11.10,276.30,1646.00,0.00,952.00,2064.00,637.00,270.70,140.25,62.46,-4564.00,0.00,68190.00,446414.00,41908.00,37180.00,26520.00,718957.00,-59028.00,-510184.00
2023-11-22,-0.49,-4.59,0.40,0.00,1.75,1.48,0.00,0.39,0.41,24.37,1.56,12.96,24.90,18.62,14.00,312.40,296.90,0.04,1243.00,698.50,2.25,337.60,59.24,34.97,-21787.00,2.17,20334.00,47354.00,32.42,39791.00,31404.00,719131.00,-61255.00,-647980.00
2023-11-23,-0.41,-0.46,5.54,0.00,1.75,2.35,0.07,0.00,0.23,23.96,1.29,2.80,17.90,16.29,14.70,37.89,4224.00,0.00,1242.00,1116.00,57.75,0.00,177.78,46.47,6105.00,0.00,80340.00,153484.00,6088.00,0.00,15758.00,1181358.00,24806.00,61518.00
2023-11-24,-0.49,-2.16,5.99,0.00,1.41,6.68,0.00,0.44,0.39,10.44,4.03,8.52,20.70,17.18,14.60,180.20,4754.00,0.00,998.20,3258.00,2.24,385.50,261.49,67.43,13733.00,0.00,85975.00,507313.00,158.70,43474.00,30789.00,644971.00,184192.00,376891.00
2023-11-25,-0.46,-4.45,4.19,0.00,1.20,5.99,0.28,0.59,0.30,12.27,3.59,9.25,20.80,17.45,14.70,489.80,3564.00,0.00,851.50,2913.00,268.20,513.00,232.66,34.45,-14386.00,0.00,28524.00,379520.00,-13064.00,43012.00,20295.00,164366.00,-118810.00,-437216.00
2023-11-26,-0.43,-1.83,3.04,0.00,1.01,1.59,0.51,0.28,0.38,14.75,3.62,9.31,22.90,17.90,14.80,118.60,2513.00,0.00,716.80,754.40,488.30,241.30,142.58,27.73,-10066.00,0.00,14292.00,74258.00,179.60,20228.00,24471.00,515004.00,-106033.00,-319036.00
2023-11-27,-0.49,-5.86,0.25,0.00,0.74,0.93,0.72,0.00,0.24,27.29,1.62,12.49,25.50,18.33,13.80,320.50,212.40,0.00,523.20,439.30,685.40,0.00,40.61,23.56,-21914.00,0.00,-5438.00,39077.00,3652.00,0.00,7665.00,503474.00,-64590.00,-583939.00
2023-11-28,-0.23,-2.02,3.86,0.07,0.58,2.11,1.02,0.00,0.23,24.94,2.18,4.45,19.20,15.06,11.80,132.10,3198.00,110.70,413.90,1001.00,975.60,0.00,149.63,116.46,40539.00,6471.00,92902.00,123431.00,222743.00,0.00,29888.00,2615063.00,476197.00,4108347.00
2023-11-29,-0.49,-1.20,4.37,0.07,0.80,0.64,0.72,0.00,0.14,20.19,1.62,10.78,23.40,18.53,14.80,76.77,2723.00,99.14,569.10,302.50,685.00,0.00,114.31,-2.58,-26371.00,231.70,-17944.00,9971.00,-10092.00,0.00,-604.00,-121357.00,-83062.00,-570804.00
2023-11-30,-0.23,-3.10,5.05,0.06,0.68,2.12,0.94,0.00,0.26,15.43,3.40,12.17,26.80,20.06,16.00,230.40,3167.00,96.54,483.90,1002.00,810.80,0.00,144.88,8.37,-8608.00,2443.00,-5452.00,41886.00,-17860.00,0.00,9974.00,97831.00,-99351.00,-361971.00
2023-12-01,-0.38,-2.62,3.84,0.00,0.98,1.96,0.34,0.00,0.31,16.63,3.44,11.57,24.60,18.52,12.90,143.30,2875.00,0.00,697.40,929.40,328.10,0.00,129.87,32.70,-13136.00,0.00,20446.00,93045.00,-3135.00,0.00,22102.00,489376.00,-27266.00,-223178.00
2023-12-02,-0.48,-2.17,4.52,0.00,1.11,3.68,0.28,0.00,0.30,13.10,3.91,9.29,21.10,16.99,13.60,158.70,3677.00,0.00,785.60,1743.00,267.10,0.00,188.34,33.68,-8629.00,0.00,29370.00,186617.00,-3759.00,0.00,18133.00,385066.00,-53526.00,-141651.00
2023-12-03,-0.44,-0.96,7.21,0.00,1.19,4.73,0.57,0.23,0.38,5.57,2.40,12.67,27.60,19.08,10.10,147.30,6214.00,0.00,840.20,2241.00,555.30,202.90,295.35,54.55,-22957.00,0.00,35660.00,349769.00,8861.00,23454.00,31325.00,208277.00,-79703.00,-767538.00
2023-12-04,-0.44,-0.58,5.98,0.03,1.19,5.92,0.75,0.38,0.25,13.90,3.84,12.54,35.40,26.06,18.30,44.57,4990.00,51.86,844.60,2901.00,595.50,329.30,220.90,57.16,-19271.00,4660.00,65298.00,643602.00,-4399.00,50390.00,31115.00,456730.00,-37283.00,-207519.00
2023-12-05,-0.47,-0.51,6.71,0.03,1.23,6.67,0.19,0.25,0.31,13.81,3.27,7.17,27.20,22.48,17.50,46.01,6126.00,50.64,872.00,3250.00,154.70,219.50,274.85,79.21,11869.00,3149.00,97150.00,579461.00,19602.00,23170.00,32238.00,1086343.00,145822.00,378729.00
2023-12-06,-0.35,-0.30,2.65,0.07,1.52,5.50,0.66,0.47,0.27,15.59,3.52,9.83,29.20,22.18,15.10,35.75,2304.00,74.62,1074.00,2606.00,588.00,408.60,178.08,76.53,7075.00,9623.00,111019.00,517331.00,52362.00,63573.00,32633.00,1238669.00,81187.00,239902.00
2023-12-07,-0.22,-1.70,1.51,0.05,1.80,8.49,1.29,1.04,0.19,18.51,2.49,5.64,31.50,24.82,19.60,539.70,1379.00,50.05,1274.00,4109.00,968.60,908.70,208.43,112.15,18341.00,7609.00,228451.00,1022962.00,195808.00,156557.00,26986.00,2009579.00,225920.00,573644.00
2023-12-08,-0.53,-0.14,6.36,0.02,1.88,9.44,1.04,1.09,0.37,17.21,1.30,4.59,32.50,27.04,19.00,38.85,4148.00,24.18,1332.00,4608.00,938.30,954.80,280.69,431.17,375368.00,100969.00,636967.00,2353304.00,1345140.00,250175.00,263740.00,7420307.00,978911.00,4321918.00
2023-12-09,-0.47,-0.55,3.90,0.00,1.09,5.02,0.92,0.02,0.26,20.60,0.75,1.91,19.40,15.91,14.30,97.19,3223.00,0.00,774.00,2461.00,843.80,13.17,215.82,56.90,11107.00,0.00,66675.00,421604.00,43235.00,1071.00,14374.00,1043720.00,28738.00,80790.00
2023-12-10,-0.38,-0.40,3.58,0.00,0.99,0.01,0.73,0.00,0.20,25.50,0.69,3.09,17.00,15.09,13.40,16.54,2394.00,0.00,700.20,5.04,696.10,0.00,111.09,16.90,-2758.00,0.00,14848.00,305.90,11001.00,0.00,8339.00,386784.00,-4198.00,-21634.00
2023-12-11,-0.28,-0.01,7.57,0.30,1.77,3.50,2.12,1.14,0.32,12.92,2.85,4.56,25.30,19.69,16.40,1.48,5425.00,435.70,1253.00,1615.00,2271.00,996.70,326.24,100.63,28657.00,53554.00,182785.00,377954.00,264277.00,130010.00,44055.00,1157036.00,316753.00,434404.00
2023-12-12,-0.49,-1.66,8.04,0.00,1.46,7.76,0.60,0.98,0.33,7.17,3.26,9.06,25.10,20.80,17.90,317.10,5974.00,0.00,1034.00,3764.00,458.20,856.10,322.32,88.10,7708.00,0.00,137939.00,761915.00,83877.00,129747.00,54770.00,499567.00,102646.00,215236.00
2023-12-13,-0.52,-3.90,1.18,0.00,1.51,5.43,0.70,0.25,0.39,19.67,3.35,8.14,23.30,20.17,16.80,443.00,956.40,0.00,1073.00,2572.00,616.10,216.20,137.88,62.80,22382.00,0.00,90617.00,345339.00,54363.00,19801.00,27491.00,1092594.00,107876.00,214582.00
2023-12-14,-0.47,-3.81,1.49,0.00,1.48,4.47,0.42,0.69,0.28,19.18,3.39,9.17,21.80,18.11,16.10,300.80,1158.00,0.00,1045.00,2188.00,401.80,599.20,140.27,45.03,-15976.00,0.00,92032.00,472413.00,-112.40,93041.00,36648.00,508846.00,-103934.00,-290696.00
2023-12-15,-0.45,-3.44,4.17,0.00,1.22,6.63,0.49,0.00,0.36,10.26,3.64,12.94,20.80,17.20,12.70,277.60,3659.00,0.00,863.70,3241.00,455.90,0.00,221.68,66.47,-22321.00,0.00,52852.00,655746.00,-163.50,0.00,32099.00,263509.00,-99798.00,-587307.00
2023-12-16,-0.45,-2.64,2.94,0.00,1.13,4.64,0.28,0.00,0.32,12.56,2.23,12.19,21.50,17.49,14.10,217.50,2384.00,0.00,800.70,2197.00,264.40,0.00,163.49,29.68,-24946.00,0.00,13878.00,253508.00,-16358.00,0.00,21258.00,211245.00,-97642.00,-613070.00
2023-12-17,-0.46,-1.79,6.04,0.00,0.71,5.02,1.26,0.23,0.35,7.93,2.61,12.77,28.70,21.04,10.60,164.80,5569.00,0.00,504.10,2379.00,1080.00,197.50,275.85,77.83,-27434.00,0.00,4713.00,493748.00,105804.00,34988.00,42826.00,358419.00,-57718.00,-210660.00
2023-12-18,-0.49,-3.22,3.61,0.07,0.73,5.39,0.87,0.52,0.34,25.14,1.53,5.99,30.40,24.85,16.10,402.60,2910.00,105.90,513.90,2552.00,755.10,457.10,170.24,74.14,13472.00,5708.00,61234.00,399033.00,68671.00,46392.00,30499.00,1652815.00,115578.00,601149.00
2023-12-19,-0.47,-5.65,0.43,0.03,0.98,0.28,0.68,0.00,0.33,27.03,0.91,13.18,20.70,16.93,13.20,291.80,354.40,44.42,697.50,131.60,645.60,0.00,41.92,18.55,-37698.00,-108.50,-7557.00,17061.00,-7829.00,0.00,12388.00,271669.00,-32850.00,-1085404.00
2023-12-20,-0.46,-5.69,0.01,0.01,0.98,0.00,0.72,0.00,0.12,26.66,1.40,13.80,20.70,15.79,11.90,306.90,7.74,7.95,694.90,0.00,685.70,0.00,29.02,-0.85,-28478.00,-397.10,-18554.00,0.00,-13501.00,0.00,-1875.00,-123368.00,-68126.00,-864785.00
2023-12-21,-0.41,-3.05,1.36,0.00,0.98,0.00,0.72,0.02,0.25,22.22,2.10,13.07,22.20,16.82,12.40,200.90,823.60,3.28,693.80,0.00,684.00,15.66,54.20,5.41,-21257.00,-157.50,-9953.00,0.00,-7139.00,533.40,10277.00,87864.00,-94551.00,-656650.00
2023-12-22,-0.44,-1.26,7.35,0.00,0.98,0.00,1.22,0.01,0.37,13.43,3.67,12.53,27.90,20.27,13.00,78.57,5102.00,0.00,696.40,0.00,1141.00,7.39,181.39,20.19,-23235.00,0.00,1406.00,0.00,26670.00,-598.80,16012.00,331623.00,-165859.00,-647979.00
2023-12-23,-0.41,-2.01,7.52,0.00,0.98,0.75,1.19,0.00,0.45,11.91,2.89,13.45,27.30,21.92,15.10,117.90,5970.00,0.00,694.70,354.90,1088.00,0.00,217.56,49.69,-16660.00,0.00,23657.00,56514.00,59113.00,0.00,39064.00,481651.00,-63291.00,-537391.00
2023-12-24,-0.45,-4.36,3.63,0.00,0.98,1.03,0.54,0.00,0.16,22.30,0.70,9.62,21.70,17.37,13.40,180.30,3349.00,0.00,694.50,488.80,517.70,0.00,142.58,-12.83,-43850.00,0.00,-27501.00,66811.00,-31552.00,0.00,-3166.00,-627155.00,-45445.00,-829497.00
2023-12-25,-0.29,-8.82,0.00,0.00,0.98,0.00,0.72,0.00,0.06,34.62,0.87,4.99,18.70,15.64,13.80,311.70,0.00,0.00,694.30,0.00,686.00,0.00,32.26,-25.15,-12141.00,0.00,-26915.00,0.00,-19787.00,0.00,-1215.00,-902195.00,-36587.00,-238435.00
2023-12-26,-0.26,-4.89,2.29,0.00,0.98,0.00,1.03,0.00,0.28,24.48,1.54,7.28,20.90,17.21,14.40,201.10,1893.00,0.04,695.20,0.00,1005.00,0.00,103.65,7.32,-6464.00,-1.13,-1879.00,0.00,32886.00,0.00,16229.00,-140770.00,-46589.00,-282400.00
2023-12-27,-0.45,-1.39,10.17,0.00,1.09,3.50,1.85,0.14,0.40,4.78,4.06,11.20,26.30,20.10,15.60,136.40,9215.00,1.84,775.80,1734.00,1971.00,121.20,387.02,68.56,-17725.00,142.20,55298.00,312221.00,163480.00,-6162.00,38877.00,287163.00,-65929.00,-301440.00
2023-12-28,-0.45,-0.54,6.56,0.00,1.01,4.12,0.77,0.05,0.26,11.83,3.58,8.85,28.10,20.89,13.70,45.13,6049.00,0.00,713.80,2031.00,759.70,40.53,265.07,46.84,-11547.00,0.00,35322.00,224080.00,34659.00,2024.00,14716.00,523572.00,18917.00,-312859.00
2023-12-29,-0.50,-4.71,0.69,0.00,0.98,1.28,0.42,0.60,0.35,19.74,2.32,13.15,24.70,19.85,13.80,429.50,581.50,0.00,694.70,604.30,362.10,526.50,68.18,28.39,-33489.00,0.00,3233.00,72944.00,-12816.00,-25150.00,15232.00,339582.00,-54792.00,-838528.00
2023-12-30,-0.49,-1.42,5.19,0.00,1.35,0.00,0.52,0.00,0.33,16.07,1.86,9.31,20.70,16.64,13.70,87.09,3886.00,0.00,953.40,0.00,478.40,0.00,159.94,6.84,-30721.00,0.00,-6514.00,0.00,-6984.00,0.00,12283.00,145731.00,-85719.00,-695436.00
2023-12-31,-0.49,-1.60,0.97,0.00,1.96,0.00,0.00,0.00,0.37,16.56,1.42,13.36,26.10,18.65,12.40,215.30,831.50,0.00,1387.00,0.00,2.24,0.00,61.61,13.47,-79406.00,0.00,-130644.00,0.00,-164.80,0.00,6754.00,263159.00,-61768.00,-2779894.00
2024-01-01,-0.49,-0.04,5.74,0.00,1.96,0.00,0.54,0.00,0.14,13.51,2.44,9.63,27.60,21.55,13.60,3.54,4767.00,0.00,1389.00,0.00,510.20,0.00,199.28,22.86,-33916.00,0.00,8135.00,0.00,27233.00,0.00,1529.00,474502.00,-90434.00,-462608.00
2024-01-02,-0.25,-3.36,1.80,0.00,1.32,2.50,0.56,0.00,0.07,19.33,5.09,12.91,28.60,23.60,16.90,199.80,1533.00,0.00,938.70,1182.00,532.50,0.00,99.76,32.48,-5899.00,0.00,8631.00,123537.00,27080.00,0.00,1762.00,649722.00,-135623.00,-497171.00
2024-01-03,-0.32,-2.65,3.75,0.00,0.01,9.38,0.12,1.26,0.45,18.02,1.81,5.61,26.50,21.44,18.30,474.10,3247.00,0.00,5.31,4535.00,95.09,1100.00,227.31,79.17,19060.00,0.00,506.00,737543.00,10497.00,100396.00,46455.00,1355401.00,118115.00,352691.00
2024-01-04,-0.44,-1.79,1.76,0.00,0.95,1.43,0.49,0.19,0.28,27.47,2.67,8.37,32.60,25.20,19.60,87.06,1220.00,0.00,675.80,676.80,467.40,167.50,75.40,33.86,-3939.00,0.00,26315.00,59250.00,12171.00,12667.00,16579.00,941312.00,-23563.00,-79277.00
2024-01-05,-0.43,-1.53,3.27,0.00,0.61,3.15,0.40,0.33,0.27,24.02,4.46,12.04,34.40,28.75,23.10,78.94,2342.00,0.00,431.20,1492.00,378.90,284.10,104.09,31.99,-15085.00,0.00,4623.00,144903.00,4238.00,21043.00,17584.00,744730.00,-41139.00,-147980.00
2024-01-06,-0.54,-0.69,6.74,0.01,0.01,6.57,0.45,0.93,0.44,16.86,2.77,4.61,28.40,25.07,21.30,104.20,4989.00,14.56,10.39,3065.00,432.60,809.70,241.60,80.13,21101.00,1863.00,1102.00,507146.00,57998.00,93618.00,56430.00,1143022.00,204675.00,310704.00
2024-01-07,-0.44,-2.92,5.39,0.00,0.99,3.65,0.00,0.06,0.30,17.63,3.06,8.15,25.60,22.78,18.70,191.60,5016.00,0.00,698.70,1730.00,2.25,48.68,203.59,49.17,6572.00,0.00,39740.00,160561.00,101.90,5813.00,22830.00,757207.00,26010.00,-43142.00
2024-01-08,-0.49,-2.62,5.45,0.00,0.98,1.20,0.49,0.00,0.24,18.07,3.43,9.50,23.20,19.07,16.90,126.40,5233.00,7.16,696.70,568.60,463.00,0.00,188.73,62.01,895.20,756.00,52883.00,95659.00,21849.00,0.00,17184.00,1004298.00,31076.00,144261.00
2024-01-09,-0.44,-2.48,5.13,0.00,1.49,5.54,0.45,0.93,0.36,7.71,5.42,12.97,25.70,19.77,14.40,363.00,4764.00,0.00,1052.00,2709.00,395.80,817.00,252.78,74.42,-9590.00,0.00,113308.00,526653.00,21697.00,103492.00,42214.00,689550.00,67470.00,122464.00
2024-01-10,-0.46,-3.39,3.38,0.00,1.48,6.60,0.45,1.47,0.31,10.48,5.06,13.36,27.90,20.52,14.80,263.40,3342.00,0.00,1047.00,3224.00,399.50,1286.00,233.26,68.53,-18697.00,0.00,99204.00,650029.00,18121.00,168551.00,37048.00,499939.00,-77854.00,-350816.00
2024-01-11,-0.45,-1.13,2.41,0.00,0.98,2.72,0.75,0.40,0.36,18.71,5.07,13.43,33.00,24.55,14.50,68.59,2038.00,0.01,697.80,1288.00,684.20,347.70,115.30,44.68,-17192.00,0.68,28945.00,175963.00,25226.00,37041.00,30795.00,942891.00,-53487.00,-224494.00
2024-01-12,-0.48,-1.58,3.81,0.00,1.49,6.17,0.25,1.21,0.37,19.01,5.73,13.18,36.60,29.26,19.00,315.50,3462.00,0.43,1058.00,2975.00,204.00,1058.00,171.72,79.98,30450.00,29.47,123254.00,533575.00,26223.00,115945.00,36817.00,1464195.00,477887.00,1049113.00
2024-01-13,-0.55,-3.00,3.10,0.02,0.99,0.17,0.82,0.19,0.24,25.78,4.37,10.33,31.80,27.02,20.30,113.70,2703.00,25.94,704.50,82.70,829.40,162.50,103.48,29.45,-3881.00,3611.00,25033.00,13089.00,33124.00,20935.00,12260.00,521567.00,-116592.00,-300527.00
2024-01-14,-0.41,-3.28,1.02,0.00,0.98,0.00,0.72,0.00,0.21,25.27,0.97,12.11,29.90,23.63,18.10,134.00,696.60,0.05,693.90,0.00,685.30,0.00,51.66,-16.08,-46454.00,0.14,-37997.00,0.00,-27755.00,0.00,833.50,-421349.00,-31730.00,-1019377.00
2024-01-15,-0.37,-1.47,6.85,0.00,1.57,2.84,1.22,1.16,0.39,17.33,5.17,12.62,34.60,26.98,20.20,58.38,4883.00,3.88,1116.00,1344.00,1214.00,1011.00,201.07,73.30,4972.00,411.70,144787.00,377879.00,102228.00,160484.00,53189.00,796798.00,159081.00,230791.00
2024-01-16,-0.45,-1.83,9.16,0.00,1.21,7.11,0.18,1.04,0.23,16.93,3.71,12.11,32.60,27.13,18.20,147.80,6336.00,0.13,860.00,3461.00,168.20,906.50,234.52,52.38,2378.00,2.05,66709.00,409811.00,14501.00,89090.00,19394.00,667285.00,33792.00,85007.00
2024-01-17,-0.54,-5.10,1.23,0.00,1.74,3.35,0.00,0.00,0.57,20.88,2.29,11.99,20.60,17.29,13.50,295.00,968.10,2.90,1233.00,1681.00,2.32,0.00,98.67,34.86,-31539.00,100.80,8025.00,195638.00,26.14,0.00,45137.00,377237.00,-68780.00,-785124.00
2024-01-18,-0.55,-0.23,6.22,0.00,1.88,1.79,0.00,0.00,0.12,12.25,1.29,12.73,22.20,16.94,12.30,35.52,4204.00,0.05,1328.00,848.00,2.27,0.00,178.79,8.44,-17973.00,-0.73,-18164.00,75823.00,-22.81,0.00,1116.00,139713.00,-57637.00,-809742.00
2024-01-19,-0.44,-1.89,7.49,0.00,1.67,3.70,0.18,0.31,0.58,7.86,5.08,12.99,30.50,20.84,9.80,131.70,6717.00,0.11,1185.00,1754.00,143.50,274.40,264.87,56.74,2083.00,6.01,73913.00,289565.00,18941.00,33692.00,50094.00,292499.00,47279.00,107262.00
2024-01-20,-0.54,-2.94,3.82,0.00,1.69,0.42,0.45,0.04,0.34,23.91,2.83,12.73,35.20,27.15,18.20,143.10,3255.00,0.06,1197.00,200.20,372.10,31.22,114.89,19.32,-27550.00,2.08,4682.00,22774.00,13617.00,1872.00,21935.00,250063.00,-77902.00,-531125.00
2024-01-21,-0.56,-1.17,4.06,0.00,1.98,0.00,0.00,0.00,0.18,17.27,0.94,12.98,25.50,19.63,15.50,100.20,3355.00,0.11,1402.00,0.00,2.25,0.00,130.54,3.30,-27701.00,-2.98,-30555.00,0.00,-37.74,0.00,3488.00,7299.00,-46848.00,-783548.00
2024-01-22,-0.46,-2.05,4.49,0.00,2.36,0.00,0.26,0.22,0.58,21.19,2.74,13.06,31.50,23.46,14.40,90.58,3491.00,0.12,1675.00,0.00,282.50,191.20,130.90,31.05,-23087.00,3.77,61751.00,0.00,27620.00,24885.00,42550.00,394953.00,-6491.00,-360789.00
2024-01-23,-0.57,-0.14,8.32,0.02,4.09,4.46,1.61,1.31,0.41,17.14,5.55,12.30,40.10,31.52,24.40,5.83,6654.00,30.94,2896.00,2109.00,1726.00,1149.00,267.11,111.90,15377.00,7087.00,549024.00,849905.00,353849.00,252248.00,104200.00,1067384.00,430402.00,1263185.00
2024-01-24,-0.58,-0.49,11.74,0.00,3.35,9.36,0.71,1.62,0.15,11.69,2.12,7.45,29.10,24.22,19.60,80.21,9743.00,4.99,2373.00,4436.00,703.10,1415.00,394.55,111.78,36859.00,684.40,400343.00,1069741.00,115012.00,278482.00,25675.00,916947.00,154139.00,563700.00
2024-01-25,-0.51,-0.61,10.70,0.04,1.58,4.91,1.72,1.48,0.64,12.86,2.79,3.98,25.20,19.15,15.20,45.57,10916.00,48.66,1119.00,2233.00,1718.00,1297.00,436.72,131.06,50259.00,8568.00,249593.00,700475.00,325808.00,220140.00,94267.00,1104313.00,233248.00,352764.00
2024-01-26,-0.58,-2.49,2.71,0.00,1.01,0.46,0.63,0.00,0.35,19.03,1.13,11.87,23.00,19.05,15.20,180.00,2341.00,0.04,713.30,217.70,600.00,0.00,108.24,1.03,-95283.00,-0.83,-46730.00,24899.00,-38434.00,0.00,-3699.00,-220070.00,-70370.00,-1806472.00
2024-01-27,-0.55,-1.16,7.97,0.00,0.98,1.61,0.42,0.00,0.35,10.54,1.18,12.42,22.70,17.81,13.40,106.60,7074.00,0.11,694.00,762.60,404.70,0.00,261.48,2.48,-91459.00,-6.46,-48494.00,53102.00,-44865.00,0.00,648.40,-58263.00,-71140.00,-1885893.00
2024-01-28,-0.61,-0.23,10.12,0.00,1.25,3.40,0.57,0.60,0.53,4.47,2.45,12.72,28.50,20.55,14.90,20.54,9780.00,0.13,886.90,1585.00,512.60,524.60,376.02,71.45,-55299.00,6.52,67268.00,396326.00,20105.00,100774.00,49811.00,181521.00,18076.00,-843927.00
2024-01-29,-0.65,-2.29,9.57,0.00,1.08,3.03,0.86,0.80,0.39,11.94,5.20,12.96,29.40,22.67,16.50,94.38,9210.00,3.44,763.20,1303.00,844.50,695.10,296.74,69.15,13231.00,304.90,64243.00,346886.00,57840.00,88776.00,35801.00,482950.00,-23559.00,-189247.00
2024-01-30,-0.52,-3.02,6.50,0.01,0.98,0.00,0.80,0.91,0.43,17.55,3.92,12.95,25.60,19.49,14.00,144.80,5738.00,9.11,696.80,0.00,746.40,797.50,193.60,45.09,-14271.00,236.70,27476.00,0.00,27515.00,87865.00,30529.00,501135.00,-94711.00,-533114.00
2024-01-31,-0.52,-1.84,1.82,0.01,0.98,0.00,0.72,0.00,0.29,22.80,2.63,12.07,25.30,18.59,13.00,95.07,1619.00,12.27,692.60,0.00,683.30,0.00,74.76,21.60,-25818.00,-388.50,4284.00,0.00,3374.00,0.00,14726.00,534229.00,-89289.00,-640230.00
2024-02-01,-0.48,-0.33,4.87,0.00,0.98,0.00,0.81,0.00,0.20,17.00,2.93,12.86,25.70,19.21,12.70,28.32,4298.00,0.06,693.70,0.00,758.10,0.00,147.28,31.95,-22904.00,0.93,9757.00,0.00,10221.00,0.00,10541.00,671610.00,-118534.00,-755417.00
2024-02-02,-0.41,0.00,9.26,0.00,0.98,1.14,0.57,0.46,0.35,13.02,2.05,12.89,29.30,21.26,14.30,0.00,7640.00,0.10,695.10,542.00,532.10,400.10,243.27,41.65,-20635.00,3.48,20283.00,122687.00,1658.00,43092.00,29106.00,698191.00,-1620.00,-573740.00
2024-02-03,-0.41,0.00,13.02,0.00,1.37,4.53,1.45,0.96,0.33,4.58,3.08,12.85,33.70,24.65,14.60,0.00,12029.00,0.53,968.40,2039.00,1456.00,837.50,415.06,109.07,-6288.00,66.89,145314.00,706482.00,214978.00,172437.00,56232.00,458794.00,137632.00,407920.00
2024-02-04,-0.44,-1.24,6.58,0.00,2.28,4.46,1.17,0.92,0.33,16.25,4.25,12.48,38.90,28.28,18.50,157.30,6581.00,0.43,1615.00,2024.00,937.20,806.60,250.99,80.71,-5422.00,37.26,250593.00,605011.00,169228.00,168870.00,61759.00,1094256.00,20854.00,-13653.00
2024-02-05,-0.50,-4.27,3.29,0.00,2.00,0.34,0.00,0.00,0.24,26.52,2.95,8.95,23.30,19.20,14.10,155.40,2791.00,0.07,1415.00,162.10,2.24,0.00,106.64,49.87,-7487.00,-0.56,82121.00,28164.00,100.40,0.00,21239.00,1028732.00,43652.00,-127743.00
2024-02-06,-0.51,-2.80,1.00,0.00,1.97,0.00,0.14,0.00,0.26,22.29,1.78,12.83,23.60,17.68,11.10,175.90,868.60,0.06,1397.00,0.00,114.90,0.00,59.64,34.10,-20255.00,-0.53,26583.00,0.00,13626.00,0.00,16054.00,669808.00,-46956.00,-579203.00
2024-02-07,-0.42,-1.28,2.78,0.00,1.97,0.00,0.21,0.00,0.41,18.58,3.20,12.63,25.80,18.92,13.30,66.77,2439.00,0.02,1393.00,0.00,168.80,0.00,103.35,33.76,-19379.00,0.76,32229.00,0.00,1895.00,0.00,23001.00,729496.00,-75554.00,-469873.00
2024-02-08,-0.44,-2.62,3.49,0.00,1.97,0.00,0.26,0.14,0.32,18.34,4.87,12.62,27.40,20.50,14.40,147.90,2919.00,0.07,1395.00,0.00,206.90,120.80,115.39,40.94,-16922.00,2.28,46332.00,0.00,20291.00,13466.00,24508.00,822334.00,-96022.00,-350959.00
2024-02-09,-0.46,-3.15,2.15,0.00,1.97,0.00,0.48,0.01,0.20,21.16,4.30,12.16,28.20,20.70,13.40,197.80,1894.00,0.04,1393.00,0.00,385.00,11.52,89.82,20.38,-25189.00,0.30,15183.00,0.00,-4648.00,373.80,8945.00,458884.00,-142791.00,-454441.00
2024-02-10,-0.27,-0.97,2.99,0.00,1.96,0.00,0.12,0.24,0.20,18.16,2.45,12.01,30.60,22.96,15.60,62.73,2471.00,0.06,1391.00,0.00,95.48,212.60,111.33,18.64,-18481.00,2.03,-6416.00,0.00,10258.00,17330.00,9172.00,247970.00,-46322.00,-557543.00
2024-02-11,-0.35,-0.37,7.57,0.00,2.43,3.38,0.41,0.41,0.34,10.93,4.00,10.69,33.20,24.34,15.80,94.84,6414.00,0.10,1722.00,1658.00,298.50,359.30,262.64,55.77,-12332.00,6.33,123959.00,337956.00,44276.00,53406.00,34418.00,765493.00,40664.00,36588.00
2024-02-12,-0.45,0.00,9.79,0.06,3.50,6.45,1.63,1.86,0.33,10.13,5.24,11.87,37.30,27.71,17.20,0.00,7659.00,80.72,2477.00,3012.00,1694.00,1625.00,328.34,144.69,15612.00,21716.00,635931.00,1267665.00,418788.00,411562.00,94190.00,834354.00,522498.00,1280257.00
2024-02-13,-0.66,-1.41,6.11,0.00,1.05,2.75,0.55,1.17,0.21,19.81,2.96,12.18,26.40,22.47,17.60,58.84,4559.00,1.28,745.90,1301.00,460.40,1023.00,179.62,11.44,-72324.00,127.40,-58424.00,377690.00,-18273.00,185661.00,2148.00,-613782.00,-227308.00,-1065641.00
2024-02-14,-0.44,-0.40,1.82,0.00,1.41,1.74,1.05,0.93,0.41,16.73,2.34,11.58,22.60,17.59,12.90,46.41,1356.00,0.83,999.50,896.40,1099.00,812.20,137.64,63.80,-30501.00,84.54,32253.00,104970.00,146686.00,118112.00,43144.00,1133362.00,-88907.00,-833985.00
2024-02-15,-0.46,-0.62,1.63,0.00,0.67,3.17,0.50,0.39,0.39,16.69,3.13,12.59,26.20,18.72,10.90,68.16,1205.00,0.14,475.40,1594.00,461.80,341.40,105.31,42.62,-16359.00,-0.22,-28.72,166276.00,4983.00,34400.00,33675.00,891781.00,-87797.00,-609946.00
2024-02-16,-0.44,-1.45,1.17,0.00,0.99,4.44,0.29,0.59,0.29,15.84,5.20,12.80,28.60,20.96,12.60,118.30,906.40,0.10,699.20,2103.00,274.90,516.60,110.33,62.09,-6872.00,2.96,47264.00,321352.00,1712.00,51965.00,24616.00,1070414.00,74087.00,98395.00
2024-02-17,-0.45,-1.32,1.17,0.00,1.94,4.64,0.05,1.14,0.39,15.01,5.13,12.01,31.80,23.59,13.30,125.50,930.00,0.34,1374.00,2200.00,42.57,996.80,136.44,69.09,-3601.00,18.60,107192.00,389225.00,3803.00,110486.00,36619.00,1177504.00,27122.00,-61301.00
2024-02-18,-0.44,-2.08,1.00,0.00,2.44,4.34,0.03,0.31,0.16,19.31,5.03,11.86,34.60,25.54,17.10,260.90,702.00,0.50,1731.00,2056.00,39.39,272.90,108.23,45.53,-11618.00,19.07,91846.00,251815.00,-837.60,22647.00,9633.00,1040442.00,-38986.00,-134733.00
2024-02-19,-0.41,-1.46,1.41,0.00,2.48,6.30,0.07,0.55,0.21,21.32,4.71,11.77,33.40,26.06,17.90,161.70,1036.00,0.40,1754.00,3109.00,88.96,481.00,134.39,39.24,-1395.00,18.45,93821.00,315908.00,-2209.00,44917.00,13786.00,975206.00,-36872.00,-144796.00
2024-02-20,-0.23,-3.15,0.47,0.00,3.08,12.28,1.21,1.28,0.10,20.86,2.80,6.09,32.50,28.71,25.20,627.60,383.90,2.04,2180.00,6047.00,1223.00,1116.00,230.50,99.53,23479.00,284.90,331179.00,1236626.00,165843.00,173514.00,12345.00,1724691.00,324558.00,820976.00
2024-02-21,-0.37,-0.64,4.82,0.21,4.16,10.68,2.59,1.56,0.40,11.32,4.75,11.95,34.90,29.03,22.10,172.80,3339.00,286.00,2948.00,5091.00,2516.00,1360.00,298.82,923.27,15980.00,1421879.00,5790953.00,10958071.00,6260404.00,2600515.00,2768825.00,4469655.00,2901274.00,3974802.00
2024-02-22,-0.65,-1.03,7.08,0.01,1.57,4.01,1.59,1.10,0.60,19.87,3.87,11.70,33.00,24.56,18.20,93.69,4670.00,14.16,1116.00,1892.00,1430.00,962.40,200.91,37.99,-25742.00,1162.00,90042.00,326387.00,64633.00,116157.00,45089.00,707327.00,-97624.00,174504.00
2024-02-23,-0.60,-1.97,3.27,0.00,1.01,1.40,0.48,0.00,0.23,24.38,1.82,7.50,21.00,18.33,16.40,112.00,2164.00,4.01,716.90,664.20,459.40,2.16,103.87,-3.08,-49967.00,-185.10,-14561.00,69189.00,-20647.00,83.63,-2459.00,279447.00,-132048.00,-899095.00
2024-02-24,-0.58,-2.97,1.38,0.00,1.10,2.38,0.74,0.81,0.42,16.92,1.94,12.37,25.30,19.60,13.40,200.20,1201.00,0.16,780.10,1128.00,764.20,706.10,126.85,52.66,-31761.00,2.20,33376.00,321844.00,24060.00,121806.00,24170.00,367459.00,-28197.00,-877217.00
2024-02-25,-0.54,-0.46,3.75,0.01,1.21,5.72,0.59,1.52,0.58,8.80,3.17,11.70,30.90,22.78,13.60,66.50,3127.00,9.47,860.10,2529.00,589.30,1326.00,232.26,83.69,-5317.00,2113.00,86620.00,684868.00,53850.00,225499.00,74075.00,740350.00,30241.00,-223813.00
2024-02-26,-0.70,0.00,10.99,0.00,1.21,2.87,0.43,0.38,0.40,13.68,3.27,7.39,26.80,22.47,17.40,0.00,9032.00,0.06,859.10,1357.00,429.00,327.80,300.75,46.76,-4376.00,2.16,61486.00,210842.00,-2570.00,31713.00,26219.00,793790.00,-19182.00,-100422.00
2024-02-27,-0.53,-0.47,6.35,0.11,2.90,4.51,2.59,0.96,0.54,15.55,4.54,11.58,37.10,29.29,20.30,31.80,5474.00,146.40,2057.00,2154.00,2431.00,836.30,268.72,365.18,4133.00,254771.00,1962413.00,3356077.00,2184047.00,850717.00,588383.00,1697760.00,803505.00,3125424.00
2024-02-28,-0.77,-2.22,5.47,0.00,1.83,3.33,0.42,0.71,0.45,25.16,3.92,11.45,34.60,26.29,19.60,113.80,3877.00,5.09,1294.00,1639.00,392.10,621.70,155.05,49.91,-3747.00,716.40,75789.00,244322.00,44259.00,93620.00,48274.00,1052431.00,-78277.00,-293317.00
2024-02-29,-0.60,-0.91,6.46,0.01,2.08,8.45,0.67,1.77,0.40,8.85,4.25,10.00,25.10,21.26,17.60,115.20,5293.00,21.07,1477.00,4095.00,690.60,1549.00,313.99,109.21,28227.00,3535.00,259788.00,950337.00,97967.00,238794.00,52732.00,887370.00,197371.00,442953.00
2024-03-01,-0.51,-1.21,4.60,0.00,1.58,6.02,0.77,1.95,0.51,12.81,3.37,11.01,27.50,21.19,15.20,78.99,4161.00,0.56,1121.00,2911.00,715.60,1707.00,257.72,94.62,8184.00,83.07,148415.00,706291.00,71225.00,245155.00,62042.00,1053135.00,64513.00,196649.00
2024-03-02,-0.65,-1.36,4.51,0.00,0.70,3.90,0.44,0.47,0.53,15.03,2.41,10.55,27.30,20.32,15.40,77.11,3923.00,0.07,492.90,1847.00,449.10,410.40,192.88,54.52,-8922.00,2.65,11127.00,320947.00,2260.00,47260.00,52882.00,745326.00,-29276.00,-450394.00
2024-03-03,-0.55,-0.55,3.24,0.00,0.93,1.35,0.51,0.00,0.24,17.05,1.58,11.41,26.40,18.32,13.30,35.20,2773.00,0.04,658.20,641.70,486.70,0.00,128.46,14.34,-28449.00,0.60,-9113.00,61281.00,-13702.00,0.00,6072.00,295380.00,-71571.00,-693433.00
2024-03-04,-0.56,-0.30,6.31,0.00,1.09,2.58,0.86,0.71,0.53,15.65,2.43,10.80,28.10,21.76,14.10,12.07,5023.00,0.11,776.10,1221.00,877.90,621.50,212.10,83.40,-16349.00,13.58,73229.00,372777.00,72166.00,101491.00,80809.00,628997.00,308779.00,3968298.00
2024-03-05,-0.54,0.00,8.33,0.00,2.12,6.15,1.42,0.95,0.27,9.80,4.44,10.61,33.50,26.40,18.60,0.00,7355.00,4.20,1499.00,2984.00,1404.00,827.40,323.24,91.06,20262.00,581.20,200056.00,717157.00,194903.00,133053.00,38087.00,894473.00,169554.00,477438.00
2024-03-06,-0.45,-0.02,6.33,0.00,1.37,10.64,0.89,1.31,0.45,11.00,3.87,10.25,33.70,25.72,19.60,3.19,5935.00,0.05,973.20,5248.00,840.30,1149.00,309.80,100.30,31421.00,3.65,137563.00,1090693.00,102325.00,157431.00,56187.00,1087545.00,311857.00,790512.00
2024-03-07,-0.60,-0.90,3.95,0.00,2.12,4.19,0.42,0.15,0.36,21.73,3.80,10.62,32.60,24.57,17.30,37.88,3117.00,0.07,1504.00,2074.00,381.30,134.30,156.48,44.50,-9738.00,3.29,67059.00,281295.00,35537.00,15487.00,29807.00,951528.00,-63378.00,-211492.00
2024-03-08,-0.45,0.00,8.46,0.11,2.75,5.53,1.72,0.67,0.39,16.26,4.63,10.83,36.90,29.74,19.70,0.00,6993.00,156.90,1948.00,2611.00,1684.00,588.30,274.69,133.03,22855.00,34684.00,398120.00,1068648.00,371228.00,151382.00,83411.00,1586603.00,475587.00,1207964.00
2024-03-09,-0.54,-1.34,2.64,0.07,3.56,7.53,1.97,1.27,0.41,26.48,4.17,9.28,39.60,33.82,28.70,101.90,1989.00,107.90,2523.00,3807.00,1825.00,1112.00,202.89,88.60,-3645.00,19181.00,430943.00,857588.00,364771.00,207364.00,74346.00,1738958.00,111597.00,241124.00
2024-03-10,-0.56,-0.29,3.68,0.11,3.99,7.19,2.57,1.53,0.40,20.53,4.77,10.43,38.00,33.23,27.80,20.56,2520.00,157.60,2824.00,3476.00,2480.00,1341.00,235.13,133.03,12821.00,54616.00,797081.00,1464241.00,919774.00,387052.00,150565.00,1055166.00,473741.00,1158849.00
2024-03-11,-0.58,-1.04,6.04,0.10,4.36,7.85,3.02,1.59,0.42,18.22,4.58,10.00,38.60,32.81,25.00,89.52,4452.00,141.40,3089.00,3854.00,2927.00,1394.00,289.03,314.34,5252.00,210370.00,1896462.00,3289219.00,2658540.00,871443.00,492739.00,1225104.00,575337.00,1747212.00
2024-03-12,-0.64,-0.05,8.51,0.00,4.75,10.28,1.03,1.20,0.36,16.16,4.02,8.82,36.70,30.40,24.90,11.14,7269.00,1.53,3368.00,5139.00,935.20,1048.00,325.95,148.43,65900.00,147.70,694436.00,1524681.00,221168.00,227469.00,92269.00,1962304.00,755622.00,5118588.00
2024-03-13,-0.52,-0.12,5.46,0.00,3.81,11.31,0.78,2.20,0.44,16.37,3.03,6.03,33.10,28.18,23.40,17.65,4728.00,0.44,2703.00,5636.00,613.70,1924.00,319.47,110.98,49140.00,32.11,458684.00,1272830.00,110623.00,272356.00,68359.00,1682150.00,322599.00,655798.00
2024-03-14,-0.53,-2.01,1.53,0.00,1.08,4.99,0.71,0.36,0.30,27.89,2.01,5.10,26.10,22.44,18.20,142.60,1324.00,0.15,762.90,2593.00,534.90,315.00,130.03,59.04,21002.00,6.52,63901.00,330831.00,64957.00,34702.00,24225.00,1587379.00,76163.00,167959.00
2024-03-15,-0.51,-2.56,2.61,0.00,0.98,1.22,1.23,0.85,0.47,24.58,2.50,8.49,29.30,22.68,17.00,107.50,1815.00,0.06,694.30,576.00,1109.00,744.50,121.23,52.85,-10915.00,3.47,41441.00,115319.00,94378.00,94388.00,40580.00,1074336.00,-19477.00,-128372.00
2024-03-16,-0.49,-0.54,8.15,0.00,3.02,4.24,0.67,0.00,0.36,13.37,3.65,9.52,32.60,25.12,17.40,26.10,5985.00,0.40,2144.00,2008.00,585.00,0.00,254.98,78.29,4397.00,34.59,286294.00,419458.00,86556.00,0.00,43974.00,840493.00,158268.00,493545.00
2024-03-17,-0.52,-0.65,6.51,0.00,3.38,3.97,0.36,0.77,0.33,13.72,3.40,8.85,31.50,26.02,21.00,38.01,5097.00,0.13,2398.00,1881.00,264.00,674.80,256.08,66.66,4767.00,10.18,259497.00,343646.00,41794.00,80845.00,34215.00,767171.00,144636.00,417428.00
2024-03-18,-0.46,-0.19,6.71,0.00,2.98,6.88,0.47,0.71,0.30,15.40,4.08,9.53,32.30,25.11,20.30,49.45,5175.00,0.19,2112.00,3327.00,351.50,620.50,248.67,75.58,25350.00,13.60,248010.00,584281.00,50918.00,67966.00,31369.00,1163519.00,239647.00,605412.00
2024-03-19,-0.57,-2.67,7.14,0.00,0.99,1.57,1.21,0.57,0.50,21.14,2.67,6.72,22.50,19.46,15.50,168.80,4705.00,0.06,704.00,745.30,1065.00,497.90,192.11,60.69,16896.00,0.65,57342.00,114562.00,92237.00,53408.00,40618.00,1240863.00,78301.00,259277.00
2024-03-20,-0.66,-4.24,0.60,0.00,0.98,1.36,0.59,0.40,0.37,26.09,2.38,9.61,20.90,15.77,11.80,239.30,395.20,0.04,695.60,643.10,525.00,350.60,63.25,39.77,-17112.00,0.68,21995.00,90982.00,13199.00,36299.00,26182.00,919149.00,-65337.00,-415756.00
2024-03-21,-0.59,-3.73,1.23,0.00,1.29,2.85,0.36,0.70,0.45,20.53,3.24,10.92,22.60,17.40,13.60,235.50,1035.00,0.07,916.20,1351.00,257.60,609.10,105.55,56.14,-5461.00,3.94,24523.00,218568.00,35766.00,59988.00,41463.00,1002054.00,-30877.00,-261611.00
2024-03-22,-0.54,-2.82,4.45,0.00,1.74,2.16,0.72,0.58,0.48,15.79,3.85,10.19,24.00,16.95,10.00,163.20,4181.00,5.12,1232.00,1022.00,531.40,504.30,199.90,72.05,-7207.00,654.30,93307.00,220526.00,78459.00,64912.00,42579.00,934844.00,-9439.00,-166980.00
2024-03-23,-0.52,-5.54,0.07,0.00,0.99,2.59,0.38,0.00,0.34,24.35,2.04,9.40,22.70,17.31,13.00,472.60,58.75,0.00,698.40,1228.00,347.50,0.00,54.53,40.53,-17097.00,0.06,20767.00,7186.00,22416.00,0.00,24701.00,932607.00,-43108.00,-336065.00
2024-03-24,-0.51,-1.61,3.20,0.00,0.98,1.01,0.68,0.00,0.26,16.48,2.53,9.54,21.70,16.26,11.80,134.80,2884.00,0.01,697.10,477.70,619.90,0.00,139.58,48.64,-24633.00,0.98,22133.00,85322.00,15418.00,0.00,21805.00,729733.00,-58177.00,-433388.00
2024-03-25,-0.49,-1.94,8.69,0.01,0.58,6.29,0.86,0.39,0.32,7.68,4.36,9.53,21.00,15.70,9.60,218.00,7670.00,11.00,411.60,3036.00,831.50,338.70,333.11,80.72,-6979.00,904.80,29013.00,473283.00,100366.00,47014.00,32690.00,650378.00,-32286.00,-99691.00
2024-03-26,-0.62,-2.61,7.15,0.00,0.63,6.00,0.81,0.88,0.61,9.00,4.19,9.72,22.70,15.96,9.80,298.10,7037.00,4.64,448.40,2842.00,664.70,773.40,320.64,104.31,-5125.00,546.20,31117.00,594364.00,126087.00,152237.00,96845.00,830866.00,31981.00,-89582.00
2024-03-27,-0.73,-2.67,3.97,0.00,0.94,3.88,0.47,0.04,0.33,16.30,4.11,9.86,25.70,17.89,11.20,267.90,3764.00,0.01,662.60,1985.00,365.50,33.46,179.25,63.89,4781.00,0.87,45811.00,211912.00,54280.00,6328.00,35551.00,993453.00,-10311.00,-72436.00
2024-03-28,-0.36,-3.53,1.59,0.00,0.00,4.08,1.25,0.00,0.48,19.81,3.80,9.73,26.10,19.84,14.80,318.40,1494.00,0.03,0.00,2146.00,1070.00,0.00,119.18,46.63,-5748.00,1.56,0.00,164368.00,67622.00,0.00,36808.00,833384.00,-32407.00,-152618.00
2024-03-29,-0.61,-2.34,4.24,0.00,0.00,4.89,0.81,0.91,0.47,11.92,3.84,9.16,30.70,23.72,16.20,290.40,4326.00,0.25,0.00,2471.00,794.70,793.80,243.17,79.12,-8353.00,24.98,0.00,392542.00,57531.00,140527.00,63727.00,660055.00,8214.00,-55387.00
2024-03-30,-0.57,-0.80,4.17,0.00,0.00,6.44,0.57,0.71,0.17,11.89,3.94,8.38,32.90,24.04,15.30,101.10,4173.00,0.03,0.00,3316.00,460.50,620.00,242.61,63.79,-5342.00,1.68,0.00,416027.00,31593.00,62539.00,12143.00,870377.00,-984.00,-21347.00
2024-03-31,-0.65,-0.36,7.84,0.00,0.00,6.40,0.80,1.30,0.59,7.98,4.02,8.73,33.70,24.37,16.50,43.72,7628.00,0.58,0.00,3289.00,794.90,1138.00,349.37,98.88,8402.00,67.40,0.00,616485.00,108000.00,203544.00,89108.00,754961.00,79338.00,136178.00
2024-04-01,-0.60,-5.00,5.34,0.00,0.00,4.98,0.93,0.22,0.43,20.79,1.70,5.58,21.20,18.58,16.00,323.70,4194.00,6.34,0.00,2610.00,945.00,192.40,221.71,62.06,15708.00,709.20,0.00,366079.00,72222.00,36958.00,35331.00,846602.00,30960.00,79795.00
2024-04-02,-0.60,-5.47,3.02,0.00,0.00,4.58,0.53,0.39,0.22,26.85,1.36,6.42,19.80,17.53,15.80,360.20,2641.00,0.41,0.00,2426.00,510.30,338.80,148.94,30.97,-18227.00,34.14,0.00,192501.00,-1042.00,45880.00,7125.00,358554.00,-42157.00,-234653.00
2024-04-03,-0.55,-0.44,9.48,0.00,0.00,8.88,1.30,2.39,0.75,4.35,3.17,6.96,21.10,16.20,13.40,66.02,9380.00,0.65,0.00,4228.00,1253.00,2088.00,465.14,150.12,43248.00,71.98,0.00,1301483.00,226972.00,399591.00,153995.00,641981.00,321522.00,691251.00
2024-04-04,-0.76,-0.86,5.95,0.00,0.61,4.35,0.28,0.94,0.49,14.22,2.79,8.43,20.60,16.09,12.60,55.84,5734.00,0.01,433.30,2157.00,257.60,825.00,256.61,65.62,13622.00,0.32,11578.00,394800.00,3407.00,104736.00,37759.00,770341.00,-17979.00,-146339.00
2024-04-05,-0.54,-3.22,6.41,0.00,0.99,2.85,0.30,0.05,0.31,15.38,4.19,9.51,21.80,16.55,13.60,176.20,5500.00,4.90,698.70,1351.00,306.70,45.60,213.35,104.00,3217.00,3075.00,77779.00,368025.00,28643.00,15259.00,80046.00,1261176.00,76707.00,110125.00
2024-04-06,-0.55,-2.91,6.47,0.00,0.51,5.71,0.73,0.69,0.60,9.70,3.98,8.36,22.20,16.09,10.20,264.00,6497.00,0.02,363.30,2615.00,630.70,598.70,313.49,97.34,20135.00,1.17,35743.00,639193.00,35746.00,77710.00,66469.00,809260.00,134122.00,233402.00
2024-04-07,-0.54,-1.20,8.27,0.00,1.59,5.89,0.00,0.17,0.29,7.96,3.22,7.14,20.50,15.62,10.90,85.44,8127.00,0.03,1124.00,2792.00,4.17,145.40,369.16,79.92,9094.00,2.23,102801.00,555348.00,228.70,16418.00,31264.00,591380.00,39715.00,73594.00
2024-04-08,-0.52,-1.43,6.53,0.00,1.77,5.01,0.60,1.61,0.50,12.24,3.56,6.44,20.60,15.54,12.70,131.30,6389.00,0.00,1256.00,2311.00,437.50,1411.00,321.49,92.02,7258.00,0.00,151265.00,594321.00,69399.00,188561.00,52063.00,980034.00,95077.00,144730.00
2024-04-09,-0.69,-0.83,6.32,0.00,1.82,4.45,0.17,0.94,0.39,15.75,2.54,6.01,18.30,13.70,9.10,48.16,5132.00,0.00,1293.00,2105.00,132.90,825.40,256.02,67.77,3847.00,0.38,119596.00,448009.00,20771.00,117413.00,37826.00,876461.00,5820.00,4461.00
2024-04-10,-0.46,-0.34,9.73,0.00,1.55,7.08,0.36,1.32,0.33,7.86,3.23,6.01,18.90,15.27,11.50,30.24,8530.00,0.01,1097.00,3326.00,303.40,1151.00,392.11,96.18,17414.00,0.62,156152.00,727279.00,42899.00,152730.00,38456.00,773903.00,133426.00,242623.00
2024-04-11,-0.55,-0.46,8.62,0.02,1.73,7.75,0.63,2.10,0.44,6.16,3.44,6.95,20.30,16.00,11.50,56.39,7899.00,29.80,1223.00,3558.00,547.50,1832.00,408.09,141.87,27778.00,1740.00,257417.00,1171609.00,114375.00,359254.00,78342.00,869511.00,207221.00,431373.00
2024-04-12,-0.66,-0.23,8.74,0.00,1.62,7.62,1.19,2.35,0.52,5.48,2.97,7.08,19.50,14.17,9.20,25.94,8677.00,2.22,1149.00,3533.00,1061.00,2053.00,448.32,141.32,48156.00,110.30,217960.00,1115643.00,182099.00,382637.00,81060.00,772363.00,214131.00,432435.00
2024-04-13,-0.58,-1.25,4.62,0.00,2.91,7.34,0.65,1.07,0.41,6.42,3.32,7.67,19.80,14.22,9.50,254.20,4612.00,0.01,2065.00,3410.00,499.60,934.40,345.96,116.23,28236.00,0.75,363907.00,889762.00,110584.00,154084.00,71462.00,801723.00,146914.00,295689.00
2024-04-14,-0.67,-3.10,2.65,0.00,2.78,8.38,1.98,1.94,0.52,5.52,3.96,7.95,22.20,14.67,7.90,709.10,2733.00,0.01,1972.00,3836.00,1537.00,1693.00,346.63,164.38,42373.00,0.71,478062.00,1598428.00,304786.00,373992.00,98046.00,885579.00,111931.00,200592.00
2024-04-15,-0.69,-2.10,1.73,0.03,3.18,10.85,2.15,2.13,0.52,5.54,3.97,8.31,21.80,15.30,9.40,660.40,1701.00,39.67,2250.00,5042.00,1668.00,1865.00,334.22,195.09,68151.00,10114.00,668619.00,2404922.00,439706.00,485056.00,124759.00,1042451.00,300693.00,624984.00
2024-04-16,-0.68,-4.13,1.07,0.00,2.08,10.86,0.79,1.98,0.54,12.32,3.71,7.80,21.30,15.18,9.40,983.70,1096.00,0.01,1470.00,5324.00,584.80,1733.00,253.89,150.00,38275.00,2.12,304494.00,1789738.00,150396.00,337352.00,110523.00,1807094.00,271627.00,391832.00
2024-04-17,-0.67,-1.89,0.78,0.00,1.28,10.73,0.19,0.67,0.49,15.94,3.44,6.12,20.30,14.85,9.90,380.80,791.20,0.00,907.40,5374.00,142.10,585.20,200.02,124.43,72435.00,0.12,158604.00,1374038.00,32790.00,91634.00,78553.00,1973181.00,376397.00,636049.00
2024-04-18,-0.80,-1.33,3.76,0.00,1.26,8.89,0.60,0.17,0.64,18.15,3.00,3.68,18.10,15.05,12.20,168.40,3220.00,2.72,893.00,4317.00,471.00,152.40,233.79,115.50,53704.00,484.30,150704.00,1126171.00,88646.00,24999.00,97124.00,1956437.00,266638.00,283493.00
2024-04-19,-0.60,-4.23,1.39,0.00,1.55,5.53,0.30,0.00,0.48,23.65,2.83,6.66,19.10,15.12,11.70,274.60,1167.00,0.04,1097.00,2621.00,243.30,0.00,129.25,81.70,-1748.00,0.06,101802.00,607478.00,40566.00,0.00,55061.00,1727229.00,-4895.00,-18968.00
2024-04-20,-0.61,-2.84,1.83,0.00,1.44,4.38,0.26,0.87,0.49,16.59,3.28,8.09,21.50,14.21,8.70,206.30,1646.00,0.04,1022.00,2073.00,211.60,761.60,163.02,91.16,-11080.00,3.76,79293.00,523438.00,33133.00,122054.00,61506.00,1321234.00,-33594.00,-169106.00
2024-04-21,-0.54,-1.84,3.36,0.00,1.54,7.45,0.32,0.98,0.42,8.87,4.01,7.92,20.80,13.16,6.90,283.50,3437.00,0.00,1090.00,3626.00,237.80,854.80,275.94,113.21,388.70,0.13,138440.00,974218.00,50952.00,144997.00,64620.00,1059690.00,91768.00,145929.00
2024-04-22,-0.68,-3.21,2.82,0.00,2.72,9.46,0.88,1.22,0.49,10.63,3.89,8.01,26.00,15.78,6.90,462.70,2356.00,5.03,1926.00,4630.00,638.20,1066.00,280.47,118.68,22913.00,720.20,353662.00,1307353.00,172175.00,199195.00,92099.00,934908.00,110460.00,150111.00
2024-04-23,-0.58,-2.94,1.97,0.00,2.01,0.36,0.25,0.00,0.39,29.83,1.37,5.34,25.10,17.89,13.70,125.00,1350.00,0.00,1427.00,171.50,198.20,0.00,79.51,17.64,-19524.00,-0.05,23666.00,26550.00,20530.00,0.00,26795.00,489490.00,-47523.00,-211392.00
2024-04-24,-0.70,-1.07,2.47,0.00,1.74,4.22,0.77,0.86,0.50,21.70,2.47,5.20,18.10,12.92,8.60,152.00,1658.00,0.00,1235.00,2100.00,663.50,748.00,163.87,51.67,-9685.00,0.00,70844.00,462717.00,92588.00,100260.00,51021.00,866569.00,19331.00,-53891.00
2024-04-25,-0.51,-2.79,3.74,0.00,1.62,7.94,1.01,0.74,0.24,13.17,2.88,6.59,19.10,12.85,7.50,307.10,3203.00,0.00,1149.00,3968.00,724.10,650.80,271.15,86.52,1102.00,0.00,120221.00,872676.00,132762.00,97744.00,22887.00,979438.00,19494.00,31573.00
2024-04-26,-0.42,-0.80,4.83,0.00,1.40,12.49,1.71,1.65,0.54,7.08,2.54,4.94,17.30,13.76,9.80,293.40,4465.00,4.42,992.80,6131.00,1235.00,1439.00,388.56,149.37,49116.00,683.10,224886.00,1904381.00,318842.00,291700.00,102206.00,1038534.00,334133.00,604938.00
2024-04-27,-0.61,-1.42,4.09,0.00,2.39,7.59,2.46,1.05,0.47,9.04,2.52,6.41,19.70,14.45,9.30,259.80,3716.00,0.01,1691.00,3576.00,2287.00,920.00,351.04,132.98,16885.00,1.46,349384.00,1053136.00,493111.00,219681.00,93670.00,969706.00,51125.00,125711.00
2024-04-28,-0.62,-1.63,8.86,0.00,2.66,4.72,1.50,0.68,0.44,6.57,2.34,7.62,23.30,17.28,12.80,137.40,7683.00,0.06,1888.00,2096.00,1305.00,591.90,405.36,122.72,-1025.00,6.13,299792.00,709000.00,286787.00,133242.00,88930.00,395438.00,-11158.00,-197261.00
2024-04-29,-0.57,-3.47,4.96,0.00,4.04,7.42,1.83,1.96,0.45,14.66,1.89,3.91,19.20,15.18,12.80,865.30,3798.00,5.96,2861.00,3487.00,1411.00,1715.00,334.67,137.55,64804.00,632.80,585401.00,1018114.00,280895.00,303681.00,74699.00,1991293.00,252507.00,566889.00
2024-04-30,-0.54,-7.96,0.00,0.00,1.65,5.41,0.89,1.11,0.37,28.84,1.65,7.42,16.90,13.60,10.90,1026.00,0.00,0.00,1171.00,2656.00,701.90,966.30,115.07,90.33,-4825.00,0.00,170532.00,630245.00,69993.00,154443.00,49497.00,2371489.00,40303.00,-55437.00
2024-05-01,-0.68,-5.49,0.23,0.00,1.63,6.45,0.60,1.16,0.35,26.14,2.81,6.64,18.50,12.65,8.10,711.10,176.00,0.00,1158.00,3246.00,500.10,1016.00,135.14,80.89,899.90,0.00,140636.00,686761.00,46443.00,133140.00,36331.00,1989351.00,-3708.00,-112448.00
2024-05-02,-0.56,-7.57,0.02,0.00,3.35,7.08,0.83,1.24,0.61,24.15,2.92,6.97,20.70,15.28,9.60,1133.00,19.65,0.00,2372.00,3528.00,624.50,1080.00,166.28,117.55,23605.00,0.00,459375.00,925839.00,138902.00,202723.00,97081.00,2515004.00,112112.00,216379.00
2024-05-03,-0.71,-2.68,2.18,0.01,1.92,6.71,2.47,1.66,0.38,14.62,2.96,7.35,21.10,14.91,8.30,517.80,1894.00,17.41,1359.00,3036.00,2155.00,1455.00,254.92,170.57,98003.00,3371.00,330264.00,1108435.00,514059.00,313230.00,73480.00,2372371.00,361364.00,811222.00
2024-05-04,-0.42,-0.49,5.49,0.00,0.79,5.72,2.29,1.67,0.46,9.02,2.55,6.91,20.80,14.87,7.80,74.75,4870.00,0.00,562.80,2664.00,1778.00,1456.00,331.17,138.51,30375.00,0.37,96127.00,845896.00,326463.00,251298.00,70408.00,1216526.00,206514.00,570659.00
2024-05-05,-0.74,-2.53,3.12,0.00,1.08,5.67,0.95,0.72,0.40,16.00,2.15,7.13,23.30,17.35,11.70,141.70,2872.00,0.00,764.70,2684.00,691.20,632.40,221.05,79.13,-6027.00,0.00,56702.00,603246.00,113501.00,88587.00,38959.00,844578.00,2290.00,-149660.00
2024-05-06,-0.56,-1.07,3.86,0.00,0.60,4.62,0.86,1.06,0.35,17.44,2.90,7.03,21.70,15.43,9.50,82.34,3009.00,0.00,428.40,2173.00,760.30,926.90,194.58,88.30,1051.00,0.10,39048.00,511110.00,80920.00,138726.00,41180.00,1452374.00,45131.00,51859.00
2024-05-07,-0.56,-3.25,0.92,0.00,1.48,7.77,1.16,1.59,0.57,17.57,2.43,7.09,23.30,17.14,10.70,648.10,938.10,0.00,1050.00,3680.00,863.50,1392.00,197.87,131.43,-14665.00,0.00,196837.00,1108816.00,217490.00,281970.00,101021.00,2250195.00,40245.00,-132343.00
2024-05-08,-0.69,-4.65,0.14,0.00,2.48,8.32,1.36,0.90,0.54,18.65,1.93,6.80,22.70,18.39,12.80,961.60,125.10,0.87,1761.00,3924.00,1006.00,785.60,185.63,157.43,24044.00,146.60,429736.00,1380607.00,268248.00,153901.00,105421.00,2843606.00,71670.00,200450.00
2024-05-09,-0.55,-3.59,0.17,0.01,1.70,9.23,2.06,1.88,0.41,15.23,2.63,6.50,23.10,17.26,10.30,810.00,162.60,15.07,1204.00,4206.00,1513.00,1643.00,222.37,203.47,107047.00,2791.00,362796.00,1906505.00,446738.00,427494.00,95276.00,2965099.00,537127.00,1310823.00
2024-05-10,-0.34,-1.74,2.71,0.02,1.60,10.34,1.93,1.84,0.24,9.66,3.25,6.33,22.10,14.73,8.60,364.20,2685.00,18.32,1138.00,4867.00,1571.00,1606.00,321.48,183.78,53389.00,2520.00,316481.00,1924837.00,417026.00,365659.00,51724.00,1698412.00,613602.00,1145548.00
2024-05-11,-0.64,-0.40,6.60,0.00,1.00,9.16,1.54,1.98,0.51,5.35,2.60,5.67,19.90,14.73,10.40,49.74,6448.00,0.00,708.90,4437.00,1484.00,1730.00,442.29,140.65,45803.00,0.00,140198.00,1278031.00,276221.00,330072.00,91699.00,727402.00,224667.00,452638.00
2024-05-12,-0.55,-0.16,10.33,0.00,1.43,8.32,1.29,1.94,0.23,1.70,3.03,6.28,18.70,12.65,7.50,21.39,10610.00,0.01,1015.00,3610.00,1114.00,1694.00,532.64,164.97,25154.00,0.81,237283.00,1582572.00,247139.00,394611.00,46076.00,293905.00,165144.00,318096.00
2024-05-13,-0.50,0.00,8.13,0.10,1.80,11.68,2.24,2.06,0.44,2.61,3.13,6.08,20.40,13.57,8.30,0.66,7519.00,143.90,1276.00,5287.00,2059.00,1801.00,478.84,198.82,46892.00,29467.00,370729.00,2452433.00,556431.00,477524.00,99655.00,486654.00,310496.00,479113.00
2024-05-14,-0.73,-0.15,4.98,0.00,2.31,12.97,2.12,1.88,0.54,4.83,2.68,5.70,21.40,14.35,7.70,66.23,4650.00,0.07,1640.00,6246.00,1930.00,1639.00,432.08,173.12,67820.00,11.19,460397.00,2339768.00,520581.00,423580.00,114793.00,710926.00,306776.00,604042.00
2024-05-15,-0.53,-0.02,7.07,0.00,1.85,13.24,1.81,1.33,0.49,4.56,2.17,5.32,22.30,15.30,9.20,7.00,6809.00,0.81,1313.00,6359.00,1530.00,1162.00,460.16,173.28,39441.00,35.08,334933.00,2407645.00,391479.00,292225.00,114704.00,835225.00,136414.00,348746.00
2024-05-16,-0.57,-0.67,2.46,0.00,2.10,13.10,1.64,1.50,0.48,8.36,3.08,5.98,21.30,15.15,10.60,177.10,2449.00,0.00,1485.00,6221.00,1219.00,1310.00,333.90,167.33,53433.00,0.64,385845.00,2270762.00,351704.00,296638.00,100867.00,1336716.00,268832.00,472513.00
2024-05-17,-0.65,-1.72,2.77,0.00,1.35,9.99,0.73,0.96,0.46,15.18,2.78,6.12,21.30,14.22,7.80,319.10,2485.00,0.05,954.00,4994.00,546.00,838.80,250.15,112.43,49127.00,4.94,150993.00,1198652.00,101572.00,131226.00,61041.00,1694838.00,165797.00,346472.00
2024-05-18,-0.53,-3.82,0.56,0.00,1.60,5.20,0.91,1.13,0.38,21.05,3.23,6.49,17.00,11.65,6.80,620.00,458.50,0.00,1135.00,2531.00,760.80,985.00,145.03,89.14,-5928.00,0.00,177673.00,800641.00,95966.00,187795.00,58785.00,1518783.00,31481.00,-7162.00