date,Exports -  GWh,Imports -  GWh,Gas (OCGT) -  GWh,Hydro -  GWh,Wind -  GWh,Solar (Rooftop) -  GWh,Temperature Max - C,Temperature Mean - C,Temperature Min - C,Exports Emissions Vol - tCO₂e,Imports Emissions Vol - tCO₂e,Gas (OCGT) Emissions Vol - tCO₂e,Emissions Intensity - kgCO₂e/MWh,Volume Weighted Price - AUD/MWh,Gas (OCGT) Market Value - AUD,Hydro Market Value - AUD,Wind Market Value - AUD,Solar (Rooftop) Market Value - AUD
2023-05-18,-6.76,0.85,0.45,36.35,2.49,0.64,13.50,8.25,3.10,64.87,846.90,298.80,31.77,97.65,29294.00,3453590.00,226246.00,84372.00
2023-05-19,-7.93,0.25,0.37,39.43,1.52,0.53,10.90,8.02,6.00,52.35,254.00,247.50,13.15,74.52,19551.00,2862201.00,126456.00,35403.00
2023-05-20,-5.63,2.45,0.00,28.24,7.55,0.57,12.40,8.79,5.10,0.00,1771.00,0.00,53.38,74.28,0.00,2090390.00,555836.00,39108.00
2023-05-21,-3.23,6.22,0.00,19.75,9.71,0.55,11.90,9.21,6.90,0.00,4369.00,0.00,132.39,38.22,0.00,933013.00,336218.00,16547.00
2023-05-22,-7.60,0.51,0.19,30.78,9.75,0.47,18.00,14.18,10.30,27.00,418.60,125.10,15.15,67.92,10223.00,2065724.00,657587.00,36094.00
2023-05-23,-7.67,1.30,0.24,32.62,6.55,0.27,16.10,14.21,12.80,33.97,1126.00,156.70,37.48,75.56,20454.00,2434935.00,447427.00,26648.00
2023-05-24,-3.80,4.05,0.00,20.85,9.87,0.27,19.40,15.94,12.90,0.00,2693.00,0.00,86.19,52.64,0.00,1288427.00,506038.00,7774.00
2023-05-25,-4.03,3.27,0.00,22.94,11.14,0.24,16.90,12.23,6.30,0.00,2245.00,0.00,66.91,60.61,0.00,1598593.00,658560.00,24347.00
2023-05-26,-6.29,1.49,0.00,28.52,10.61,0.49,14.80,10.03,5.90,0.00,1234.00,0.00,35.44,50.05,0.00,1525694.00,521110.00,19494.00
2023-05-27,-5.05,1.30,0.00,24.33,11.88,0.36,15.10,12.68,10.60,0.00,989.80,0.00,30.16,45.64,0.00,1216427.00,539572.00,12288.00
2023-05-28,-2.27,3.74,0.00,23.23,6.82,0.31,15.80,12.10,9.80,0.00,2695.00,0.00,84.67,41.89,0.00,1200691.00,240256.00,8119.00
2023-05-29,-4.04,1.43,0.00,25.38,10.84,0.56,12.10,9.96,7.40,0.00,1048.00,0.00,30.67,39.36,0.00,1129798.00,385076.00,11675.00
2023-05-30,-4.85,0.00,0.00,25.49,11.84,0.39,18.10,13.74,9.20,0.00,0.00,0.00,0.00,46.18,0.00,1204466.00,535961.00,12647.00
2023-05-31,-1.32,2.98,0.00,18.20,12.30,0.28,19.30,14.98,11.90,0.00,1873.00,0.00,57.73,80.20,0.00,1695198.00,890256.00,128362.00
2023-06-01,-5.97,2.08,0.01,27.42,9.98,0.56,12.50,10.10,6.80,1.72,1341.00,8.22,39.54,42.00,693.00,1376282.00,389752.00,23043.00
2023-06-02,-9.92,0.00,0.48,41.23,2.31,0.57,14.20,10.04,7.40,68.74,0.00,319.10,7.22,61.86,25547.00,2547977.00,147035.00,33708.00
2023-06-03,-7.97,0.00,0.00,37.48,3.33,0.48,12.20,9.06,4.80,0.00,0.00,0.00,0.00,59.10,0.00,2223058.00,197635.00,29078.00
2023-06-04,-1.58,3.38,0.00,27.84,3.69,0.60,11.50,5.66,2.30,0.00,2753.00,0.00,81.14,40.45,0.00,1254457.00,154861.00,10890.00
2023-06-05,-3.02,1.35,0.00,29.93,7.95,0.31,10.00,6.08,1.60,0.00,946.20,0.00,25.91,55.39,0.00,1763207.00,418289.00,18821.00
2023-06-06,-2.69,2.59,0.29,27.56,6.08,0.16,12.80,8.84,5.90,32.19,1745.00,190.10,55.98,49.31,29171.00,1564973.00,254440.00,9426.00
2023-06-07,-0.28,4.60,0.00,21.94,5.03,0.29,16.60,12.80,9.00,0.00,2814.00,0.00,89.09,15.72,0.00,381363.00,73362.00,6251.00
2023-06-08,-1.02,3.69,0.00,22.24,6.66,0.14,14.90,13.19,10.10,0.00,2256.00,0.00,71.17,20.48,0.00,543885.00,106549.00,1367.00
2023-06-09,-4.33,2.52,0.00,24.00,11.31,0.52,11.60,9.05,6.80,0.00,1520.00,0.00,44.67,27.23,0.00,811760.00,289110.00,2967.00
2023-06-10,-8.07,0.60,0.00,28.44,12.04,0.32,14.30,10.99,6.70,0.00,377.20,0.00,11.32,25.77,0.00,808456.00,277436.00,2576.00
2023-06-11,-8.70,0.00,0.32,35.17,4.16,0.46,16.60,12.61,10.00,49.54,0.00,213.70,5.23,51.30,18232.00,1818684.00,198661.00,18081.00
2023-06-12,-2.73,2.66,0.14,28.19,3.05,0.31,15.20,10.83,8.30,7.50,1494.00,92.18,49.94,20.93,7818.00,676722.00,53515.00,923.90
2023-06-13,-2.64,3.59,0.42,27.87,4.10,0.20,11.70,9.08,6.30,51.27,2034.00,280.60,67.47,42.47,32772.00,1419689.00,141987.00,2264.00
2023-06-14,-4.88,0.27,0.40,32.33,5.07,0.45,13.60,9.19,5.40,53.85,200.50,265.00,12.24,49.54,27490.00,1613718.00,267045.00,19227.00
2023-06-15,-3.07,2.23,0.17,26.74,6.43,0.47,14.90,9.88,5.40,24.21,1358.00,116.30,43.98,31.73,10300.00,1010640.00,184804.00,8244.00
2023-06-16,-0.70,5.95,0.00,16.46,9.79,0.38,18.30,12.43,6.50,0.00,3339.00,0.00,104.74,-14.64,0.00,-180195.00,-146046.00,-8613.00
2023-06-17,-2.48,6.67,0.00,16.65,9.37,0.36,17.90,14.94,10.80,0.00,3757.00,0.00,122.94,-0.14,0.00,394532.00,-73148.00,-8757.00
2023-06-18,-2.11,3.86,0.00,22.04,7.63,0.47,13.70,10.22,6.90,0.00,2268.00,0.00,71.11,10.25,0.00,382929.00,26011.00,1557.00
2023-06-19,-4.95,1.74,0.45,29.02,8.97,0.51,9.60,6.92,5.20,55.70,1134.00,297.50,38.50,40.53,31231.00,1432100.00,298829.00,12247.00
2023-06-20,-9.74,0.00,0.89,41.78,3.07,0.52,11.60,6.44,3.60,121.10,0.00,593.10,12.92,70.88,55811.00,2960820.00,213887.00,44341.00
2023-06-21,-6.54,0.41,0.63,40.21,0.71,0.47,9.80,5.17,2.30,84.95,325.60,415.60,18.29,85.17,41102.00,3414456.00,56397.00,42339.00
2023-06-22,-5.25,0.05,0.51,38.97,2.72,0.19,7.60,5.62,2.80,64.53,35.80,337.10,8.29,91.60,41394.00,3591093.00,240298.00,20944.00
2023-06-23,-6.31,0.00,0.30,39.24,1.39,0.14,11.60,10.34,7.50,43.04,0.00,198.90,4.48,69.92,18453.00,2773200.00,78957.00,12691.00
2023-06-24,-0.43,6.83,0.00,20.18,5.42,0.35,14.30,10.32,7.30,0.00,4110.00,0.00,127.06,1.24,0.00,53187.00,3076.00,130.50
2023-06-25,-0.21,8.19,0.00,17.18,7.69,0.29,14.00,9.07,5.70,0.00,4754.00,0.00,143.47,5.20,0.00,218666.00,4204.00,-1528.00
2023-06-26,-3.80,3.08,0.00,26.91,8.14,0.43,12.60,9.79,6.40,0.00,1813.00,0.00,52.16,31.49,0.00,1044028.00,239308.00,3085.00
2023-06-27,-9.21,0.00,0.15,35.39,8.56,0.43,14.10,11.14,9.40,20.77,0.00,101.40,2.28,52.51,8514.00,1869414.00,434386.00,19569.00
2023-06-28,-9.00,0.00,0.58,37.33,6.13,0.56,9.90,7.46,4.70,82.60,0.00,382.70,8.43,64.05,34265.00,2400224.00,358297.00,34996.00
2023-06-29,-7.02,0.11,0.10,31.23,10.30,0.30,11.70,8.62,6.00,13.17,66.28,63.81,3.34,53.38,5748.00,1622841.00,560708.00,6195.00
2023-06-30,-9.70,0.00,0.00,33.30,10.19,0.48,15.30,11.25,9.10,0.00,0.00,0.00,0.00,29.45,0.00,1007906.00,259821.00,8490.00
2023-07-01,-9.56,0.00,0.00,36.88,6.46,0.40,12.80,9.79,8.00,0.00,0.00,0.00,0.00,43.59,0.00,1620628.00,249715.00,17788.00
2023-07-02,-9.82,0.00,0.14,38.87,3.87,0.58,15.80,10.56,6.10,19.25,0.00,89.96,2.10,50.46,7437.00,1968510.00,185585.00,29535.00
2023-07-03,-9.90,0.00,1.09,43.88,0.63,0.50,12.20,7.01,3.70,155.40,0.00,722.50,15.67,58.11,62382.00,2547133.00,36045.00,26914.00
2023-07-04,-10.31,0.00,1.05,43.81,1.17,0.19,9.50,6.97,4.90,149.70,0.00,697.90,15.27,55.42,58343.00,2428691.00,64110.00,10329.00
2023-07-05,-5.76,0.71,0.06,37.35,1.12,0.26,11.60,8.28,5.80,7.63,536.90,38.17,16.82,51.61,3168.00,2012393.00,54522.00,8361.00
2023-07-06,-2.65,5.15,0.00,26.33,4.34,0.37,14.10,9.66,6.20,0.00,3061.00,0.00,91.26,18.97,0.00,696343.00,80669.00,1792.00
2023-07-07,-2.09,2.69,0.00,25.33,6.91,0.40,14.80,9.89,6.90,0.00,1519.00,0.00,45.72,3.58,0.00,156558.00,18913.00,-3791.00
2023-07-08,-2.10,4.76,0.00,18.77,11.47,0.31,13.80,9.32,6.20,0.00,2443.00,0.00,73.56,-10.63,0.00,-112822.00,-134480.00,-5071.00
2023-07-09,-4.63,3.72,0.00,21.45,11.97,0.49,13.90,10.89,7.40,0.00,2084.00,0.00,63.16,-2.25,0.00,98255.00,-41719.00,-5994.00
2023-07-10,-9.64,0.00,0.00,31.25,11.62,0.35,15.90,12.97,10.60,0.00,0.00,0.00,0.00,9.10,0.00,297035.00,85310.00,1726.00
2023-07-11,-9.39,0.00,0.27,32.69,9.80,0.52,16.40,12.56,8.40,38.95,0.00,179.00,4.13,25.92,13611.00,898915.00,199412.00,1862.00
2023-07-12,-8.20,0.70,0.00,29.00,11.12,0.28,16.00,14.04,10.50,0.00,384.50,0.00,11.69,14.49,0.00,490037.00,142102.00,132.10
2023-07-13,-4.33,2.71,0.00,21.26,11.50,0.40,19.10,15.35,13.30,0.00,1443.00,0.00,45.76,-9.86,0.00,-137641.00,-117367.00,-7752.00
2023-07-14,-4.02,5.03,0.00,20.67,10.42,0.29,16.20,13.60,10.80,0.00,2788.00,0.00,86.10,-5.15,0.00,97379.00,-74966.00,-2945.00
2023-07-15,-7.91,0.84,0.00,28.16,11.45,0.51,11.80,9.68,7.50,0.00,593.70,0.00,17.97,2.88,0.00,152398.00,22528.00,489.70
2023-07-16,-8.11,1.51,0.00,26.98,12.02,0.44,13.60,11.85,9.50,0.00,1138.00,0.00,34.65,2.02,0.00,146102.00,12737.00,-8621.00
2023-07-17,-9.79,0.00,0.00,31.60,11.09,0.51,16.80,13.31,10.70,0.00,0.00,0.00,0.00,20.04,0.00,646919.00,200020.00,3401.00
2023-07-18,-7.39,0.65,0.00,29.93,10.76,0.25,14.30,10.57,6.80,0.00,357.10,0.00,10.44,16.08,0.00,556877.00,164086.00,-0.66
2023-07-19,-7.31,0.00,0.17,37.84,3.63,0.53,9.80,7.24,4.60,22.90,0.00,111.40,2.54,45.04,9407.00,1757018.00,82443.00,27358.00
2023-07-20,-4.23,2.56,0.00,28.31,8.49,0.22,13.20,7.77,3.60,0.00,1413.00,0.00,39.97,32.98,0.00,1157897.00,255884.00,-62.22
2023-07-21,-8.95,0.00,0.00,39.22,3.47,0.65,12.60,8.32,4.50,0.00,0.00,0.00,0.00,50.10,0.00,1976152.00,170973.00,22123.00
2023-07-22,-7.64,0.08,0.00,38.15,2.76,0.42,15.00,9.47,5.10,0.00,60.94,0.00,1.80,48.67,0.00,1883840.00,129125.00,13746.00
2023-07-23,-6.86,0.17,0.00,36.19,2.51,0.58,14.00,9.70,5.80,0.00,134.70,0.00,4.13,38.42,0.00,1435163.00,93765.00,11985.00
2023-07-24,-10.10,0.00,0.00,35.11,8.54,0.50,16.00,12.04,7.70,0.00,0.00,0.00,0.00,48.21,0.00,1685486.00,415057.00,24807.00
2023-07-25,-8.25,0.00,0.00,36.20,5.69,0.60,14.10,11.39,8.80,0.00,0.00,0.00,0.00,51.55,0.00,1882153.00,283550.00,26609.00
2023-07-26,-8.63,0.00,0.00,32.72,8.41,0.48,15.30,12.72,10.20,0.00,0.00,0.00,0.00,34.62,0.00,1174245.00,251630.00,10026.00
2023-07-27,-3.39,2.49,0.00,26.86,6.35,0.34,14.00,11.60,9.50,0.00,1436.00,0.00,43.98,18.89,0.00,625871.00,100908.00,4570.00
2023-07-28,-6.66,0.69,0.00,28.67,9.36,0.55,16.70,13.06,9.70,0.00,394.30,0.00,12.09,35.46,0.00,1019358.00,332319.00,8420.00
2023-07-29,-5.83,2.82,0.00,24.29,9.25,0.41,18.10,13.29,8.40,0.59,1791.00,2.38,57.93,4.32,16.07,301567.00,19311.00,-12712.00
2023-07-30,-2.79,6.00,0.00,16.30,11.57,0.37,16.20,12.52,7.20,0.00,3672.00,0.00,116.76,-10.32,0.00,81869.00,-134149.00,-10384.00
2023-07-31,-6.35,1.43,0.10,28.58,10.34,0.59,12.60,9.23,5.70,12.53,837.80,63.64,25.63,19.83,5692.00,708294.00,163070.00,3346.00
2023-08-01,-10.48,0.00,0.34,36.20,8.33,0.66,11.50,8.63,5.30,48.55,0.00,223.10,4.98,35.99,17744.00,1363850.00,206377.00,10202.00
2023-08-02,-6.04,2.23,0.15,33.32,4.07,0.48,15.70,9.98,5.40,18.67,1376.00,101.40,42.63,32.22,9462.00,1360309.00,99073.00,-1792.00
2023-08-03,-1.50,6.30,0.00,18.64,8.45,0.41,19.00,13.65,8.80,0.00,3550.00,0.00,109.91,-9.75,0.00,-113293.00,-86882.00,-5445.00
2023-08-04,-3.00,4.90,0.00,21.36,9.29,0.12,17.30,13.68,10.60,0.00,2677.00,0.00,81.91,-7.11,0.00,-61594.00,-59094.00,-551.50
2023-08-05,-9.77,0.00,0.00,32.67,8.55,0.71,15.30,11.71,8.70,0.00,0.00,0.00,0.00,19.02,0.00,667650.00,102948.00,1226.00
2023-08-06,-7.46,0.03,0.27,37.01,1.64,0.61,14.30,10.64,7.40,39.85,25.50,179.00,5.13,40.12,15441.00,1513788.00,53122.00,14228.00
2023-08-07,-7.14,0.00,0.50,39.60,0.32,0.69,15.10,9.34,5.10,71.46,0.00,334.00,7.73,54.82,28170.00,2176067.00,17350.00,34742.00
2023-08-08,-7.35,0.22,0.72,38.93,0.35,0.72,15.10,9.49,6.10,103.50,198.00,477.30,17.02,51.34,39826.00,2041682.00,18362.00,20909.00
2023-08-09,-3.03,2.49,0.22,25.66,6.43,0.57,13.90,8.86,3.00,12.25,1514.00,145.60,50.94,19.30,10021.00,608676.00,100713.00,3027.00
2023-08-10,-6.29,0.83,0.00,27.15,7.81,0.69,16.30,11.65,7.60,0.00,523.50,0.00,17.34,30.81,0.00,977143.00,187538.00,17074.00
2023-08-11,-7.54,0.00,0.02,32.89,6.67,0.40,16.10,11.36,8.00,1.19,0.00,12.48,0.35,51.13,1000.00,1701589.00,334355.00,14763.00
2023-08-12,-9.31,0.00,0.00,31.83,8.23,0.70,12.50,9.09,6.10,0.00,0.00,0.00,0.00,37.61,0.00,1222148.00,285575.00,16362.00
2023-08-13,-7.17,0.02,0.38,36.90,1.33,0.74,10.60,7.23,4.70,57.36,17.00,254.00,6.64,55.46,21698.00,2061349.00,71318.00,36638.00
2023-08-14,-8.78,0.00,0.75,41.09,0.40,0.82,11.20,6.48,2.30,111.00,0.00,498.00,11.29,68.85,48647.00,2808248.00,28072.00,63711.00
2023-08-15,-7.17,1.44,0.77,37.53,0.54,0.84,12.40,6.65,2.20,110.10,1375.00,512.50,52.36,51.44,49791.00,2077660.00,24653.00,12605.00
2023-08-16,-7.39,1.83,0.37,32.94,5.25,0.52,15.00,8.50,1.80,53.24,1492.00,245.80,50.24,42.87,20011.00,1582367.00,201581.00,5369.00
2023-08-17,-3.23,1.03,0.27,29.59,3.93,0.36,13.80,10.20,8.00,29.42,728.20,179.20,27.47,37.84,13434.00,1149359.00,147531.00,12586.00
2023-08-18,-2.69,5.26,0.00,21.67,7.76,0.59,12.50,9.19,7.00,0.00,3620.00,0.00,111.06,16.66,0.00,499818.00,145004.00,-2058.00
2023-08-19,-4.40,2.25,0.00,21.17,11.16,0.78,17.10,12.53,8.00,0.00,1495.00,0.00,48.28,11.75,0.00,384347.00,124622.00,-8242.00
2023-08-20,-6.25,1.94,0.21,25.92,7.85,0.79,17.20,12.91,8.80,32.43,1612.00,140.70,56.48,34.08,12070.00,983332.00,252268.00,1205.00
2023-08-21,-4.82,1.98,0.10,25.45,7.48,0.62,18.80,13.77,8.80,14.21,1330.00,63.16,44.77,38.79,5367.00,1135577.00,271992.00,6064.00
2023-08-22,-5.67,0.49,0.58,31.01,4.67,0.45,11.60,10.14,7.90,88.06,411.40,383.30,22.42,52.73,34556.00,1686227.00,227618.00,28446.00
2023-08-23,-6.73,0.73,0.48,28.91,7.40,0.69,14.80,10.67,6.90,75.07,513.00,319.70,24.07,51.25,27186.00,1580789.00,347666.00,13982.00
2023-08-24,-4.50,3.34,0.08,23.83,7.77,0.67,18.60,12.64,7.70,8.11,2160.00,52.46,70.68,48.58,5101.00,1373367.00,354144.00,3516.00
2023-08-25,-3.80,3.94,0.35,21.08,8.77,0.75,15.10,10.95,7.60,50.70,3042.00,233.00,103.68,46.23,19607.00,1139476.00,353570.00,20428.00
2023-08-26,-2.78,3.61,0.13,28.73,0.65,0.82,11.50,7.60,4.30,18.51,2957.00,85.53,97.06,57.48,10254.00,1810879.00,36893.00,17568.00
2023-08-27,-3.03,4.09,0.35,26.82,1.82,0.90,12.30,7.12,2.50,51.87,3332.00,232.20,113.51,54.64,20347.00,1570182.00,95371.00,25436.00
2023-08-28,-6.50,1.84,0.57,32.39,3.67,0.69,14.70,8.80,3.60,88.30,1735.00,381.00,62.06,55.71,32466.00,1929594.00,199191.00,22364.00
2023-08-29,-1.73,4.12,0.00,23.42,4.26,0.53,18.50,13.09,8.40,0.00,2552.00,0.00,83.39,39.58,0.00,1051649.00,159106.00,7707.00
2023-08-30,-2.78,4.47,0.27,22.30,6.21,0.74,14.60,11.21,9.00,40.13,3264.00,179.20,109.05,45.67,15974.00,1120325.00,276686.00,21012.00
2023-08-31,-5.08,1.45,0.00,23.61,11.24,0.83,15.50,11.01,8.40,0.00,899.00,0.00,28.05,40.31,0.00,1128859.00,409429.00,6777.00
2023-09-01,-7.00,0.03,0.76,35.07,2.19,0.91,12.90,9.56,6.60,117.90,31.40,501.90,13.00,60.09,52272.00,2127440.00,130709.00,33154.00
2023-09-02,-4.88,2.75,0.69,30.56,0.81,0.90,13.00,8.70,3.80,106.90,2344.00,457.80,87.39,57.30,44357.00,1977197.00,58357.00,8506.00
2023-09-03,-1.65,5.19,0.00,20.93,5.20,0.79,17.70,9.74,3.40,0.00,4435.00,0.00,145.59,16.83,0.00,485923.00,67927.00,1056.00
2023-09-04,-2.98,5.38,0.00,19.57,7.98,0.83,21.20,13.45,5.90,0.00,3276.00,0.00,106.42,21.59,0.00,672152.00,121270.00,2404.00
2023-09-05,-3.16,4.44,0.00,22.11,6.64,0.89,13.60,10.38,5.70,0.00,2816.00,0.00,91.08,31.90,0.00,873177.00,223415.00,12903.00
2023-09-06,-3.57,3.73,0.00,20.11,9.07,0.59,17.70,12.76,7.80,0.00,2555.00,0.00,85.37,15.95,0.00,428467.00,107892.00,3045.00
2023-09-07,-0.40,6.28,0.00,15.59,7.25,0.84,15.50,13.18,11.20,0.00,3601.00,0.00,121.79,6.92,0.00,169525.00,25830.00,198.30
2023-09-08,-2.17,3.15,0.00,20.79,7.90,0.76,15.90,12.79,10.00,0.00,1846.00,0.00,60.66,18.65,0.00,470375.00,140120.00,-7353.00
2023-09-09,-4.62,3.44,0.22,22.35,8.66,1.10,12.20,9.45,7.10,33.90,2400.00,144.00,80.59,29.38,13321.00,921297.00,187258.00,-16809.00
2023-09-10,-6.88,1.38,0.00,28.90,6.52,0.95,16.40,10.10,5.20,0.00,1135.00,0.00,36.78,34.85,0.00,1133375.00,186726.00,11864.00
2023-09-11,-5.08,1.53,0.53,33.07,1.76,0.97,12.20,8.16,2.10,75.93,1445.00,351.50,52.51,57.64,38782.00,1991994.00,104683.00,34435.00
2023-09-12,-5.44,3.46,0.33,28.51,3.07,0.74,17.30,12.01,8.80,50.88,2487.00,219.30,86.59,46.17,19220.00,1538453.00,130890.00,9469.00
2023-09-13,-4.92,2.46,0.51,28.32,3.48,0.73,23.20,15.10,8.00,79.83,2111.00,337.60,77.47,52.04,28421.00,1664038.00,147375.00,15231.00
2023-09-14,-0.31,6.80,0.02,18.05,3.06,0.86,20.50,15.08,11.20,0.00,4700.00,16.37,165.62,25.90,747.30,469262.00,56682.00,47762.00
2023-09-15,-4.30,4.25,0.00,18.63,10.10,0.99,20.20,16.22,12.30,0.00,2887.00,0.00,97.27,10.70,0.00,365019.00,101272.00,-14968.00
2023-09-16,-3.50,4.08,0.00,16.44,12.10,0.52,15.80,13.23,10.90,0.00,2824.00,0.00,95.29,-1.53,0.00,17067.00,-17705.00,-4717.00
2023-09-17,-5.57,3.78,0.00,20.70,9.60,1.15,16.50,12.16,9.00,0.00,3052.00,0.00,102.91,14.15,0.00,530818.00,78430.00,-13372.00
2023-09-18,-6.50,0.62,0.00,30.49,4.54,1.22,18.10,12.58,8.40,0.00,601.10,0.00,19.80,31.46,0.00,1045155.00,120125.00,21748.00
2023-09-19,-3.10,4.18,0.00,18.77,8.64,1.09,22.70,15.65,9.40,0.00,2526.00,0.00,85.40,1.46,0.00,93738.00,-2826.00,-12648.00
2023-09-20,-3.00,6.20,0.00,16.00,9.82,1.05,13.00,9.46,7.40,0.00,3770.00,0.00,125.38,-12.65,0.00,74187.00,-134496.00,-39846.00
2023-09-21,-6.06,1.05,0.27,30.31,4.92,1.04,11.00,8.16,5.40,42.28,749.40,178.80,28.11,29.29,15550.00,1009118.00,84431.00,9246.00
2023-09-22,-5.81,1.93,0.24,31.59,2.14,1.25,15.90,9.54,1.90,35.55,1691.00,156.30,57.82,40.21,13808.00,1431517.00,68852.00,8946.00
2023-09-23,-5.22,3.60,0.00,28.11,0.45,1.19,16.60,11.18,6.70,0.00,3120.00,0.00,110.91,37.74,0.00,1219799.00,18532.00,16014.00
2023-09-24,-3.89,4.26,0.00,21.64,5.41,1.06,22.10,13.86,7.50,0.00,3471.00,0.00,121.89,33.47,0.00,855029.00,170878.00,14595.00
2023-09-25,-3.82,4.00,0.27,22.20,5.91,0.78,15.50,11.16,6.90,41.23,2927.00,177.40,104.41,37.16,14137.00,967598.00,204423.00,14750.00
2023-09-26,-6.50,2.30,0.90,29.95,1.75,1.31,14.10,9.37,4.40,145.10,2027.00,597.50,83.44,48.19,50815.00,1547200.00,77573.00,30917.00
2023-09-27,-5.28,2.76,0.36,26.37,4.29,1.24,19.10,12.18,6.40,62.21,1894.00,239.30,69.66,39.02,18348.00,1179002.00,152777.00,15969.00
2023-09-28,-6.26,2.62,0.05,22.51,8.93,1.29,21.40,15.63,11.40,7.17,2103.00,34.94,73.10,19.03,2146.00,674809.00,162119.00,-29234.00
2023-09-29,-5.44,3.82,0.24,24.36,4.82,1.00,14.80,12.50,9.80,36.88,2894.00,160.40,104.76,28.24,14161.00,854233.00,96433.00,8451.00
2023-09-30,-2.25,6.15,0.10,15.78,6.20,0.97,23.40,15.78,6.90,15.70,4341.00,64.58,162.93,12.42,4537.00,370056.00,56703.00,-1270.00
2023-10-01,-1.60,6.95,0.21,12.59,7.86,1.12,21.00,14.26,8.50,30.54,4504.00,140.50,170.04,-4.23,5602.00,181640.00,-99503.00,-25783.00
2023-10-02,-0.04,6.83,0.00,14.06,6.10,1.43,22.40,14.00,6.50,0.00,4768.00,0.00,168.02,30.13,0.00,477015.00,168918.00,20354.00
2023-10-03,-3.58,3.83,0.35,21.81,5.74,0.67,22.60,15.57,10.30,54.84,2449.00,235.70,91.24,49.91,21006.00,1180438.00,264631.00,39984.00
2023-10-04,-1.23,4.83,0.32,22.81,2.61,0.41,12.10,10.63,9.00,28.43,3163.00,210.30,112.47,60.60,24918.00,1452885.00,142960.00,17657.00
2023-10-05,-1.16,6.30,0.00,16.06,7.70,0.97,16.60,10.87,7.10,0.00,4041.00,0.00,135.35,42.72,0.00,739458.00,313285.00,16317.00
2023-10-06,-1.45,4.51,0.00,19.83,4.92,1.19,13.50,9.24,6.20,0.00,3561.00,0.00,122.82,41.34,0.00,918263.00,194471.00,30909.00
2023-10-07,-0.49,6.90,0.00,18.96,1.67,1.35,16.50,10.38,4.90,0.00,5915.00,0.00,208.35,43.06,0.00,885661.00,67118.00,34939.00
2023-10-08,-1.75,4.88,0.00,21.74,2.20,1.53,17.10,10.12,4.30,0.00,4465.00,0.00,156.17,40.20,0.00,991193.00,88299.00,30138.00
2023-10-09,-3.21,3.21,0.00,24.24,4.57,1.27,16.90,11.30,5.20,0.00,2840.00,0.00,94.40,45.87,0.00,1230266.00,208369.00,31326.00
2023-10-10,-3.68,3.08,0.37,26.29,0.67,1.46,15.00,11.03,6.90,59.25,2804.00,244.70,106.08,57.40,24656.00,1577053.00,37258.00,64027.00
2023-10-11,-0.29,6.86,0.00,17.22,4.15,1.47,21.00,13.34,7.80,0.00,4724.00,0.00,160.62,28.64,0.00,561892.00,105069.00,24087.00
2023-10-12,0.00,7.98,0.00,12.56,8.98,0.73,19.60,14.01,10.50,0.00,5591.00,0.00,184.82,22.36,0.00,291244.00,203782.00,11801.00
2023-10-13,-0.73,6.20,0.00,13.71,9.67,1.17,15.30,12.23,9.50,0.00,4094.00,0.00,136.33,15.72,0.00,290128.00,142169.00,1680.00
2023-10-14,-2.33,5.63,0.00,14.29,11.79,1.24,17.00,11.09,5.80,0.00,3682.00,0.00,120.28,3.76,0.00,171039.00,32200.00,-14350.00
2023-10-15,-4.20,3.27,0.00,24.07,7.49,1.16,15.30,9.79,7.30,0.00,2453.00,0.00,77.16,28.18,0.00,789436.00,201056.00,9719.00
2023-10-16,-0.26,6.85,0.00,16.60,7.59,1.29,15.00,9.46,6.30,0.00,4227.00,0.00,131.79,19.58,0.00,467660.00,103122.00,25558.00
2023-10-17,-1.61,5.27,0.06,23.88,1.60,1.59,21.80,11.80,3.60,3.59,4912.00,38.56,160.67,46.18,2682.00,1224251.00,67312.00,33567.00
2023-10-18,-3.44,3.14,0.14,25.05,1.99,1.62,20.80,13.20,6.70,22.89,2770.00,93.95,99.67,46.56,9873.00,1321824.00,84270.00,34932.00
2023-10-19,-4.17,1.50,0.25,27.91,1.12,1.56,18.60,13.58,8.40,41.10,1323.00,165.20,51.37,44.74,17187.00,1370930.00,46848.00,26823.00
2023-10-20,-2.21,4.00,0.00,23.01,2.24,1.39,17.10,12.93,10.00,0.00,3036.00,0.00,106.77,39.83,0.00,983052.00,100860.00,27403.00
2023-10-21,0.00,9.53,0.00,11.69,6.52,0.29,16.50,13.92,11.40,0.00,5821.00,0.16,207.67,23.73,2.51,288537.00,143418.00,4211.00
2023-10-22,0.00,8.45,0.00,12.93,4.41,1.02,19.30,15.02,12.20,0.00,4287.00,0.00,159.90,21.00,0.00,286445.00,106651.00,13565.00
2023-10-23,-1.90,5.15,0.15,17.91,5.78,1.25,19.50,15.21,10.90,20.26,4243.00,101.40,152.57,34.69,9607.00,743307.00,171399.00,25103.00
2023-10-24,0.00,9.97,0.00,10.63,7.22,0.96,21.60,14.68,9.70,0.00,5488.00,0.00,190.66,18.65,0.00,204396.00,131861.00,8830.00
2023-10-25,-1.23,6.28,0.00,14.90,10.87,1.10,11.20,8.99,6.70,0.00,4445.00,0.00,139.25,24.86,0.00,455822.00,261922.00,10888.00
2023-10-26,-1.15,5.45,0.00,18.41,7.08,1.50,13.90,9.06,5.70,0.00,3636.00,0.06,116.20,33.26,1.09,736820.00,218249.00,9705.00
2023-10-27,-1.23,5.11,0.00,23.55,2.39,1.59,14.30,10.35,7.00,0.00,4138.00,0.00,131.76,48.06,0.00,1257739.00,114784.00,30006.00
2023-10-28,0.00,1.99,0.41,19.19,7.71,1.09,19.10,13.05,7.10,0.00,1376.00,274.80,54.32,67.89,41034.00,1312938.00,571803.00,70421.00
2023-10-29,0.00,0.00,1.11,22.03,4.76,1.53,19.70,13.45,9.30,0.00,0.00,737.10,25.05,94.88,113100.00,2094049.00,439307.00,153657.00
2023-10-30,0.00,0.00,0.07,19.70,9.75,1.08,19.50,14.15,10.60,0.00,0.00,44.39,1.45,60.52,6434.00,1187790.00,592277.00,72704.00
2023-10-31,0.00,0.00,0.00,19.42,9.75,1.44,15.70,11.35,7.50,0.00,0.00,0.00,0.00,67.19,0.00,1314105.00,644947.00,98124.00
2023-11-01,0.00,0.00,0.36,24.70,2.95,1.73,18.30,12.92,6.70,0.00,0.00,236.70,7.96,77.33,35019.00,1903741.00,224669.00,140550.00
2023-11-02,-0.61,0.50,0.00,25.95,2.55,1.73,17.10,12.40,6.70,0.00,382.50,0.00,12.70,70.36,0.00,1836372.00,176863.00,118132.00
2023-11-03,0.00,7.90,0.00,15.98,5.40,1.40,13.10,10.96,7.80,0.00,6080.00,0.00,198.17,41.43,0.00,721827.00,197567.00,28965.00
2023-11-04,0.00,10.30,0.00,16.18,2.35,1.17,13.70,10.12,5.30,0.00,7533.00,0.00,251.16,23.23,0.00,373761.00,66424.00,13972.00
2023-11-05,0.00,9.95,0.00,16.64,1.06,1.50,14.30,11.78,9.30,0.00,8017.00,0.00,275.01,31.26,0.00,540385.00,36987.00,22349.00
2023-11-06,-0.91,8.14,0.00,15.98,4.27,1.64,19.80,14.86,9.50,0.00,6122.00,0.00,210.28,37.69,0.00,686316.00,159218.00,28492.00
2023-11-07,-0.32,7.34,0.11,16.31,4.63,1.08,19.50,14.78,10.50,0.00,6020.00,76.11,209.15,48.08,2434.00,849332.00,221945.00,32399.00
2023-11-08,-1.88,7.26,0.40,18.58,3.14,1.22,22.80,16.72,12.80,9.33,5860.00,268.20,213.04,66.12,15971.00,1539007.00,162151.00,45334.00
2023-11-09,-4.30,3.68,0.30,27.21,0.42,1.47,21.60,17.11,14.90,0.00,3245.00,198.80,119.68,83.58,19784.00,2389261.00,37474.00,95650.00
2023-11-10,-2.81,5.13,0.00,20.38,3.76,1.77,27.00,17.78,13.80,0.00,4011.00,0.00,142.08,56.69,0.00,1329061.00,194368.00,63088.00
2023-11-11,0.00,9.50,0.00,11.52,5.74,1.48,20.40,15.85,9.80,0.00,6464.00,0.00,228.90,33.11,0.00,467157.00,134383.00,15296.00
2023-11-12,0.00,8.69,0.00,11.45,7.72,1.26,18.60,12.33,8.20,0.00,6581.00,0.00,225.95,25.24,0.00,465595.00,79507.00,-22233.00
2023-11-13,-1.34,6.18,0.00,16.19,6.84,1.90,22.00,15.05,9.30,0.00,4955.00,0.00,166.48,63.38,0.00,1260156.00,431842.00,34175.00
2023-11-14,-3.57,2.90,0.29,24.23,3.55,1.67,17.00,13.50,10.90,39.28,2603.00,191.30,94.81,86.90,25408.00,2093183.00,320577.00,145664.00
2023-11-15,-3.67,4.13,0.00,22.65,3.64,1.67,20.20,13.49,10.30,0.00,3525.00,0.00,124.02,71.85,0.00,1744584.00,305073.00,53106.00
2023-11-16,-0.59,6.09,0.00,17.20,5.81,1.21,14.50,11.41,8.40,0.00,4016.00,0.00,135.15,65.69,0.00,1375483.00,333847.00,19436.00
2023-11-17,0.00,8.05,0.00,15.67,3.91,1.65,21.50,14.84,7.00,0.00,6303.00,0.00,215.21,58.59,0.00,1079497.00,187192.00,28137.00
2023-11-18,-0.23,9.03,0.11,17.23,1.36,1.47,15.30,12.99,10.80,6.14,8320.00,70.17,289.45,72.13,12423.00,1334935.00,89991.00,33004.00
2023-11-19,0.00,9.90,0.00,15.88,1.13,1.37,22.80,14.42,11.20,0.00,9566.00,0.00,338.21,76.56,0.00,1277931.00,64725.00,35118.00
2023-11-20,-0.27,7.15,0.24,18.70,2.13,1.53,20.10,15.02,9.70,6.88,6262.00,159.60,217.60,106.26,28208.00,2119760.00,197399.00,117136.00
2023-11-21,0.00,8.59,0.00,17.26,1.98,1.73,19.80,15.61,12.30,0.00,7161.00,0.00,242.32,86.37,0.00,1574145.00,145943.00,116846.00
2023-11-22,0.00,9.97,0.00,14.92,2.78,1.63,19.30,15.02,12.30,0.00,7407.00,0.00,252.83,56.36,0.00,894631.00,139767.00,25592.00
2023-11-23,0.00,10.30,0.00,15.92,1.51,1.82,17.30,14.14,9.60,0.00,8179.00,0.00,276.79,83.49,0.00,1340980.00,121362.00,99820.00
2023-11-24,-0.14,8.73,0.00,15.70,3.57,1.50,23.00,17.44,11.10,0.00,6946.00,0.00,236.65,89.89,0.00,1438938.00,312187.00,125357.00
2023-11-25,0.00,9.82,0.00,15.82,2.06,0.73,17.30,15.38,14.10,0.00,7694.00,0.00,270.69,55.65,0.00,877944.00,135757.00,13743.00
2023-11-26,0.00,10.20,0.00,13.12,4.36,0.78,14.60,12.32,8.80,0.00,7840.00,0.00,275.48,45.55,0.00,595845.00,206830.00,13034.00
2023-11-27,0.00,10.54,0.27,15.02,2.65,1.00,13.60,11.12,8.80,0.00,8918.00,179.10,308.60,63.46,10356.00,990014.00,144703.00,29876.00
2023-11-28,0.00,10.36,0.21,15.26,2.52,1.21,15.60,12.76,10.70,0.00,8785.00,139.50,301.89,85.52,20530.00,1310259.00,215098.00,93264.00
2023-11-29,0.00,9.90,0.06,12.09,5.63,1.25,16.90,13.60,11.20,0.00,5959.00,37.46,207.31,28.63,1336.00,352194.00,152342.00,23344.00
2023-11-30,0.00,10.52,0.15,12.28,5.17,1.31,17.00,14.10,12.00,0.00,6567.00,99.30,226.53,35.02,6478.00,451581.00,165898.00,42785.00
2023-12-01,0.00,10.48,0.00,15.12,2.36,1.32,18.30,14.81,11.50,0.00,7851.00,0.00,268.12,51.57,0.00,796506.00,105591.00,34020.00
2023-12-02,0.00,10.45,0.00,14.44,2.35,1.50,19.10,15.51,11.40,0.00,8022.00,0.00,279.19,47.94,0.00,703197.00,101699.00,28456.00
2023-12-03,0.00,10.08,0.00,15.18,0.64,1.45,19.30,15.91,12.70,0.00,8865.00,0.00,324.12,56.73,0.00,881607.00,33990.00,23259.00
2023-12-04,-0.91,8.16,0.13,16.53,4.13,1.11,24.40,18.63,11.90,17.05,6562.00,83.07,227.44,58.41,10720.00,1144331.00,168430.00,28117.00
2023-12-05,-0.11,7.53,0.00,15.10,5.24,1.45,21.90,17.59,13.20,0.00,6410.00,0.00,219.42,79.75,0.00,1274139.00,367377.00,94271.00
2023-12-06,-2.00,6.22,0.13,17.20,4.87,1.83,23.20,16.79,12.70,23.65,5465.00,86.57,195.70,65.02,7149.00,1164442.00,327969.00,93869.00
2023-12-07,-1.41,5.81,0.15,18.78,3.36,1.91,23.40,16.92,11.10,23.07,5289.00,102.10,187.60,107.77,17935.00,2109215.00,349756.00,200266.00
2023-12-08,-1.08,6.46,0.24,20.19,2.31,1.09,21.60,15.88,11.30,23.87,4387.00,158.50,154.75,83.50,26371.00,1720382.00,203691.00,84194.00
2023-12-09,-0.06,8.11,0.00,15.03,4.35,1.05,18.10,14.35,10.10,0.00,6464.00,0.00,226.94,76.19,0.00,1182830.00,322742.00,71294.00
2023-12-10,0.00,10.42,0.00,14.60,2.06,1.57,19.70,13.41,6.80,0.00,6891.00,0.00,240.48,45.56,0.00,678023.00,88543.00,69037.00
2023-12-11,-0.12,7.76,0.00,17.60,2.65,1.87,20.00,15.09,10.40,0.00,5531.00,0.00,185.83,89.75,0.00,1621194.00,240892.00,182372.00
2023-12-12,-1.62,7.70,0.17,17.99,2.76,1.87,22.90,16.98,9.70,28.70,5566.00,116.00,195.78,82.43,11746.00,1432548.00,229906.00,146994.00
2023-12-13,-0.24,7.38,0.00,14.58,6.50,0.98,26.60,19.87,13.00,0.00,5546.00,0.00,189.84,96.29,0.00,1444203.00,608389.00,100570.00
2023-12-14,-1.75,7.37,0.00,13.08,8.92,1.14,22.20,18.33,14.30,0.00,5139.00,0.00,178.71,39.96,0.00,748657.00,309604.00,10311.00
2023-12-15,-2.45,5.79,0.59,18.83,4.47,1.69,18.10,15.14,10.70,0.00,4509.00,389.60,169.41,56.96,13121.00,1214801.00,247861.00,34728.00
2023-12-16,-2.15,6.59,0.00,13.10,9.93,1.46,18.60,14.64,12.40,0.00,4561.00,0.00,157.69,21.84,0.00,533391.00,197611.00,-35558.00
2023-12-17,-3.25,4.62,0.15,22.01,3.49,1.69,23.10,16.58,12.00,24.43,3890.00,98.95,138.11,54.97,9941.00,1387797.00,182445.00,50786.00
2023-12-18,-1.88,4.53,0.65,22.41,2.94,0.74,21.30,16.58,13.60,24.00,3610.00,433.70,136.74,72.43,50182.00,1631384.00,211879.00,58096.00
2023-12-19,-0.38,7.95,0.21,14.25,5.15,1.43,19.10,15.21,10.60,0.00,5005.00,139.00,179.79,42.10,12362.00,667106.00,193642.00,36591.00
2023-12-20,0.00,10.33,1.08,11.66,3.77,1.79,17.00,13.15,8.10,0.00,7075.00,717.60,272.15,36.57,42082.00,432354.00,130762.00,27785.00
2023-12-21,0.00,9.94,0.98,13.15,2.45,1.46,18.10,14.71,11.80,0.00,5925.00,654.50,235.05,31.09,37156.00,423044.00,61813.00,20311.00
2023-12-22,0.00,10.11,0.84,14.56,1.60,1.61,19.00,15.12,10.00,0.00,6911.00,560.80,260.10,36.10,25235.00,543954.00,45706.00,17258.00
2023-12-23,0.00,9.32,0.43,16.38,0.81,1.77,19.60,15.58,10.20,0.00,7121.00,288.00,257.99,39.91,19356.00,676204.00,30588.00,20976.00
2023-12-24,0.00,9.76,0.00,15.18,1.84,1.42,20.50,16.79,12.90,0.00,7445.00,0.00,263.94,31.46,0.00,509518.00,42871.00,22857.00
2023-12-25,0.00,10.30,0.00,11.66,3.86,1.86,20.60,16.77,11.60,0.00,6066.00,0.00,219.12,14.74,0.00,186981.00,43398.00,14338.00
2023-12-26,0.00,9.09,0.29,13.88,3.02,1.82,23.20,18.32,12.80,0.00,5787.00,191.40,212.76,29.06,21356.00,467528.00,75298.00,22498.00
2023-12-27,-0.53,7.61,0.97,16.42,2.68,1.70,24.00,19.71,14.60,0.00,6233.00,647.20,238.48,49.60,37768.00,931730.00,123468.00,34443.00
2023-12-28,-0.11,7.84,0.00,15.07,4.48,1.40,19.90,16.86,12.70,0.00,6634.00,0.00,231.29,37.34,0.00,647383.00,138902.00,24489.00
2023-12-29,0.00,8.05,0.00,12.83,6.55,1.53,19.60,15.07,11.40,0.00,6582.00,0.00,227.28,38.85,0.00,573672.00,212809.00,46345.00
2023-12-30,0.00,9.18,0.00,9.00,8.84,1.59,18.00,13.93,11.00,0.00,7034.00,0.00,245.82,20.79,0.00,263341.00,132880.00,-255.80
2023-12-31,0.00,10.36,0.21,13.73,1.59,1.85,22.60,16.85,12.30,0.00,8896.00,138.00,325.60,38.05,15965.00,531537.00,54025.00,21982.00
2024-01-01,0.00,10.30,1.37,13.85,1.07,1.41,20.50,16.26,13.10,0.00,8724.00,909.10,344.06,48.52,65228.00,682112.00,52663.00,23312.00
2024-01-02,0.00,10.19,1.10,13.12,3.29,1.23,21.50,17.96,15.40,0.00,7698.00,731.30,291.41,67.37,70216.00,906986.00,206274.00,50041.00
2024-01-03,-0.17,7.57,1.11,15.02,3.84,1.32,23.10,18.29,14.20,4.75,6418.00,740.40,249.29,89.26,96953.00,1376497.00,343216.00,114630.00
2024-01-04,0.00,10.25,0.45,10.94,4.46,1.39,17.40,15.01,13.60,0.00,7838.00,301.50,296.10,63.26,34603.00,704467.00,269140.00,52146.00
2024-01-05,0.00,10.23,0.94,15.02,0.65,1.70,19.80,15.91,12.90,0.00,7655.00,625.80,290.11,54.18,39349.00,831656.00,35363.00,48713.00
2024-01-06,-0.30,7.87,1.05,14.46,2.67,1.74,23.20,17.60,11.90,3.68,6128.00,697.10,248.23,63.26,55684.00,1009870.00,180616.00,70593.00
2024-01-07,0.00,9.24,0.20,13.47,3.38,1.00,25.70,19.16,15.30,0.00,8371.00,132.50,311.51,64.51,8435.00,914966.00,195864.00,45290.00
2024-01-08,0.00,9.57,0.35,12.91,5.07,0.68,17.80,15.38,14.10,0.00,8153.00,232.00,293.39,69.37,17551.00,934785.00,327149.00,34882.00
2024-01-09,-0.10,7.81,1.23,16.19,1.06,1.87,20.80,16.90,14.10,3.00,6856.00,815.60,273.38,76.17,89243.00,1343293.00,82461.00,81255.00
2024-01-10,-0.96,6.39,0.00,15.09,4.82,1.64,28.10,20.59,14.30,0.00,5474.00,0.00,202.85,68.90,0.00,1260101.00,282648.00,39286.00
2024-01-11,0.00,9.78,0.78,13.26,2.71,1.94,26.60,19.74,14.70,0.00,8293.00,521.60,309.50,57.68,42022.00,804816.00,151048.00,49171.00
2024-01-12,-0.20,8.47,1.34,16.63,1.09,1.75,26.00,19.98,16.40,5.30,7558.00,893.00,290.41,85.62,113520.00,1487341.00,94323.00,133550.00
2024-01-13,0.00,10.12,0.70,10.16,5.90,1.73,21.20,16.98,13.80,0.00,7190.00,462.70,267.53,34.69,36589.00,348920.00,204007.00,28755.00
2024-01-14,0.00,10.23,0.97,11.57,3.98,1.89,20.20,15.49,11.90,0.00,7002.00,646.60,266.97,23.07,22457.00,285095.00,83190.00,24521.00
2024-01-15,0.00,9.24,1.23,13.44,4.04,1.72,22.80,17.82,13.00,0.00,6845.00,816.80,258.25,53.79,61042.00,753901.00,237009.00,63533.00
2024-01-16,-0.35,8.04,0.00,11.33,9.03,1.53,30.80,22.84,15.30,0.00,5314.00,0.00,179.73,46.56,0.00,619602.00,399738.00,44197.00
2024-01-17,-0.78,6.50,0.00,14.88,6.68,0.57,21.10,17.99,13.10,0.00,4683.00,0.00,168.16,50.17,0.00,833952.00,343988.00,14778.00
2024-01-18,-0.20,8.12,0.00,6.89,10.71,1.09,20.20,15.55,12.70,0.00,5512.00,0.00,207.17,5.84,0.00,90391.00,99677.00,-26591.00
2024-01-19,-1.05,4.43,0.00,14.17,6.74,1.75,23.40,17.91,13.60,0.00,3819.00,0.00,146.69,32.09,0.00,668517.00,115947.00,10728.00
2024-01-20,-0.17,7.90,0.00,17.02,1.50,0.89,23.90,17.82,13.20,0.00,6069.00,0.00,223.62,31.92,0.00,603230.00,52847.00,13184.00
2024-01-21,0.00,9.66,0.00,11.20,4.75,1.07,17.90,14.69,12.20,0.00,7470.00,0.00,279.97,25.47,0.00,322307.00,95602.00,12982.00
2024-01-22,0.00,10.14,0.00,13.72,3.42,1.54,15.20,12.67,9.90,0.00,8009.00,0.00,277.90,32.84,0.00,471124.00,96797.00,20031.00
2024-01-23,-0.78,8.75,0.00,14.82,4.86,0.86,19.50,15.24,11.80,0.00,7589.00,0.00,266.14,51.79,0.00,794163.00,266197.00,41380.00
2024-01-24,-2.10,6.07,0.00,15.60,7.98,1.56,28.00,19.47,15.00,0.00,4851.00,0.00,166.65,60.03,0.00,961688.00,470586.00,102823.00
2024-01-25,-4.76,0.93,0.03,23.41,8.44,1.61,26.10,20.28,15.50,5.80,922.50,22.24,31.65,67.68,1997.00,1565840.00,561983.00,92685.00
2024-01-26,-0.37,6.96,0.00,9.19,11.00,1.65,22.60,17.56,14.50,0.00,5659.00,0.00,199.02,8.14,0.00,202913.00,104987.00,-45679.00
2024-01-27,-0.46,7.10,0.00,9.64,10.79,1.47,22.90,17.35,14.40,0.00,6218.00,0.00,217.90,9.06,0.00,181379.00,99152.00,-24166.00
2024-01-28,-1.98,5.08,0.00,16.80,7.52,1.64,26.40,19.90,14.10,0.00,4706.00,0.00,161.96,25.45,0.00,659353.00,150525.00,-20097.00
2024-01-29,-1.59,5.17,0.00,19.31,5.25,1.53,28.10,20.42,13.40,0.00,4037.00,0.00,136.08,51.95,0.00,1185208.00,238050.00,30934.00
2024-01-30,-0.24,7.20,0.00,17.89,2.62,1.91,26.70,16.57,9.30,0.00,5737.00,0.00,195.25,46.66,0.00,934505.00,119676.00,36439.00
2024-01-31,-0.13,7.19,0.03,14.66,4.46,1.71,22.50,18.05,15.20,0.23,5852.00,21.04,210.33,100.83,-1155.00,1495077.00,343189.00,17218.00
2024-02-01,-1.04,6.34,0.00,12.22,10.52,1.52,25.80,19.30,14.50,0.00,4758.00,0.00,160.93,37.70,0.00,555753.00,404317.00,22347.00
2024-02-02,-1.86,6.91,0.00,14.04,8.77,1.77,20.20,15.79,12.10,0.00,5349.00,0.00,180.56,30.27,0.00,726861.00,185957.00,-26074.00
2024-02-03,-3.90,4.22,0.00,21.28,5.95,1.96,29.30,19.39,9.40,0.00,3493.00,0.00,118.37,37.44,0.00,1093892.00,163625.00,-8636.00
2024-02-04,-3.53,4.27,0.00,23.25,4.10,1.02,19.20,15.33,14.00,0.00,3069.00,0.00,105.40,44.18,0.00,1156065.00,169986.00,27587.00
2024-02-05,-1.92,5.03,0.00,19.70,5.69,1.65,24.10,16.77,12.10,0.00,4109.00,0.00,136.27,57.68,0.00,1183846.00,325384.00,104210.00
2024-02-06,-0.86,7.09,0.00,18.43,3.32,1.59,20.70,15.64,11.00,0.00,5558.00,0.00,188.01,41.91,0.00,877421.00,123221.00,18307.00
2024-02-07,0.00,9.73,0.00,14.80,2.16,1.83,21.10,16.49,12.10,0.00,7829.00,0.00,274.50,46.94,0.00,727115.00,91875.00,26905.00
2024-02-08,-0.25,9.22,0.00,17.24,1.08,1.77,22.60,17.99,14.70,0.00,7445.00,0.00,256.20,54.02,0.00,1010847.00,59118.00,37184.00
2024-02-09,0.00,9.81,0.00,13.69,4.21,1.63,23.60,17.32,11.90,0.00,7647.00,0.00,260.62,38.21,0.00,582253.00,117456.00,16865.00
2024-02-10,0.00,10.20,0.00,12.61,3.88,1.69,18.40,14.20,10.40,0.00,8132.00,0.00,286.55,34.73,0.00,477209.00,114473.00,25681.00
2024-02-11,-0.95,8.50,0.00,16.50,2.45,1.47,23.40,17.39,10.90,0.00,6928.00,0.00,247.72,54.48,0.00,1049451.00,103008.00,47822.00
2024-02-12,-3.05,6.11,0.51,23.67,0.89,1.76,22.60,18.48,15.30,81.98,4898.00,337.00,172.47,74.52,32449.00,1791749.00,68279.00,131928.00
2024-02-13,-3.12,4.77,0.59,20.92,5.60,1.01,28.70,18.97,14.70,86.63,3270.00,391.70,120.07,930.30,1434345.00,26519363.00,4904807.00,1183669.00
2024-02-14,-0.88,7.15,0.16,15.22,4.76,1.67,20.70,15.19,10.30,25.69,5302.00,109.60,191.79,55.41,11327.00,928609.00,278418.00,33390.00
2024-02-15,0.00,8.96,0.00,14.88,3.80,1.74,25.70,18.07,12.20,0.00,7117.00,0.00,242.17,56.63,0.00,900332.00,189715.00,33303.00
2024-02-16,0.00,9.63,0.00,17.03,0.99,1.74,24.30,17.84,11.80,0.00,7552.00,0.00,256.96,70.49,0.00,1229234.00,65990.00,83336.00
2024-02-17,0.00,9.17,0.00,16.55,1.36,1.72,24.50,18.31,13.60,0.00,7513.00,0.00,260.88,63.39,0.00,1088798.00,80940.00,42435.00
2024-02-18,0.00,9.92,0.00,13.56,3.32,1.76,27.20,19.62,12.50,0.00,8128.00,0.00,284.59,54.38,0.00,765586.00,164324.00,37747.00
2024-02-19,0.00,9.92,0.00,15.18,3.13,1.47,18.20,16.16,15.00,0.00,7632.00,0.00,256.97,52.57,0.00,844742.00,152963.00,22608.00
2024-02-20,-1.24,7.24,0.00,19.40,2.93,1.12,23.00,18.72,15.30,0.00,6436.00,0.00,218.57,78.87,0.00,1599562.00,229976.00,84726.00
2024-02-21,-2.58,6.86,0.62,19.12,4.38,1.18,30.90,22.91,15.10,104.20,5253.00,415.10,188.07,67.17,36039.00,1284796.00,294305.00,79400.00
2024-02-22,-3.60,3.54,0.75,22.14,6.50,1.21,34.80,26.01,18.90,113.10,2443.00,500.90,92.69,82.09,52480.00,1848869.00,533999.00,100843.00
2024-02-23,0.00,9.23,0.00,9.43,9.55,1.36,20.30,17.65,14.60,0.00,6738.00,0.00,227.82,31.99,0.00,347697.00,299176.00,-6242.00
2024-02-24,0.00,10.17,0.00,14.13,2.59,1.76,20.50,16.36,13.60,0.00,8881.00,0.00,310.02,38.56,0.00,550896.00,104183.00,22802.00
2024-02-25,0.00,8.92,0.00,12.86,5.66,0.84,23.10,17.31,12.70,0.00,7640.00,0.00,270.16,52.34,0.00,678794.00,332306.00,27431.00
2024-02-26,0.00,9.56,0.00,13.47,4.14,1.72,19.30,15.37,10.90,0.00,7865.00,0.00,272.33,61.52,0.00,862141.00,248104.00,56798.00
2024-02-27,-1.43,6.48,0.27,17.55,4.45,1.45,24.50,17.20,10.20,22.87,5539.00,180.40,198.01,67.52,21433.00,1301533.00,291753.00,54795.00
2024-02-28,-1.57,7.03,0.42,15.22,6.90,1.09,30.00,21.43,16.90,59.34,4899.00,280.10,176.03,60.70,24876.00,964802.00,427129.00,55284.00
2024-02-29,-1.49,4.65,0.33,16.07,8.86,1.39,24.40,20.83,16.00,43.26,3898.00,217.70,136.57,69.52,24532.00,1234427.00,589182.00,86068.00
2024-03-01,-1.35,6.22,0.06,14.30,8.29,1.25,23.90,17.93,13.30,4.29,5528.00,38.98,193.35,137.88,45954.00,2173868.00,914612.00,52489.00
2024-03-02,0.00,8.82,0.00,12.19,6.89,1.31,19.00,15.03,12.00,0.00,7240.00,0.00,247.80,93.71,0.00,1329291.00,561222.00,172734.00
2024-03-03,0.00,9.74,0.00,8.44,9.78,1.37,16.50,13.03,9.10,0.00,7827.00,0.00,266.92,24.24,0.00,230015.00,225317.00,-22301.00
2024-03-04,0.00,9.64,0.00,15.44,1.96,1.36,16.70,12.71,9.00,0.00,7533.00,0.00,265.27,47.66,0.00,780970.00,80214.00,19640.00
2024-03-05,-0.59,7.54,0.15,18.36,3.37,1.34,23.40,14.97,8.20,13.44,6625.00,101.40,222.54,76.79,18874.00,1552457.00,238071.00,66291.00
2024-03-06,-0.41,6.80,0.26,16.90,3.55,1.61,26.60,18.18,11.60,8.73,6077.00,175.80,217.46,98.92,25997.00,1720733.00,351236.00,137128.00
2024-03-07,0.00,9.53,0.00,16.17,2.83,1.58,20.80,16.48,12.30,0.00,7459.00,0.00,247.75,66.52,0.00,1114146.00,169185.00,39788.00
2024-03-08,-2.04,5.96,0.00,21.88,2.54,1.51,20.40,18.07,15.50,0.00,5209.00,0.00,174.52,82.30,0.00,1794070.00,209748.00,111615.00
2024-03-09,-1.63,6.79,0.00,16.36,7.23,1.23,33.40,23.74,13.70,0.00,4900.00,0.00,163.44,67.36,0.00,1222818.00,450013.00,65765.00
2024-03-10,-2.43,6.44,0.48,20.91,3.47,0.45,26.20,19.59,14.80,73.45,4157.00,321.40,150.26,63.03,34333.00,1423381.00,215481.00,21442.00
2024-03-11,-2.35,6.35,0.24,20.36,3.90,0.71,25.10,18.77,15.20,28.29,4446.00,162.60,156.72,75.83,19575.00,1610950.00,291694.00,50011.00
2024-03-12,-2.21,4.67,0.24,18.93,6.44,1.38,24.20,16.24,10.30,21.40,3957.00,159.50,139.07,84.81,18278.00,1600510.00,538269.00,124768.00
2024-03-13,-1.52,5.47,0.17,21.60,2.07,1.32,18.50,14.24,11.40,11.72,4895.00,110.50,171.50,103.07,18587.00,2239974.00,210229.00,138706.00
2024-03-14,0.00,9.14,0.00,14.91,4.08,1.38,16.80,13.37,10.10,0.00,7214.00,0.00,244.51,78.82,0.00,1219657.00,315744.00,84763.00
2024-03-15,0.00,9.65,0.00,17.14,1.51,1.47,17.30,12.44,7.40,0.00,6922.00,0.00,232.54,71.14,0.00,1287667.00,94989.00,35479.00
2024-03-16,-0.33,8.07,0.00,18.00,1.88,1.44,18.50,13.72,8.00,0.00,5998.00,0.00,206.44,76.73,0.00,1462957.00,157126.00,89052.00
2024-03-17,-0.29,8.74,0.00,13.98,4.20,1.24,25.60,17.41,11.80,0.00,6687.00,0.00,239.92,68.10,0.00,1023571.00,284596.00,61545.00
2024-03-18,-0.51,6.95,0.00,11.49,7.91,1.21,29.40,20.79,13.80,0.00,5559.00,0.00,205.41,75.03,0.00,942314.00,590923.00,76635.00
2024-03-19,-0.08,7.95,0.00,9.40,9.10,0.71,29.40,22.51,14.00,0.00,5409.00,0.00,199.64,52.78,0.00,567485.00,461617.00,20459.00
2024-03-20,0.00,8.48,0.00,11.43,6.30,1.08,16.70,12.50,10.80,0.00,5671.00,0.00,207.74,52.36,0.00,703891.00,298317.00,14715.00
2024-03-21,-0.06,8.74,0.00,14.28,3.04,1.32,21.50,15.29,8.90,0.00,7592.00,0.00,277.82,65.44,0.00,1017064.00,174635.00,27234.00
2024-03-22,-1.13,8.09,0.00,16.82,3.48,1.07,21.50,14.92,9.40,0.00,6871.00,0.00,242.56,72.10,0.00,1334232.00,221004.00,28260.00
2024-03-23,0.00,9.06,0.00,13.86,4.22,1.30,21.00,14.94,10.50,0.00,7151.00,0.00,251.40,55.22,0.00,759783.00,279068.00,19885.00
2024-03-24,0.00,6.98,0.00,9.31,11.97,0.68,19.20,15.62,12.20,0.00,5704.00,0.00,197.11,46.71,0.00,485627.00,551370.00,8636.00
2024-03-25,-0.46,6.82,0.00,13.79,9.21,0.97,21.40,16.87,14.50,0.00,5385.00,0.00,177.60,64.38,0.00,1002787.00,569894.00,23928.00
2024-03-26,-1.72,5.56,0.06,19.83,5.50,1.04,19.80,16.09,12.60,9.62,4839.00,40.21,160.83,76.14,3688.00,1644781.00,424335.00,38024.00
2024-03-27,0.00,8.95,0.00,17.45,2.22,1.28,19.30,13.83,9.70,0.00,7894.00,0.00,263.96,68.89,0.00,1266230.00,157747.00,34590.00
2024-03-28,0.00,9.06,0.07,17.83,1.11,1.30,18.40,13.56,7.90,0.00,8247.00,45.17,282.34,62.03,1461.00,1145909.00,61561.00,31354.00
2024-03-29,-1.02,7.47,0.00,20.12,0.93,1.24,20.30,15.18,10.70,0.00,7293.00,0.00,253.71,63.57,0.00,1439181.00,52647.00,30943.00
2024-03-30,-0.70,6.17,0.00,21.20,0.75,0.92,17.50,15.60,12.90,0.00,5685.00,0.00,200.59,62.43,0.00,1409409.00,44042.00,29915.00
2024-03-31,-0.39,8.33,0.00,18.08,0.59,0.94,19.80,15.91,12.90,0.00,7843.00,0.00,284.67,66.41,0.00,1276288.00,40115.00,36339.00
2024-04-01,-0.94,7.43,0.00,17.77,2.83,0.78,19.90,16.31,13.10,0.00,5682.00,0.00,203.86,59.40,0.00,1112963.00,179389.00,37579.00
2024-04-02,-0.14,8.23,0.00,14.13,6.68,0.26,16.60,14.56,10.20,0.00,6177.00,0.00,211.88,48.10,0.00,736120.00,307728.00,4269.00
2024-04-03,-3.98,3.44,0.08,25.36,2.38,1.12,16.30,10.99,7.90,0.08,3372.00,52.93,120.63,76.70,7585.00,1858083.00,179117.00,110229.00
2024-04-04,-1.02,6.96,0.00,21.12,0.79,1.10,17.40,12.26,6.90,0.00,5637.00,0.00,194.78,65.40,0.00,1421825.00,48642.00,51470.00
2024-04-05,0.00,9.01,0.00,17.50,0.71,1.12,19.20,13.50,7.90,0.00,7538.00,0.00,265.94,60.98,0.00,1089548.00,46840.00,40754.00
2024-04-06,-0.13,5.78,0.00,17.55,3.24,0.79,22.70,16.12,10.30,0.00,5787.00,0.00,212.50,77.69,0.00,1431325.00,236341.00,47604.00
2024-04-07,-0.33,6.98,0.00,18.25,2.67,0.41,16.70,15.31,14.20,0.00,6696.00,0.00,239.28,70.73,0.00,1355952.00,180840.00,17744.00
2024-04-08,-2.38,4.11,0.00,20.86,5.99,0.78,19.10,13.84,8.70,0.00,3369.00,0.00,114.79,67.42,0.00,1525649.00,386730.00,28091.00
2024-04-09,-0.46,7.12,0.07,16.14,5.74,1.09,16.70,11.69,6.70,6.34,5244.00,44.46,177.86,72.79,7485.00,1288965.00,431159.00,30569.00
2024-04-10,-0.71,5.56,0.20,15.53,5.13,1.01,19.30,14.08,9.70,26.74,4684.00,133.40,179.29,79.11,22753.00,1347812.00,394203.00,45070.00
2024-04-11,-2.59,3.81,0.73,23.82,1.17,1.07,16.20,12.35,8.80,88.47,3477.00,488.10,138.37,107.99,105131.00,2796302.00,118558.00,76885.00
2024-04-12,-4.21,1.49,0.10,25.81,4.24,0.89,20.70,14.40,8.80,9.07,1445.00,63.72,52.97,82.37,11259.00,2149072.00,320489.00,65654.00
2024-04-13,-6.31,3.19,0.00,26.27,4.05,0.95,21.70,16.97,14.50,0.00,2932.00,0.00,104.18,54.62,0.00,1475586.00,217577.00,42861.00
2024-04-14,-6.51,3.05,0.00,26.27,4.46,0.93,23.60,17.53,13.00,0.00,2689.00,0.00,95.36,50.23,0.00,1415813.00,215247.00,32363.00
2024-04-15,-7.18,2.25,0.00,27.05,6.70,0.76,19.70,16.00,12.30,0.00,2003.00,0.00,67.71,58.61,0.00,1560124.00,392359.00,44496.00
2024-04-16,-7.11,1.66,0.28,33.43,1.21,0.63,15.90,12.59,8.70,45.53,1518.00,188.10,55.14,75.61,17665.00,2379403.00,89249.00,67068.00
2024-04-17,-4.08,2.73,0.37,28.45,1.36,0.96,19.00,12.17,6.70,50.55,2591.00,242.70,93.39,92.88,25443.00,2498925.00,121191.00,108171.00
2024-04-18,-3.43,3.18,0.00,22.46,8.23,0.47,17.90,13.03,10.20,0.00,2320.00,0.00,75.05,87.00,0.00,1997042.00,692129.00,34082.00
2024-04-19,-0.41,7.19,0.01,18.77,3.62,0.84,15.30,12.03,8.50,0.00,5555.00,9.03,185.30,104.28,582.50,2048041.00,365805.00,73864.00
2024-04-20,-0.77,6.96,0.00,19.95,1.97,0.96,20.00,12.49,7.10,0.00,5835.00,0.00,200.77,100.43,0.00,2131340.00,188788.00,42931.00
2024-04-21,-2.01,5.32,0.31,22.20,2.53,0.98,19.40,13.68,8.50,48.28,5060.00,208.80,178.00,91.47,28013.00,2140335.00,225331.00,46793.00
2024-04-22,-3.04,5.08,0.47,23.86,3.00,0.75,20.80,13.94,9.20,70.00,4603.00,314.90,160.91,83.05,30405.00,1985451.00,233173.00,40228.00
2024-04-23,-0.01,9.12,0.01,13.63,6.01,0.70,21.60,15.45,10.80,0.00,5827.00,9.28,198.13,55.55,284.30,833897.00,312823.00,14499.00
2024-04-24,-2.99,5.57,0.00,15.86,10.10,0.93,15.20,11.54,8.80,0.00,3666.00,0.00,124.41,46.06,0.00,905279.00,464023.00,20429.00
2024-04-25,-2.84,6.01,0.72,17.22,8.38,0.52,15.10,11.88,9.60,105.80,4679.00,478.80,168.33,65.49,50506.00,1146480.00,568701.00,15779.00
2024-04-26,-4.90,2.31,0.62,27.92,3.47,0.96,18.60,13.03,9.20,96.66,2036.00,412.10,77.38,89.92,40217.00,2358334.00,325811.00,103989.00
2024-04-27,-4.30,3.94,0.40,27.14,1.91,0.92,18.70,12.02,7.40,63.81,3586.00,263.40,126.20,70.20,21520.00,1939224.00,110631.00,51023.00
2024-04-28,-4.55,3.50,0.00,25.51,4.74,0.63,19.10,13.43,8.30,0.00,2435.00,0.00,81.64,59.13,0.00,1640415.00,281447.00,13378.00
2024-04-29,-6.73,1.75,0.00,26.65,9.37,0.83,15.40,12.66,8.70,0.00,1315.00,0.00,41.26,76.53,0.00,1938068.00,744954.00,69846.00
2024-04-30,-3.31,4.62,0.31,25.98,4.13,0.68,13.80,10.94,8.90,46.09,3091.00,208.10,100.39,84.92,18071.00,2124379.00,374250.00,47386.00
2024-05-01,-1.09,6.05,0.11,23.42,1.96,0.88,15.90,9.94,5.30,14.74,4267.00,75.70,138.08,96.57,8334.00,2301739.00,191153.00,49576.00
2024-05-02,-3.85,5.04,0.64,29.22,1.15,0.66,12.80,9.96,7.00,88.56,4259.00,427.30,139.94,104.83,63020.00,3097449.00,121894.00,59075.00
2024-05-03,-3.63,3.73,1.27,28.70,1.43,0.77,14.30,9.99,6.00,94.24,3251.00,844.20,123.98,134.40,150054.00,3717594.00,196870.00,87219.00
2024-05-04,-0.15,8.20,1.39,19.00,1.73,0.65,14.80,10.84,7.20,3.58,7319.00,922.60,267.27,140.08,193330.00,2683645.00,246080.00,69149.00
2024-05-05,0.00,9.76,1.39,17.58,1.64,0.74,16.00,10.25,5.90,0.00,8063.00,922.20,288.81,100.12,138277.00,1793067.00,165078.00,32772.00
2024-05-06,0.00,9.85,1.39,18.67,0.94,0.72,16.40,12.34,8.20,0.00,7852.00,922.70,277.98,121.94,165211.00,2311858.00,110267.00,53803.00
2024-05-07,-0.59,6.26,1.92,22.44,0.62,0.72,16.50,11.88,7.20,29.20,6090.00,1277.00,233.91,174.19,346204.00,4064293.00,116032.00,93714.00
2024-05-08,-0.25,7.07,2.56,17.98,2.32,0.38,12.80,11.86,11.20,14.55,6709.00,1700.00,279.28,194.56,486417.00,3616769.00,441019.00,50092.00
2024-05-09,-1.17,5.73,2.61,22.07,1.02,0.53,14.60,12.51,11.20,58.17,5469.00,1733.00,232.08,232.22,616652.00,5216184.00,230574.00,128453.00
2024-05-10,-0.80,5.96,3.07,18.79,2.95,0.39,14.60,13.02,11.70,43.33,5827.00,2039.00,257.60,195.43,602096.00,3832919.00,571156.00,83590.00
2024-05-11,0.00,9.30,2.53,13.66,3.35,0.60,15.10,12.17,9.70,0.00,8742.00,1682.00,354.05,143.53,364688.00,2018997.00,436290.00,55049.00
2024-05-12,-0.20,7.78,2.77,14.39,3.14,0.57,17.50,12.14,8.70,10.05,7788.00,1845.00,338.12,139.38,376166.00,2152326.00,423432.00,37102.00
2024-05-13,-0.22,6.71,2.40,14.74,7.12,0.43,17.10,13.00,9.80,11.20,6014.00,1595.00,243.63,150.55,349064.00,2340618.00,1083572.00,33191.00
2024-05-14,-1.89,5.13,2.50,17.71,7.37,0.67,16.00,12.55,9.20,84.12,4837.00,1658.00,203.66,172.37,445788.00,3429016.00,1134513.00,111363.00
2024-05-15,-3.26,3.29,1.80,18.86,9.17,0.51,18.10,13.96,9.50,162.50,3128.00,1199.00,137.16,99.98,193858.00,1909627.00,866745.00,23968.00
2024-05-16,-3.04,5.08,1.63,19.55,8.22,0.45,16.10,12.55,8.10,114.60,5081.00,1081.00,189.66,114.24,192717.00,2192147.00,895983.00,42093.00
2024-05-17,-0.80,6.80,0.79,15.54,9.37,0.59,15.00,9.73,5.40,40.10,5248.00,524.90,177.54,112.63,92762.00,1767141.00,998680.00,40705.00
2024-05-18,-0.79,8.45,2.35,16.90,5.40,0.58,10.40,7.81,3.90,37.03,7001.00,1560.00,259.18,107.79,240484.00,1794420.00,695282.00,36683.00