date,Battery (Charging) -  GWh,Exports -  GWh,Imports -  GWh,Coal (Brown) -  GWh,Gas (Steam) -  GWh,Gas (OCGT) -  GWh,Battery (Discharging) -  GWh,Hydro -  GWh,Wind -  GWh,Solar (Utility) -  GWh,Solar (Rooftop) -  GWh,Temperature Max - C,Temperature Mean - C,Temperature Min - C,Exports Emissions Vol - tCO₂e,Imports Emissions Vol - tCO₂e,Coal (Brown) Emissions Vol - tCO₂e,Gas (Steam) Emissions Vol - tCO₂e,Gas (OCGT) Emissions Vol - tCO₂e,Emissions Intensity - kgCO₂e/MWh,Volume Weighted Price - AUD/MWh,Battery (Charging) Market Value - AUD,Coal (Brown) Market Value - AUD,Gas (Steam) Market Value - AUD,Gas (OCGT) Market Value - AUD,Battery (Discharging) Market Value - AUD,Hydro Market Value - AUD,Wind Market Value - AUD,Solar (Utility) Market Value - AUD,Solar (Rooftop) Market Value - AUD
2023-05-18,-0.60,-11.02,10.29,112.80,1.96,4.04,0.65,11.60,8.76,2.94,6.96,13.50,9.19,5.90,10628.00,2285.00,135089.00,1118.00,2605.00,879.22,194.91,88635.00,21255974.00,488448.00,1023501.00,156379.00,2688150.00,1678869.00,463932.00,1046567.00
2023-05-19,-0.77,-13.73,9.56,111.10,0.99,3.80,0.49,9.55,15.93,2.85,6.38,14.30,10.65,6.00,12790.00,1126.00,133017.00,563.60,2491.00,851.25,186.05,102493.00,20123228.00,225008.00,919675.00,121415.00,2132427.00,2876402.00,456645.00,841832.00
2023-05-20,-0.56,-14.65,10.01,86.80,0.00,0.63,0.55,2.39,38.07,2.21,5.95,14.80,11.67,8.70,11562.00,1871.00,105191.00,0.00,484.70,730.58,113.30,66627.00,9788515.00,0.00,131699.00,85591.00,334669.00,3473173.00,251365.00,530855.00
2023-05-21,-0.42,-23.20,4.57,89.64,0.00,0.60,0.42,5.19,41.88,2.33,6.08,14.40,12.44,10.70,17085.00,514.50,108232.00,0.00,420.80,724.51,85.95,3292.00,7436765.00,0.00,146368.00,76054.00,1151452.00,1551412.00,73810.00,166378.00
2023-05-22,-0.84,-19.31,9.22,100.40,2.57,4.18,0.68,9.38,22.21,4.54,8.31,16.00,12.36,7.70,16841.00,1037.00,120954.00,1466.00,2928.00,775.01,194.31,77816.00,18093343.00,804869.00,1325892.00,189861.00,2706573.00,3587469.00,529922.00,795661.00
2023-05-23,-0.73,-16.40,9.30,101.40,2.58,4.72,0.68,11.56,15.06,4.07,8.41,16.40,12.84,9.80,14602.00,1123.00,122212.00,1470.00,3062.00,805.28,237.05,113982.00,22883693.00,788149.00,1459412.00,194066.00,3435872.00,3309792.00,509045.00,902976.00
2023-05-24,-1.10,-23.16,6.16,94.60,0.00,1.38,0.81,3.22,46.74,4.01,9.06,15.60,12.88,9.90,17471.00,297.10,114050.00,2.40,852.60,689.62,58.05,43006.00,6116902.00,1060.00,74100.00,54502.00,233872.00,2150125.00,78065.00,31540.00
2023-05-25,-0.65,-14.56,9.69,97.71,0.00,2.31,0.60,1.52,46.69,0.97,2.74,14.90,12.91,10.60,10581.00,1563.00,117545.00,0.00,1544.00,748.67,85.43,20694.00,8268981.00,0.00,365973.00,77681.00,229207.00,2508984.00,114801.00,339773.00
2023-05-26,-1.02,-21.43,6.72,108.40,0.00,1.93,0.86,7.73,32.57,3.53,7.29,13.80,10.91,7.70,18023.00,169.90,130174.00,0.00,1343.00,775.45,131.00,60195.00,13387905.00,0.00,338580.00,154278.00,1492116.00,3724845.00,357144.00,526243.00
2023-05-27,-0.72,-27.61,7.26,107.20,0.00,0.34,0.63,2.23,35.14,1.63,6.20,15.40,12.41,10.10,23860.00,323.30,128407.00,0.00,194.50,794.11,69.44,29368.00,7584525.00,0.00,18210.00,55056.00,278340.00,2015279.00,69002.00,203877.00
2023-05-28,-0.63,-27.32,5.74,98.52,0.00,0.03,0.48,2.19,45.42,1.96,3.92,15.70,12.12,11.00,20845.00,307.30,118100.00,0.00,19.80,748.83,61.89,3702.00,5966035.00,0.00,7455.00,72960.00,418821.00,1788867.00,71764.00,109552.00
2023-05-29,-0.67,-19.76,5.11,100.80,0.00,0.67,0.55,5.27,39.42,2.63,6.33,16.50,13.94,10.90,15742.00,180.20,121144.00,0.00,498.50,755.77,66.49,9723.00,6496928.00,0.00,124975.00,75941.00,825535.00,1772953.00,75273.00,138116.00
2023-05-30,-0.70,-18.91,5.00,98.49,0.00,0.00,0.64,0.95,46.44,1.10,4.45,18.50,15.22,12.90,14890.00,103.20,118417.00,0.00,2.11,753.87,29.34,12514.00,2878279.00,0.00,65.05,45148.00,43401.00,1118814.00,24922.00,49236.00
2023-05-31,-0.64,-27.34,3.39,81.68,0.00,0.05,0.49,0.52,72.81,1.40,3.40,17.40,16.15,14.90,17085.00,220.50,98297.00,0.00,41.65,600.14,-1.38,-5506.00,-124426.00,0.00,397.30,1691.00,469.20,-125479.00,-3.86,4444.00
2023-06-01,-0.77,-15.59,7.42,100.20,0.00,2.11,0.70,8.63,21.33,3.01,7.77,17.00,13.32,9.10,12292.00,817.50,120566.00,0.00,1410.00,819.64,111.49,14858.00,10505270.00,0.00,514867.00,113695.00,1934167.00,163959.00,177934.00,408864.00
2023-06-02,-0.65,-4.21,16.38,101.00,0.00,3.54,0.53,8.87,7.81,1.92,7.56,14.30,10.33,5.90,4297.00,3926.00,121827.00,0.00,2310.00,866.97,151.64,74842.00,14731466.00,0.00,733235.00,97032.00,1666635.00,1085125.00,230523.00,767568.00
2023-06-03,-0.53,-13.75,11.82,101.00,0.00,0.12,0.45,3.33,17.05,3.56,4.51,14.90,11.88,10.10,12963.00,1076.00,121678.00,0.00,68.41,861.25,84.43,35030.00,8360964.00,0.00,20093.00,61851.00,460143.00,1491497.00,253586.00,330161.00
2023-06-04,-0.59,-26.72,5.18,96.40,0.00,0.00,0.49,0.74,37.26,2.91,7.65,18.20,12.04,8.10,22150.00,136.10,115769.00,0.00,4.22,760.28,35.10,6305.00,3291370.00,0.00,151.10,31812.00,63911.00,1183760.00,54609.00,131607.00
2023-06-05,-0.72,-28.88,3.63,92.88,0.00,0.09,0.53,2.08,59.78,1.10,6.23,19.50,14.19,9.50,20228.00,28.00,110876.00,0.00,51.48,663.56,55.09,15160.00,4943051.00,0.00,10264.00,46440.00,203178.00,3076655.00,56840.00,313542.00
2023-06-06,-0.90,-26.89,8.07,89.92,0.00,0.66,0.69,3.44,54.33,1.68,4.01,17.20,15.54,12.50,18748.00,579.60,107374.00,0.00,497.50,664.36,55.06,22687.00,4920096.00,0.00,89446.00,77346.00,376421.00,2306500.00,102416.00,224362.00
2023-06-07,-0.57,-29.82,4.12,85.54,0.00,0.00,0.28,3.03,72.41,0.26,1.72,18.30,16.79,14.40,18642.00,306.80,102304.00,0.00,4.22,613.01,8.76,-11366.00,748529.00,0.00,28.03,7737.00,47253.00,414339.00,5060.00,40758.00
2023-06-08,-0.73,-24.83,3.58,85.45,0.00,0.00,0.66,3.81,57.76,2.01,6.65,17.10,15.11,13.70,16844.00,204.20,102192.00,0.00,4.22,636.68,8.56,-9846.00,890935.00,0.00,31.65,22871.00,73419.00,306812.00,-27891.00,-179370.00
2023-06-09,-0.70,-29.55,4.64,89.33,0.00,1.05,0.59,5.74,57.43,2.07,7.86,15.10,12.47,10.40,19830.00,18.47,106654.00,0.00,668.90,631.94,44.04,-2585.00,3955382.00,0.00,150344.00,56234.00,477424.00,1681262.00,29805.00,84541.00
2023-06-10,-0.48,-35.03,8.07,94.68,0.00,1.13,0.40,7.23,42.94,3.24,6.73,15.30,11.96,8.40,26046.00,0.00,112984.00,0.00,702.50,679.86,51.26,5933.00,4752002.00,0.00,160543.00,48811.00,709094.00,1381951.00,39214.00,34367.00
2023-06-11,-0.50,-26.22,8.73,101.00,1.79,1.29,0.42,6.44,20.62,2.26,5.54,16.10,13.47,11.40,23875.00,54.60,120406.00,1018.00,849.80,811.19,82.70,25039.00,7992425.00,199571.00,190879.00,53855.00,716819.00,1575122.00,128782.00,261365.00
2023-06-12,-0.51,-25.75,8.18,77.50,0.00,0.14,0.41,3.25,54.74,3.20,5.79,15.10,12.52,10.20,17236.00,218.90,92896.00,0.00,82.54,598.36,13.99,-578.20,1188887.00,0.00,7768.00,14928.00,101530.00,565745.00,-17412.00,-36103.00
2023-06-13,-0.85,-20.54,8.48,79.29,0.00,0.25,0.67,5.81,62.68,2.39,5.07,14.00,11.98,10.30,12508.00,552.20,94856.00,0.00,161.00,579.81,48.08,-3513.00,3773396.00,0.00,40404.00,83843.00,591048.00,2148447.00,40765.00,64475.00
2023-06-14,-0.78,-19.71,6.73,87.33,0.00,1.86,0.70,9.96,48.96,2.60,6.13,15.60,11.87,9.50,13237.00,803.40,104432.00,0.00,1276.00,648.74,63.97,17167.00,5235270.00,0.00,293963.00,85404.00,1069266.00,2378279.00,111046.00,266510.00
2023-06-15,-0.75,-22.48,6.92,83.54,0.00,1.35,0.68,8.72,59.21,2.21,4.13,15.50,12.97,10.80,14200.00,358.70,100010.00,0.00,865.80,606.38,39.92,-3104.00,3251405.00,0.00,164677.00,62961.00,717035.00,1737665.00,29151.00,57127.00
2023-06-16,-0.89,-29.59,6.26,72.65,0.00,0.00,0.59,4.41,73.07,2.77,8.63,17.30,14.01,11.90,16730.00,319.60,87751.00,0.00,2.11,517.36,-21.44,-35837.00,-1580760.00,0.00,-58.00,-398.60,-61223.00,-1569681.00,-114682.00,-428965.00
2023-06-17,-0.59,-33.40,6.09,73.95,0.00,0.00,0.51,8.26,61.85,2.92,7.78,16.20,12.89,9.50,20158.00,415.30,89617.00,0.00,2.13,548.56,-5.64,-28271.00,-40216.00,0.00,-30.13,20797.00,380569.00,-958478.00,-130796.00,-403515.00
2023-06-18,-0.84,-31.51,4.73,79.25,0.00,0.00,0.43,4.31,59.20,2.79,8.33,14.30,11.17,7.70,20914.00,424.90,95767.00,0.00,2.11,594.19,-5.91,-18746.00,-167117.00,0.00,-14.88,7308.00,29485.00,-510056.00,-88111.00,-346286.00
2023-06-19,-0.46,-16.23,11.97,92.71,1.42,2.38,0.67,12.97,39.72,1.79,5.57,11.80,9.11,6.80,11601.00,1818.00,111849.00,807.00,1582.00,684.91,78.88,9386.00,6827687.00,257294.00,443187.00,81734.00,1822949.00,1596144.00,64001.00,125531.00
2023-06-20,-0.69,-9.26,16.52,97.13,3.44,8.54,0.59,26.38,6.16,2.83,6.99,11.70,7.77,5.30,8063.00,3539.00,116464.00,1963.00,6248.00,757.50,191.29,84914.00,17193925.00,998293.00,2369116.00,153450.00,5311591.00,803980.00,381729.00,904477.00
2023-06-21,-0.80,-7.25,16.48,93.41,5.49,2.73,0.59,18.25,17.94,2.37,7.53,11.30,7.57,4.30,6115.00,2562.00,111572.00,3132.00,2034.00,722.09,123.58,81462.00,11178127.00,759797.00,421284.00,95890.00,2466530.00,2144637.00,222468.00,656769.00
2023-06-22,-0.68,-10.72,9.23,93.28,4.80,1.48,0.62,12.96,37.48,0.79,4.79,13.50,9.73,6.60,7950.00,1645.00,111418.00,2734.00,953.20,706.34,112.28,75998.00,10392973.00,565089.00,162034.00,74617.00,1588141.00,3847606.00,104098.00,624606.00
2023-06-23,-0.77,-8.13,15.91,92.46,3.64,1.90,0.74,18.07,25.35,1.66,3.96,11.30,10.05,8.40,6259.00,2996.00,110480.00,2073.00,1201.00,713.77,115.42,77949.00,10060261.00,552103.00,269847.00,109980.00,2497929.00,1965395.00,255125.00,509263.00
2023-06-24,-0.74,-28.84,5.91,78.92,0.00,0.00,0.57,4.42,67.89,1.99,7.07,14.90,11.17,8.80,17501.00,284.20,94960.00,0.00,2.11,566.72,-15.67,-26268.00,-1202845.00,0.00,-42.53,2070.00,-26999.00,-1002717.00,-74956.00,-327133.00
2023-06-25,-0.57,-31.36,4.67,80.93,0.00,0.00,0.50,4.23,74.69,2.33,4.44,13.10,10.72,8.80,18732.00,512.90,97636.00,0.00,2.11,567.87,-18.38,-26241.00,-1324570.00,0.00,-54.93,15448.00,30401.00,-1536981.00,-89751.00,-184351.00
2023-06-26,-1.03,-29.53,4.00,97.26,0.00,1.61,0.86,9.15,56.74,2.69,5.68,15.30,12.72,9.40,20074.00,66.42,116914.00,0.00,1061.00,664.50,60.67,2708.00,6066456.00,0.00,349328.00,103291.00,1203684.00,1692183.00,54806.00,89843.00
2023-06-27,-0.90,-29.68,9.21,111.10,0.00,0.75,0.71,15.00,37.25,0.87,5.68,14.20,10.37,6.90,23834.00,20.77,133328.00,0.00,547.30,733.76,92.04,54708.00,9678836.00,0.00,109893.00,90085.00,1725521.00,3408835.00,66749.00,361357.00
2023-06-28,-0.74,-20.95,9.14,113.70,2.24,2.20,0.73,17.90,23.14,1.09,2.96,12.70,10.65,8.50,18460.00,125.30,136393.00,1277.00,1363.00,797.11,118.11,76232.00,12812638.00,328433.00,353464.00,113818.00,2119294.00,2557135.00,153811.00,434109.00
2023-06-29,-0.67,-21.97,7.32,99.06,1.85,0.37,0.48,9.20,51.22,2.64,5.58,12.40,9.91,6.30,15939.00,86.19,119203.00,1056.00,305.10,675.20,54.51,16048.00,5137580.00,165347.00,41167.00,45555.00,738167.00,2774221.00,72259.00,72559.00
2023-06-30,-0.87,-24.00,9.85,85.09,0.00,0.83,0.75,12.62,55.12,1.61,4.57,15.20,12.24,11.00,15584.00,91.89,101691.00,0.00,609.00,596.32,63.87,14891.00,5308651.00,0.00,99918.00,66540.00,1251903.00,3090758.00,52069.00,123039.00
2023-07-01,-0.74,-22.51,10.29,91.33,0.00,2.44,0.68,14.49,28.22,2.23,5.75,12.70,10.97,9.80,17552.00,450.10,109180.00,0.00,1603.00,708.77,104.94,45163.00,9192779.00,0.00,407507.00,105808.00,1992579.00,2657777.00,138850.00,316477.00
2023-07-02,-0.65,-10.80,12.82,91.51,1.53,2.66,0.37,13.20,10.40,3.79,4.89,12.60,10.92,9.70,9749.00,1966.00,109380.00,874.60,1653.00,802.63,113.70,56291.00,10068259.00,242952.00,453461.00,65209.00,1817159.00,1149719.00,316212.00,402444.00
2023-07-03,-0.34,-12.33,13.20,95.37,5.28,7.62,0.52,20.23,10.80,1.91,4.89,14.50,10.78,8.40,10478.00,2569.00,114292.00,3010.00,4860.00,776.37,189.36,48985.00,17095595.00,1130905.00,1801160.00,116694.00,4388136.00,1855466.00,421661.00,1082795.00
2023-07-04,-0.84,-8.31,13.66,101.10,1.88,6.39,0.80,18.42,12.78,0.71,2.44,13.60,11.09,8.60,7755.00,2570.00,121888.00,1069.00,4243.00,818.72,168.38,114413.00,16191710.00,430086.00,1323320.00,176112.00,3480938.00,1960288.00,138341.00,464323.00
2023-07-05,-0.59,-12.61,10.89,98.23,0.00,0.96,0.44,6.71,33.58,2.74,5.02,14.20,12.00,11.00,9883.00,1370.00,118198.00,0.00,549.00,758.31,69.22,34007.00,6889074.00,0.00,111680.00,46082.00,617249.00,1982079.00,126038.00,171159.00
2023-07-06,-0.65,-31.13,7.29,86.50,0.00,0.12,0.58,6.21,69.38,1.21,7.52,14.70,11.75,10.20,19367.00,139.90,103734.00,0.00,106.50,575.45,17.64,-21806.00,1589223.00,0.00,13858.00,51037.00,390960.00,725330.00,-29274.00,-210242.00
2023-07-07,-0.82,-21.99,5.74,80.42,0.00,0.15,0.49,5.03,62.46,3.01,7.37,15.10,12.32,10.00,14008.00,263.50,96156.00,0.00,129.90,581.83,3.26,-17158.00,397109.00,0.00,1751.00,17073.00,127504.00,61221.00,-54302.00,-180989.00
2023-07-08,-0.56,-28.93,5.78,67.69,0.00,0.15,0.58,3.03,77.22,2.17,6.59,14.50,12.31,10.60,15455.00,121.80,81222.00,0.00,129.00,493.71,-17.52,-19911.00,-1167830.00,0.00,1945.00,1119.00,-26666.00,-1450381.00,-83948.00,-265803.00
2023-07-09,-0.63,-32.40,6.26,77.43,0.00,0.00,0.46,7.13,61.54,2.12,5.40,16.80,13.30,11.00,20131.00,72.25,92488.00,0.00,2.11,568.91,10.46,-16027.00,1090051.00,0.00,13.91,23750.00,389175.00,169190.00,-35603.00,-112627.00
2023-07-10,-0.92,-37.56,9.64,93.89,0.00,0.11,0.54,7.33,60.18,1.26,5.74,16.70,13.94,12.60,25899.00,0.00,111928.00,0.00,93.50,614.27,31.32,6180.00,2918664.00,0.00,6652.00,37814.00,390676.00,1701984.00,11783.00,35403.00
2023-07-11,-0.74,-25.92,10.79,95.24,0.00,2.86,0.89,12.85,30.24,2.71,7.21,17.10,14.18,11.70,19900.00,1033.00,113471.00,0.00,1750.00,707.80,85.64,14227.00,7838676.00,0.00,517777.00,151067.00,1776862.00,1357555.00,61508.00,126428.00
2023-07-12,-0.83,-36.32,8.73,93.38,0.00,1.39,0.73,12.26,48.59,2.36,7.89,17.40,13.50,11.20,25776.00,41.65,111229.00,0.00,815.20,624.56,49.02,6375.00,4668344.00,0.00,131547.00,63040.00,903083.00,1951416.00,35189.00,71900.00
2023-07-13,-1.05,-33.09,5.06,80.15,0.00,0.00,0.73,4.74,75.48,3.09,8.10,15.60,12.63,9.60,19239.00,32.98,95917.00,0.00,2.30,535.63,3.21,-27061.00,285645.00,0.00,-8.53,22730.00,63687.00,62279.00,-74978.00,-223838.00
2023-07-14,-0.85,-29.37,7.13,77.25,0.00,0.22,0.63,6.12,72.86,3.32,6.42,14.40,12.80,11.00,16838.00,147.50,92551.00,0.00,191.10,529.13,-4.83,-36707.00,-304352.00,0.00,5607.00,14739.00,159471.00,-553000.00,-100464.00,-231650.00
2023-07-15,-0.66,-20.02,11.66,93.71,0.00,0.16,0.74,11.95,29.63,2.96,3.54,12.80,10.96,8.30,15248.00,769.10,111926.00,0.00,89.83,729.74,45.89,1166.00,4287834.00,0.00,16923.00,55820.00,900258.00,856105.00,91563.00,117298.00
2023-07-16,-0.62,-22.87,9.32,95.88,1.60,2.22,0.54,13.63,19.15,4.50,7.99,14.00,9.73,4.90,19376.00,206.10,114421.00,914.90,1333.00,742.32,62.45,-7531.00,5830381.00,194891.00,278270.00,60175.00,1334473.00,804010.00,-18844.00,-168241.00
2023-07-17,-0.68,-23.23,10.46,100.10,0.00,4.24,0.66,16.18,24.56,4.69,10.12,16.30,10.18,4.20,18733.00,451.60,119297.00,0.00,2530.00,703.93,91.79,32946.00,8647890.00,0.00,598969.00,106953.00,1954507.00,1993765.00,178823.00,230808.00
2023-07-18,-0.74,-26.82,7.78,92.93,0.00,1.74,0.64,11.33,58.11,3.59,6.24,14.20,10.52,8.00,17846.00,249.40,111459.00,0.00,994.50,612.79,50.77,-1029.00,4729036.00,0.00,225597.00,67915.00,1180850.00,1801497.00,18841.00,-10063.00
2023-07-19,-0.70,-13.21,14.28,100.50,0.00,3.22,0.57,17.03,20.26,3.84,8.33,13.60,8.85,4.90,10581.00,1806.00,119728.00,0.00,1999.00,732.89,85.37,36885.00,8387743.00,0.00,434341.00,89940.00,1795093.00,1357937.00,207176.00,378152.00
2023-07-20,-0.75,-20.37,9.36,88.81,0.00,0.22,0.45,9.23,66.27,1.84,5.23,13.10,9.96,6.10,12526.00,787.30,105895.00,0.00,192.10,588.55,33.64,-13141.00,3138142.00,0.00,23004.00,31119.00,663223.00,1191535.00,9074.00,-5550.00
2023-07-21,-0.68,-22.02,10.64,104.90,1.55,5.33,0.75,18.70,20.34,3.83,8.29,13.30,9.72,6.90,18099.00,1069.00,124768.00,885.20,3163.00,737.21,97.73,38767.00,9644924.00,262007.00,723002.00,110439.00,2297016.00,1650925.00,217248.00,370717.00
2023-07-22,-0.63,-23.83,10.02,102.30,0.00,0.51,0.54,17.83,20.08,1.34,7.47,15.30,10.73,6.00,20087.00,299.30,121613.00,0.00,387.80,753.63,70.89,10781.00,7021856.00,0.00,67255.00,65519.00,1535096.00,1196850.00,31051.00,186495.00
2023-07-23,-0.72,-19.70,8.08,102.50,0.00,0.68,0.53,14.25,19.32,3.03,5.33,13.00,10.42,7.30,17290.00,128.80,121896.00,0.00,505.00,789.47,67.04,15497.00,6330427.00,0.00,123247.00,84521.00,1421433.00,952501.00,73407.00,139879.00
2023-07-24,-0.92,-19.61,13.74,105.50,1.81,2.88,0.79,22.10,13.05,3.82,5.80,13.40,10.56,6.10,16908.00,2263.00,125520.00,1034.00,1739.00,762.91,121.72,73295.00,12235133.00,353629.00,526397.00,146543.00,2843149.00,1636980.00,370240.00,542001.00
2023-07-25,-0.92,-11.36,13.20,104.80,2.61,3.12,0.82,21.56,1.55,4.37,6.87,14.70,11.24,7.40,10519.00,3011.00,124716.00,1487.00,1949.00,822.88,128.33,50949.00,12487943.00,644472.00,712771.00,161279.00,3291401.00,152335.00,253218.00,318989.00
2023-07-26,-0.87,-12.44,12.10,104.10,1.80,2.94,0.75,18.06,11.12,3.81,8.37,14.50,9.21,4.90,10690.00,1185.00,123904.00,1027.00,1892.00,783.47,106.29,50510.00,10348950.00,418011.00,633840.00,168138.00,2559117.00,986206.00,144184.00,250689.00
2023-07-27,-0.91,-26.92,7.18,82.30,0.00,0.56,0.72,4.73,66.74,1.89,10.21,17.10,12.30,7.10,16700.00,174.20,98639.00,0.00,435.20,563.49,21.20,-14394.00,1572181.00,0.00,41130.00,41787.00,226281.00,1130133.00,-8706.00,-199367.00
2023-07-28,-0.91,-32.33,7.09,88.82,0.00,1.44,0.71,10.69,49.34,3.69,8.04,18.60,14.76,11.40,21706.00,132.00,105802.00,0.00,916.40,623.40,52.48,5430.00,4885510.00,0.00,204019.00,74245.00,1099739.00,1750901.00,85476.00,165892.00
2023-07-29,-0.77,-38.11,6.95,88.80,0.00,0.00,0.60,3.97,50.32,2.99,8.96,18.80,14.11,11.10,27408.00,61.56,105799.00,0.00,2.11,634.21,7.89,-23630.00,867030.00,0.00,9.06,33813.00,147962.00,177377.00,-111964.00,-434628.00
2023-07-30,-0.69,-37.94,5.13,78.57,0.00,0.00,0.51,4.38,59.98,2.59,9.23,17.80,13.36,10.20,24057.00,87.33,93708.00,0.00,2.11,572.76,-10.60,-32423.00,-797084.00,0.00,-43.63,24251.00,154327.00,-970795.00,-140690.00,-535114.00
2023-07-31,-1.00,-35.14,6.36,84.21,0.00,0.00,0.73,4.68,66.61,3.27,8.02,16.50,13.51,10.70,21740.00,13.40,99982.00,0.00,2.11,568.13,31.19,-11348.00,2595270.00,0.00,61.92,49023.00,311948.00,1766448.00,27369.00,16172.00
2023-08-01,-0.82,-17.62,11.27,95.85,2.28,3.03,0.76,17.30,17.91,2.53,6.45,14.70,12.92,8.50,13938.00,523.40,113079.00,1299.00,2028.00,741.30,241.00,55118.00,20038490.00,1712646.00,2056640.00,351600.00,6114740.00,933233.00,203383.00,588639.00
2023-08-02,-1.25,-15.22,9.41,89.43,0.00,1.03,1.02,6.66,33.93,4.36,10.68,16.80,11.49,5.90,10562.00,1168.00,105758.00,0.00,652.60,692.66,59.19,25141.00,5408412.00,0.00,131100.00,120351.00,743804.00,993258.00,35219.00,-72330.00
2023-08-03,-1.08,-30.39,4.17,72.45,0.00,0.03,0.63,1.38,73.06,3.21,11.70,19.60,15.45,11.00,17114.00,87.49,86454.00,0.00,24.58,513.86,-22.85,-49150.00,-1776969.00,0.00,-336.90,-2353.00,9203.00,-1717825.00,-130167.00,-603736.00
2023-08-04,-0.55,-27.59,4.93,77.47,0.00,0.04,0.27,3.42,72.02,1.03,3.32,17.70,15.76,11.20,16479.00,214.30,92428.00,0.00,33.72,567.08,-12.14,-21738.00,-854936.00,0.00,-1017.00,-2909.00,41348.00,-1224939.00,-26331.00,-71364.00
2023-08-05,-0.27,-23.62,9.77,95.96,0.00,0.22,0.54,10.68,21.74,3.82,7.71,13.40,10.82,8.90,19826.00,0.00,114241.00,0.00,127.60,747.16,45.13,3466.00,4188301.00,0.00,23241.00,41791.00,805251.00,621618.00,80750.00,158352.00
2023-08-06,-0.68,-17.19,9.03,103.30,0.00,0.47,0.47,11.19,9.01,4.58,6.88,13.00,10.62,8.60,16342.00,897.10,123036.00,0.00,307.40,849.14,69.64,17951.00,6611356.00,0.00,83243.00,86497.00,1163495.00,584075.00,113078.00,148832.00
2023-08-07,-0.75,-16.15,8.95,106.10,0.00,3.04,0.62,17.09,10.58,5.62,8.56,13.70,10.29,7.00,14452.00,1272.00,126308.00,0.00,2180.00,802.65,96.87,45087.00,9681128.00,0.00,537863.00,93130.00,2011215.00,1029664.00,344756.00,485041.00
2023-08-08,-0.79,-12.01,11.67,101.30,2.04,1.74,0.84,16.31,9.11,5.53,11.09,14.10,8.23,4.70,10804.00,2635.00,120691.00,1160.00,1271.00,782.98,115.39,43259.00,10945255.00,436037.00,371479.00,173769.00,2460643.00,946519.00,279108.00,396193.00
2023-08-09,-1.01,-26.63,8.48,83.62,0.00,0.05,0.60,1.38,61.81,2.02,11.77,18.20,12.23,5.60,17249.00,235.40,99797.00,0.00,46.75,582.92,6.06,-20647.00,452716.00,0.00,2283.00,28835.00,62330.00,147940.00,-42944.00,-418826.00
2023-08-10,-0.66,-19.37,8.84,93.76,0.00,2.41,0.78,9.65,36.16,2.14,7.36,15.80,12.84,10.70,14048.00,1595.00,111784.00,0.00,1685.00,716.05,63.12,8821.00,5756721.00,0.00,417590.00,106097.00,1235195.00,864091.00,45203.00,188324.00
2023-08-11,-0.81,-21.70,7.99,102.50,0.00,0.16,0.67,14.85,27.69,1.44,7.12,15.10,12.42,8.40,17997.00,99.65,122132.00,0.00,89.46,745.66,63.68,34932.00,6432546.00,0.00,14329.00,55439.00,1137914.00,1655960.00,56966.00,181435.00
2023-08-12,-0.66,-19.44,9.40,102.30,0.00,0.25,0.55,11.03,18.47,1.48,6.00,15.70,11.77,10.40,17371.00,59.44,121898.00,0.00,140.50,809.50,70.74,28388.00,6934975.00,0.00,33180.00,61572.00,1193574.00,843395.00,67675.00,269098.00
2023-08-13,-0.61,-19.38,7.54,105.50,0.00,0.55,0.57,15.06,6.71,2.83,9.15,12.60,9.46,7.00,18603.00,254.60,125469.00,0.00,339.00,840.03,92.74,36096.00,9046446.00,0.00,92892.00,101022.00,1601901.00,667483.00,148812.00,491667.00
2023-08-14,-1.09,-8.02,9.98,111.00,0.00,4.94,0.94,14.01,3.91,4.79,9.17,12.30,7.70,3.60,7911.00,915.00,132779.00,0.00,3343.00,862.95,160.11,93167.00,16694013.00,0.00,1241197.00,227665.00,2834928.00,585311.00,511432.00,878772.00
2023-08-15,-1.14,-11.52,10.09,110.60,0.00,6.52,1.00,15.62,2.26,5.57,11.96,13.00,7.71,3.50,11166.00,1294.00,132741.00,0.00,4142.00,841.32,278.37,86277.00,26790578.00,0.00,4085153.00,666106.00,7097873.00,294328.00,164306.00,124659.00
2023-08-16,-1.09,-17.33,8.78,108.00,0.00,2.40,1.00,7.31,23.17,4.33,13.59,15.20,8.75,1.70,15130.00,580.10,129515.00,0.00,1374.00,774.83,101.24,37251.00,10415771.00,0.00,426640.00,182211.00,1169117.00,2118108.00,42675.00,-239919.00
2023-08-17,-0.86,-25.03,7.73,107.60,0.00,2.76,0.75,4.05,50.69,1.65,4.87,12.20,10.40,7.70,19615.00,414.40,129124.00,0.00,1629.00,723.40,42.59,9454.00,4334639.00,0.00,181412.00,49000.00,226466.00,1915992.00,56275.00,171177.00
2023-08-18,-0.79,-21.08,10.27,92.66,0.00,1.11,0.62,4.08,53.00,2.93,8.12,13.00,10.31,9.00,15372.00,1249.00,111514.00,0.00,670.80,649.78,11.85,-19270.00,1252999.00,0.00,80201.00,38749.00,291286.00,466687.00,-70850.00,-329165.00
2023-08-19,-0.75,-30.10,4.84,90.98,0.00,0.57,0.46,2.52,54.68,1.98,6.01,17.90,14.06,9.50,21922.00,38.56,109496.00,0.00,325.90,670.40,10.40,-16808.00,1123850.00,0.00,30865.00,25122.00,110151.00,362055.00,-14547.00,-105816.00
2023-08-20,-0.56,-33.07,6.64,98.65,0.00,1.37,0.60,6.12,27.44,2.44,9.88,19.00,14.70,12.50,28280.00,220.10,118459.00,0.00,782.50,763.00,51.15,-5687.00,4804541.00,0.00,196945.00,83391.00,813067.00,1083490.00,-33589.00,-174910.00
2023-08-21,-1.08,-32.65,6.64,100.50,0.00,1.31,0.79,3.71,43.27,2.82,9.09,17.60,14.68,11.80,26075.00,141.00,120603.00,0.00,752.40,709.96,36.78,-5269.00,3686465.00,0.00,151878.00,76125.00,318462.00,1289891.00,-26725.00,-175999.00
2023-08-22,-0.92,-18.06,11.55,104.70,0.00,2.92,0.84,8.71,25.37,1.85,4.51,15.10,12.77,9.80,15366.00,880.70,125545.00,0.00,1676.00,796.92,86.46,31097.00,8660329.00,0.00,384115.00,115934.00,1178353.00,1754483.00,132907.00,316980.00
2023-08-23,-0.86,-24.78,7.11,100.70,0.00,4.98,0.63,9.48,26.45,5.60,11.43,16.80,11.58,5.70,20431.00,317.80,119987.00,0.00,2954.00,730.65,90.16,31454.00,8700634.00,0.00,706004.00,91739.00,1326684.00,1990100.00,229321.00,213504.00
2023-08-24,-0.69,-29.81,7.15,95.25,0.00,1.93,0.61,6.55,39.49,3.31,13.41,17.60,13.06,8.70,21883.00,452.30,113307.00,0.00,1105.00,677.71,61.05,-11764.00,5803281.00,0.00,223119.00,69907.00,732151.00,1727667.00,-5470.00,-306931.00
2023-08-25,-0.83,-22.45,5.92,90.91,0.00,2.27,0.66,8.12,29.22,3.50,13.71,19.60,13.85,11.20,17144.00,458.60,107335.00,0.00,1305.00,701.72,62.68,8480.00,5308659.00,0.00,262154.00,71333.00,926659.00,1148495.00,77507.00,112813.00
2023-08-26,-0.73,-13.61,5.94,90.73,0.00,1.28,0.48,5.34,17.34,6.29,9.04,15.40,12.84,11.10,11877.00,460.30,107061.00,0.00,732.30,789.31,58.90,6460.00,5423700.00,0.00,124888.00,33389.00,482106.00,1136794.00,72600.00,12515.00
2023-08-27,-0.61,-23.52,4.47,90.47,0.00,2.83,0.46,8.41,18.91,4.80,11.24,15.50,11.83,9.00,19784.00,479.20,106765.00,0.00,1620.00,758.36,61.26,-10828.00,5357347.00,0.00,325843.00,47868.00,863908.00,1059972.00,-20414.00,-148094.00
2023-08-28,-0.56,-15.27,10.56,94.60,2.70,5.71,0.69,14.77,3.31,4.48,11.39,15.90,12.25,9.50,13993.00,1986.00,111632.00,1539.00,3313.00,789.26,108.71,25457.00,9798027.00,418750.00,890303.00,117870.00,2036236.00,331736.00,203908.00,384600.00
2023-08-29,-0.61,-24.82,5.56,85.53,0.00,0.03,0.48,4.30,52.98,3.52,6.54,18.10,15.40,11.20,17358.00,651.40,101064.00,0.00,20.70,631.91,30.30,3158.00,2936030.00,0.00,2209.00,25773.00,272733.00,1582586.00,-7436.00,-28082.00
2023-08-30,-0.66,-22.04,7.06,91.05,0.00,1.07,0.56,7.82,38.80,3.03,7.07,17.60,13.26,9.70,16242.00,1205.00,107552.00,0.00,620.30,696.33,62.07,9996.00,5382496.00,0.00,146398.00,70588.00,837153.00,1827790.00,106792.00,122340.00
2023-08-31,-0.83,-22.79,6.20,90.27,0.00,1.05,0.35,9.90,43.36,3.88,8.89,15.50,11.46,7.10,16562.00,460.80,106567.00,0.00,631.30,649.35,48.65,11865.00,4363138.00,0.00,95229.00,32859.00,826680.00,1843684.00,65779.00,95619.00
2023-09-01,-0.53,-15.40,11.34,95.39,2.57,4.38,0.79,12.55,10.42,5.17,10.12,14.50,11.70,8.50,13352.00,2154.00,112493.00,1464.00,2661.00,770.62,103.46,26158.00,9255670.00,483110.00,802090.00,126976.00,1695880.00,924163.00,235583.00,349398.00
2023-09-02,-0.69,-10.75,8.12,88.39,0.00,1.89,0.62,11.31,4.47,5.85,15.31,14.90,9.53,3.90,9802.00,1204.00,104597.00,0.00,1152.00,780.28,85.44,-11501.00,7384636.00,0.00,306521.00,90565.00,1426372.00,378653.00,-8279.00,-312461.00
2023-09-03,-0.71,-23.51,7.60,81.96,0.00,0.00,0.54,1.64,32.50,1.53,16.10,20.20,13.09,6.10,18837.00,786.10,97913.00,0.00,2.11,678.73,-26.44,-92585.00,-2925923.00,0.00,-128.30,10668.00,53589.00,108366.00,-73708.00,-3466816.00
2023-09-04,-0.64,-24.52,7.18,80.17,0.00,1.40,0.43,7.29,48.18,1.98,9.07,21.50,15.65,10.00,16107.00,435.50,95630.00,0.00,879.10,619.24,28.06,-19298.00,2595777.00,0.00,205203.00,43577.00,864152.00,50972.00,-24906.00,-375642.00
2023-09-05,-0.54,-18.89,8.52,87.61,0.00,1.70,0.45,9.19,38.17,3.58,11.64,14.80,10.74,7.10,14027.00,1041.00,104575.00,0.00,974.00,654.51,43.92,-9384.00,4234383.00,0.00,268593.00,53173.00,1207520.00,234811.00,-94086.00,-452540.00
2023-09-06,-0.40,-25.70,8.20,82.05,0.00,0.00,0.34,4.34,49.84,2.27,15.59,19.10,12.93,6.30,18009.00,653.10,97778.00,0.00,2.11,589.03,-3.84,-27281.00,-67327.00,0.00,-27.06,7891.00,155520.00,43424.00,-89245.00,-1215607.00
2023-09-07,-0.58,-30.15,2.29,72.94,0.00,0.03,0.45,3.58,70.32,1.71,10.82,21.80,15.92,11.60,17061.00,389.80,86726.00,0.00,22.77,533.28,-8.98,-17356.00,-702843.00,0.00,1162.00,5802.00,52334.00,-610108.00,-46479.00,-494250.00
2023-09-08,-0.88,-23.43,4.34,88.19,0.00,0.04,0.75,3.44,70.59,2.02,5.85,11.60,9.99,7.80,14405.00,111.80,104758.00,0.00,25.90,599.64,35.35,-14643.00,3149355.00,0.00,-960.00,48798.00,156218.00,2266631.00,58666.00,225896.00
2023-09-09,-0.72,-26.07,7.99,85.75,0.00,1.31,0.57,8.52,35.76,4.51,12.84,13.80,10.33,7.10,19417.00,1255.00,102060.00,0.00,879.80,649.80,33.68,-21531.00,2950471.00,0.00,173270.00,64893.00,835230.00,864501.00,-106771.00,-508923.00
2023-09-10,-0.73,-18.74,10.01,94.62,1.22,1.45,0.25,9.79,11.49,3.92,9.31,14.70,12.09,9.50,17398.00,631.80,112557.00,692.70,918.30,794.55,53.27,5778.00,4923270.00,141942.00,188447.00,29992.00,942102.00,440895.00,47487.00,133145.00
2023-09-11,-0.48,-12.64,8.46,99.52,1.82,2.62,0.76,15.07,0.96,5.41,12.92,16.70,12.48,8.50,11912.00,881.70,118282.00,1036.00,1498.00,816.76,93.13,17421.00,8844280.00,340978.00,392957.00,123983.00,1921053.00,83867.00,220261.00,440211.00
2023-09-12,-0.83,-25.82,6.04,90.57,0.00,1.49,0.68,12.02,23.60,4.05,16.07,22.60,15.85,10.20,21146.00,165.10,107709.00,0.00,923.30,685.47,53.65,-32509.00,5120836.00,0.00,170749.00,69564.00,1181393.00,868416.00,-77420.00,-765546.00
2023-09-13,-0.71,-18.82,8.94,93.71,0.00,1.33,0.56,8.33,12.22,4.74,15.34,24.90,15.88,9.40,17189.00,866.10,111436.00,0.00,759.10,763.10,67.49,15901.00,6406116.00,0.00,159326.00,55925.00,900546.00,824303.00,52880.00,-96030.00
2023-09-14,-0.77,-23.93,10.59,74.32,0.00,0.00,0.41,2.37,44.55,2.08,14.79,23.40,17.78,10.60,16672.00,938.40,88246.00,0.00,2.11,582.85,-3.57,-30161.00,-140838.00,0.00,-17.06,11606.00,29715.00,88558.00,-55631.00,-783430.00
2023-09-15,-0.71,-27.27,6.29,77.90,0.00,0.20,0.87,5.57,35.99,3.93,16.69,22.00,18.08,13.60,19396.00,249.80,91990.00,0.00,175.40,611.26,24.64,-25569.00,1960930.00,0.00,13939.00,59116.00,389643.00,815196.00,-88130.00,-715107.00
2023-09-16,-0.70,-32.83,4.34,69.67,0.00,0.00,0.13,2.33,44.90,3.69,17.55,24.70,18.43,9.70,22014.00,145.20,82351.00,0.00,2.11,554.43,-12.12,-34473.00,-970871.00,0.00,-43.95,-713.20,19863.00,-376767.00,-197111.00,-1085116.00
2023-09-17,-0.58,-26.06,12.43,74.42,0.00,0.69,0.94,4.60,18.81,4.30,16.39,22.70,17.85,13.20,21196.00,794.10,87925.00,0.00,396.90,641.14,17.75,-30495.00,1160107.00,0.00,71047.00,59958.00,353499.00,126713.00,-180735.00,-891924.00
2023-09-18,-0.68,-13.21,16.39,85.86,0.00,1.36,0.61,9.94,8.66,2.69,9.12,17.80,15.08,13.70,11931.00,1543.00,101393.00,0.00,776.60,760.15,66.81,16090.00,5511187.00,0.00,237091.00,117111.00,1266538.00,314562.00,118855.00,394197.00
2023-09-19,-0.79,-26.86,6.15,71.58,0.00,0.00,0.61,2.08,54.92,2.60,12.80,27.40,20.95,14.50,17120.00,314.10,84519.00,0.00,2.11,550.11,-6.64,-25260.00,-309526.00,0.00,-20.14,10798.00,61689.00,-321699.00,-79144.00,-609200.00
2023-09-20,-0.82,-22.23,9.00,72.60,0.00,0.10,0.64,1.98,52.62,2.48,8.68,18.40,15.11,10.60,13929.00,730.30,85740.00,0.00,86.93,580.75,-7.41,-42323.00,-375671.00,0.00,-3767.00,30080.00,125747.00,-824955.00,-67557.00,-480737.00
2023-09-21,-0.75,-11.36,10.19,76.77,0.00,2.95,0.65,8.37,22.21,4.86,13.90,14.60,12.09,9.40,9175.00,1559.00,90951.00,0.11,2018.00,667.91,73.05,15701.00,5102718.00,1.85,551467.00,125597.00,1308430.00,1104444.00,116333.00,272245.00
2023-09-22,-0.92,-6.51,14.77,75.78,0.00,2.31,0.58,10.16,10.15,5.41,15.99,14.40,11.35,7.00,5187.00,3332.00,89845.00,0.00,1362.00,699.59,57.78,25607.00,4273912.00,0.00,187048.00,37466.00,848288.00,737043.00,144128.00,180436.00
2023-09-23,-0.75,-9.63,10.52,72.45,0.00,0.96,0.86,4.62,13.85,4.37,17.73,16.00,11.46,5.30,8337.00,2003.00,85902.00,0.00,552.30,696.82,32.11,-70409.00,2030087.00,0.00,92330.00,60183.00,332836.00,699081.00,-128236.00,-1323237.00
2023-09-24,-0.83,-15.83,7.10,70.39,0.00,0.88,0.63,4.53,20.69,2.68,18.43,23.20,15.84,7.30,12882.00,878.60,83424.00,0.00,500.90,661.85,19.61,-61791.00,1146959.00,0.00,85901.00,65172.00,380164.00,348164.00,-102177.00,-1337944.00
2023-09-25,-0.92,-15.13,9.28,74.18,0.00,1.55,0.75,2.16,28.89,3.57,15.11,23.00,16.36,13.10,11415.00,1546.00,87892.00,0.00,882.70,660.65,41.74,-9836.00,3005677.00,0.00,154561.00,67020.00,163496.00,1114625.00,24114.00,-242734.00
2023-09-26,-0.69,-12.40,11.88,77.65,0.00,2.55,0.64,5.45,14.88,4.67,16.76,15.70,13.29,9.60,10562.00,2097.00,92034.00,0.00,1508.00,700.84,72.89,15744.00,5350063.00,0.00,324815.00,66072.00,524885.00,1122365.00,166498.00,56372.00
2023-09-27,-0.77,-14.80,8.83,76.45,0.00,1.66,0.66,6.72,25.93,3.85,15.38,16.70,13.10,10.30,11483.00,523.40,90640.00,0.00,988.20,651.04,43.46,-22454.00,3355707.00,0.00,149195.00,54788.00,521623.00,925192.00,-9847.00,-315163.00
2023-09-28,-0.77,-10.79,10.28,75.76,0.00,2.40,0.73,7.96,12.75,5.60,18.35,19.40,14.55,10.40,9164.00,1741.00,89831.00,0.00,1376.00,685.26,49.47,-24074.00,3540676.00,0.00,244298.00,68508.00,763134.00,534139.00,-12959.00,-488863.00
2023-09-29,-0.75,-16.96,6.55,72.18,0.00,1.26,0.66,7.25,17.93,4.17,19.72,27.60,17.97,8.10,13504.00,495.50,85642.00,0.00,720.00,654.82,34.11,-37297.00,2204563.00,0.00,104686.00,53420.00,547532.00,432863.00,-114280.00,-950098.00
2023-09-30,-0.80,-27.29,7.70,64.89,0.00,0.47,0.69,3.68,38.43,2.89,19.25,29.20,22.96,17.40,18282.00,858.60,76941.00,0.00,268.40,544.00,-6.90,-52200.00,-589940.00,0.00,38959.00,44024.00,158260.00,6187.00,-135901.00,-1345317.00
2023-10-01,-0.75,-29.06,4.05,69.37,0.00,0.00,0.49,4.96,35.31,4.53,17.70,22.80,17.70,10.10,19197.00,473.60,81664.00,0.00,2.11,590.49,-13.20,-41805.00,-978133.00,0.00,-54.10,14976.00,195700.00,-1123123.00,-226603.00,-1074821.00
2023-10-02,-0.69,-26.11,5.90,76.06,0.00,0.05,0.76,7.92,35.14,4.73,18.83,28.20,18.00,7.60,18102.00,839.50,90114.00,0.00,39.76,594.63,13.01,-31163.00,1009039.00,0.00,112.20,29745.00,283422.00,576952.00,-153437.00,-774034.00
2023-10-03,-0.63,-15.73,8.90,81.58,0.00,1.55,0.37,9.51,36.64,0.51,2.10,25.80,17.66,11.00,10271.00,1289.00,97636.00,0.00,932.20,717.83,70.61,29199.00,5658975.00,0.00,198420.00,47342.00,853688.00,1616061.00,38262.00,174499.00
2023-10-04,-0.60,-13.80,5.63,81.95,0.00,0.00,0.58,11.60,37.97,3.28,6.82,13.30,11.61,10.50,10069.00,770.40,98358.00,0.00,2.11,667.42,52.78,8106.00,4524998.00,0.00,125.80,44982.00,833475.00,1764856.00,75660.00,133685.00
2023-10-05,-0.58,-23.31,5.94,80.00,0.00,0.32,0.39,9.46,46.40,5.37,11.12,16.40,12.29,8.90,15860.00,1554.00,95827.00,0.00,279.30,605.41,25.13,-15227.00,2262423.00,0.00,-7805.00,20954.00,426409.00,1172696.00,-88083.00,-227402.00
2023-10-06,-0.66,-23.26,3.77,93.83,0.00,0.20,0.48,10.14,25.45,4.96,16.50,14.70,11.93,8.30,18636.00,162.10,111896.00,0.00,179.80,712.25,36.32,-7652.00,3351829.00,0.00,4544.00,29016.00,518480.00,872862.00,26717.00,11814.00
2023-10-07,-0.40,-21.24,5.47,93.63,0.00,0.00,0.31,6.43,18.23,5.19,13.87,13.60,11.46,7.80,18521.00,337.90,111625.00,0.00,2.11,769.10,34.23,976.80,3284176.00,0.00,75.67,17214.00,306433.00,552109.00,50079.00,104490.00
2023-10-08,-0.53,-20.22,5.23,91.29,0.00,0.00,0.25,5.88,8.44,5.14,19.31,15.80,11.14,5.90,19111.00,307.30,108805.00,0.00,2.11,784.14,40.42,-3865.00,3522987.00,0.00,79.02,14227.00,306515.00,430945.00,29762.00,-116288.00
2023-10-09,-0.52,-15.80,7.47,95.49,0.00,0.00,0.59,9.85,8.00,5.10,17.54,15.40,12.75,9.90,14747.00,1044.00,113797.00,0.00,2.11,783.72,47.94,-1580.00,4427188.00,0.00,100.50,50112.00,622809.00,438576.00,105599.00,58466.00
2023-10-10,-0.48,-21.19,4.76,100.60,0.00,1.12,0.62,13.98,5.59,5.38,17.54,16.40,13.07,9.50,19640.00,313.30,119758.00,0.00,639.60,790.04,60.54,13517.00,5822094.00,0.00,120126.00,61636.00,1027323.00,330747.00,219357.00,647676.00
2023-10-11,-0.58,-32.25,5.97,81.90,0.00,0.00,0.44,5.63,39.87,3.78,21.37,26.00,17.47,7.10,22879.00,273.30,97690.00,0.00,2.11,595.32,8.04,-25139.00,817241.00,0.00,3.82,8262.00,189593.00,131179.00,-88162.00,-946792.00
2023-10-12,-0.50,-28.67,8.32,85.18,0.00,0.00,0.41,4.93,49.43,1.71,7.64,21.40,14.83,10.80,19939.00,474.80,101344.00,0.00,2.11,637.43,12.27,-8967.00,1177360.00,0.00,27.27,12419.00,116496.00,490438.00,-8018.00,-119963.00
2023-10-13,-0.55,-27.17,4.69,83.98,0.00,0.41,0.45,3.76,52.94,2.11,10.15,17.10,13.72,11.00,19075.00,676.90,100193.00,0.00,325.20,627.97,6.17,-16888.00,730609.00,0.00,5156.00,19077.00,100700.00,210105.00,-15309.00,-246581.00
2023-10-14,-0.64,-28.69,4.39,75.16,0.00,0.00,0.35,3.98,42.97,3.76,14.18,19.60,14.99,11.70,19579.00,400.70,89765.00,0.00,2.11,611.39,-7.66,-35523.00,-288934.00,0.00,-30.14,11955.00,105125.00,-451509.00,-197618.00,-864761.00
2023-10-15,-0.48,-21.78,8.61,87.06,0.00,0.00,0.55,3.58,25.06,2.09,10.62,17.10,13.18,11.70,19223.00,497.30,103769.00,0.00,2.76,737.55,25.97,-15811.00,2495247.00,0.00,63.41,46094.00,222332.00,424628.00,-23084.00,-269950.00
2023-10-16,-1.01,-27.24,4.74,76.72,0.00,0.00,0.49,4.00,54.59,2.35,17.86,14.50,12.36,10.30,17405.00,232.20,91440.00,0.00,2.11,560.54,-0.04,-40625.00,184472.00,0.00,-13.95,11373.00,155094.00,-276202.00,-61996.00,-790114.00
2023-10-17,-0.16,-20.15,6.95,96.02,0.00,0.00,0.28,7.55,14.04,4.38,20.22,15.70,13.06,10.00,18164.00,838.00,114165.00,0.00,2.11,749.92,42.58,4115.00,3927308.00,0.00,90.85,16347.00,479925.00,674120.00,91902.00,207267.00
2023-10-18,-0.63,-20.49,5.20,88.56,0.00,1.18,0.67,13.75,8.65,4.66,22.56,23.90,16.27,8.00,17849.00,281.10,105756.00,0.00,679.50,716.06,70.00,12595.00,5744059.00,0.00,192248.00,80449.00,1455524.00,418257.00,143926.00,542548.00
2023-10-19,-0.61,-18.03,6.94,82.63,0.00,1.38,0.54,12.10,11.72,5.12,21.83,26.80,19.54,11.30,15366.00,1002.00,99097.00,0.00,790.60,691.88,67.42,12919.00,5212795.00,0.00,203353.00,80842.00,1315036.00,581596.00,174306.00,561961.00
2023-10-20,-0.55,-19.92,9.08,75.55,0.00,0.03,0.36,5.78,31.23,4.11,20.52,29.00,22.36,14.40,14818.00,749.10,89994.00,0.00,26.09,601.88,34.02,-2911.00,2644028.00,0.00,-456.20,20976.00,293462.00,1181798.00,45954.00,73435.00
2023-10-21,-0.39,-29.87,8.08,63.36,0.00,0.00,0.17,1.09,53.72,2.03,12.26,22.80,19.24,14.00,17778.00,385.90,75103.00,0.00,2.11,522.53,-1.43,-10970.00,24194.00,0.00,-9.03,524.70,12170.00,-85348.00,-37351.00,-401245.00
2023-10-22,-0.41,-26.88,2.99,59.92,0.00,0.00,0.17,2.42,66.90,2.04,8.11,15.40,13.38,11.70,14338.00,313.20,70998.00,0.00,2.11,494.36,-4.77,-15520.00,18804.00,0.00,-18.24,4666.00,90340.00,-408738.00,-56004.00,-289194.00
2023-10-23,-0.58,-17.17,17.00,76.38,0.00,0.30,0.79,5.37,25.89,4.37,14.47,17.40,13.71,10.60,12939.00,4523.00,90488.00,0.00,172.70,648.54,37.20,1443.00,2892575.00,0.00,28656.00,56417.00,367421.00,996255.00,88057.00,159775.00
2023-10-24,-0.79,-20.29,8.39,57.02,0.00,0.00,0.33,0.36,59.34,3.02,17.24,25.20,17.78,11.20,11054.00,1791.00,67657.00,0.00,2.11,468.59,-19.49,-37801.00,-917089.00,0.00,-52.50,4986.00,1277.00,-844072.00,-144027.00,-929775.00
2023-10-25,-0.55,-16.85,13.32,72.95,0.00,0.00,0.63,4.48,35.33,4.64,17.77,12.90,10.22,7.60,12287.00,3443.00,87221.00,0.00,2.11,595.01,8.86,-10409.00,983706.00,0.00,10.89,24589.00,232411.00,535305.00,-150666.00,-691408.00
2023-10-26,-0.81,-13.68,8.06,77.52,0.00,0.03,0.50,3.65,39.14,4.01,16.93,14.30,11.27,7.50,10157.00,2003.00,92849.00,0.00,24.23,625.92,14.97,-20950.00,1545017.00,0.00,-1437.00,21052.00,189085.00,504034.00,-85843.00,-724950.00
2023-10-27,-0.70,-14.69,7.92,76.84,0.00,0.03,0.80,6.11,18.91,6.82,24.15,18.80,14.48,8.50,11939.00,2185.00,91926.00,0.00,23.46,651.43,30.96,-38044.00,2493984.00,0.00,425.70,59193.00,455335.00,859509.00,-112298.00,-818595.00
2023-10-28,-0.77,-18.83,5.97,67.83,0.00,0.00,0.40,3.31,34.09,3.57,18.35,23.10,16.20,9.80,13061.00,807.20,81141.00,0.00,2.11,604.74,-7.10,-57822.00,-91332.00,0.00,-36.40,28654.00,212030.00,-281853.00,-227445.00,-1497234.00
2023-10-29,-0.73,-9.60,3.81,74.71,0.00,0.00,0.85,7.79,8.10,2.69,23.21,20.50,14.56,9.10,8912.00,1718.00,89271.00,0.00,2.11,740.49,11.14,-135438.00,335633.00,0.00,-54.89,92186.00,695628.00,256059.00,-128736.00,-3393205.00
2023-10-30,-0.66,-12.59,4.59,65.45,0.00,0.00,0.33,1.38,44.52,3.75,16.58,22.00,16.15,12.50,8647.00,995.70,78385.00,0.00,2.11,573.40,-7.77,-29135.00,97998.00,0.00,-21.37,949.20,45362.00,-655771.00,-190587.00,-967807.00
2023-10-31,-0.70,-9.49,8.63,67.56,0.00,0.00,0.57,3.50,32.07,5.60,19.03,15.70,12.76,9.10,6420.00,2766.00,80905.00,0.00,2.11,609.40,16.26,-28989.00,1576009.00,0.00,18.59,30933.00,356187.00,272135.00,-201202.00,-1110000.00
2023-11-01,-0.47,-4.20,8.32,81.85,0.00,0.05,0.31,8.88,13.56,4.17,14.32,15.90,13.33,11.40,3783.00,1788.00,97734.00,0.00,44.47,755.44,52.10,9928.00,4323211.00,0.00,2850.00,35889.00,757492.00,763559.00,68303.00,149440.00
2023-11-02,-0.35,-5.73,5.11,77.13,0.00,1.18,0.43,8.78,18.51,4.45,16.89,16.40,13.69,12.20,4398.00,1749.00,91517.00,0.00,806.90,709.47,66.16,-28.63,4883467.00,0.00,135612.00,44051.00,873172.00,1234730.00,165579.00,249956.00
2023-11-03,-0.46,-18.11,5.32,82.76,0.00,0.02,0.42,3.80,31.19,6.34,16.46,15.20,13.48,12.10,14045.00,1912.00,97911.00,0.00,15.86,671.62,18.55,-18026.00,1817243.00,0.00,-1395.00,19363.00,200956.00,905126.00,-150792.00,-619034.00
2023-11-04,-0.53,-22.19,4.63,70.36,0.00,0.00,0.29,0.91,36.69,3.92,20.37,20.50,14.84,11.30,16081.00,1295.00,83362.00,0.00,2.11,599.18,-23.94,-52945.00,-1562255.00,0.00,-82.37,-2094.00,23420.00,-234511.00,-276051.00,-1917645.00
2023-11-05,-0.42,-21.85,2.64,73.61,0.00,0.00,0.52,2.32,25.94,4.09,22.80,23.70,16.64,9.60,17329.00,1198.00,87157.00,0.00,2.11,647.80,-13.05,-54776.00,-1248181.00,0.00,-85.23,13735.00,142037.00,289263.00,-232058.00,-2562605.00
2023-11-06,-0.48,-24.06,4.28,81.65,0.00,0.79,0.37,4.39,28.38,6.16,21.51,29.60,21.44,12.60,18508.00,1275.00,96400.00,0.00,456.50,647.39,19.92,-26988.00,1822007.00,0.00,65074.00,25013.00,325331.00,406748.00,-126159.00,-786594.00
2023-11-07,-0.51,-23.24,3.84,87.29,0.00,0.98,0.37,4.94,22.20,5.54,20.37,30.40,23.53,15.50,19420.00,260.40,103470.00,0.00,563.40,696.99,34.74,-14853.00,3130635.00,0.00,81268.00,25230.00,337998.00,725855.00,-17416.00,-297885.00
2023-11-08,-0.49,-23.13,6.86,91.44,0.00,0.97,0.44,5.46,23.15,6.67,18.91,29.50,19.94,15.10,19185.00,1624.00,109008.00,0.00,559.10,706.15,50.88,-1814.00,4799916.00,0.00,112896.00,57953.00,593383.00,881821.00,70546.00,-118337.00
2023-11-09,-0.66,-12.68,8.70,87.70,0.00,2.69,0.40,8.36,7.03,8.02,17.32,22.70,17.44,15.20,11784.00,1706.00,104877.00,0.00,1673.00,760.33,100.61,32338.00,8596336.00,0.00,434123.00,59392.00,1134077.00,868699.00,426223.00,750122.00
2023-11-10,-0.51,-16.40,10.22,84.94,0.00,1.61,0.59,10.38,18.96,7.00,24.14,33.10,24.21,13.80,12877.00,2265.00,101663.00,0.00,1034.00,653.42,73.03,-3831.00,5780820.00,0.00,307507.00,76023.00,1392236.00,952299.00,168501.00,276379.00
2023-11-11,-0.62,-24.19,3.66,71.22,0.00,0.00,0.30,3.09,42.49,3.83,18.03,26.60,18.93,13.50,16566.00,687.10,85478.00,0.00,2.11,590.76,-2.25,-29197.00,187728.00,0.00,-19.59,12754.00,197203.00,-79878.00,-189644.00,-1097239.00
2023-11-12,-0.60,-22.44,2.77,72.06,0.00,0.00,0.40,2.69,26.76,4.50,21.93,17.60,14.83,12.10,17355.00,834.50,86342.00,0.00,2.11,646.07,7.33,-52237.00,815178.00,0.00,-9.89,15743.00,187253.00,-182237.00,-215737.00,-2501090.00
2023-11-13,-0.56,-19.41,6.22,77.62,0.00,1.81,0.56,9.21,14.41,7.51,24.57,20.00,14.79,11.90,15851.00,1849.00,92761.00,0.00,1039.00,654.33,59.83,-6686.00,4771185.00,0.00,196860.00,38545.00,952878.00,1089665.00,-68711.00,-305583.00
2023-11-14,-0.50,-15.29,7.82,88.90,0.00,5.18,0.50,16.32,6.85,4.17,10.80,16.50,14.31,12.70,13363.00,2049.00,105931.00,0.00,2967.00,782.25,110.55,33411.00,9755186.00,0.00,636533.00,66586.00,2032400.00,780689.00,309312.00,764180.00
2023-11-15,-0.64,-15.42,8.25,81.39,0.00,2.52,0.57,6.92,10.97,7.31,21.73,17.80,15.07,13.40,13628.00,1990.00,97206.00,0.00,1461.00,704.08,82.72,-5970.00,6673447.00,0.00,280607.00,72632.00,952959.00,1254621.00,70020.00,-243618.00
2023-11-16,-0.58,-15.20,7.59,71.27,0.00,1.70,0.32,4.68,31.36,5.51,18.44,16.50,14.28,12.40,11179.00,2018.00,84705.00,0.00,1064.00,612.41,48.11,-13471.00,4114056.00,0.00,200403.00,27371.00,581578.00,1243173.00,-160482.00,-876795.00
2023-11-17,-0.60,-13.13,9.47,74.44,0.00,2.92,0.67,5.13,19.60,6.60,18.64,17.50,14.79,12.50,10500.00,2578.00,88594.00,0.00,1676.00,665.46,42.57,-9367.00,3667812.00,0.00,-25737.00,38382.00,460332.00,1013043.00,-69855.00,-443824.00
2023-11-18,-0.53,-17.39,5.03,78.15,0.00,3.31,0.47,5.11,9.60,4.99,23.69,18.30,15.68,12.40,15730.00,2228.00,93476.00,0.00,1901.00,728.32,52.65,-24771.00,3810690.00,0.00,229075.00,42511.00,545741.00,790869.00,-61971.00,-1139733.00
2023-11-19,-0.55,-15.82,10.29,78.87,0.00,0.00,0.52,2.51,9.01,5.27,21.58,20.70,16.28,11.70,15189.00,4935.00,94316.00,0.00,2.11,752.71,44.30,-37398.00,3208528.00,0.00,64.97,43025.00,258544.00,770802.00,-109811.00,-1661471.00
2023-11-20,-0.59,-15.04,4.30,88.10,0.00,1.25,0.44,7.33,17.22,6.63,14.47,18.90,16.29,14.40,12903.00,1743.00,105279.00,0.00,825.50,764.96,98.29,23903.00,8518950.00,0.00,168862.00,55365.00,970976.00,1734973.00,433728.00,851092.00
2023-11-21,-0.57,-16.87,7.67,86.33,0.00,0.15,0.42,2.92,23.93,5.92,15.52,18.80,16.35,14.60,13767.00,2422.00,103264.00,0.00,97.95,733.68,58.52,11682.00,5358535.00,0.00,15560.00,38564.00,279980.00,1090901.00,149967.00,171489.00
2023-11-22,-0.53,-22.65,5.52,76.32,0.00,0.00,0.49,2.81,33.92,5.29,23.70,18.00,16.14,13.90,17198.00,786.40,91412.00,0.00,0.00,600.62,23.94,-24071.00,2090394.00,0.00,0.00,38879.00,230392.00,1053553.00,-152239.00,-1148810.00
2023-11-23,-0.46,-27.99,2.23,92.33,0.00,0.02,0.21,3.80,33.98,4.97,19.61,26.40,19.67,15.60,21953.00,894.40,110077.00,0.00,16.60,691.81,49.30,1475.00,4598376.00,0.00,291.00,13052.00,244068.00,1739253.00,70572.00,277330.00
2023-11-24,-0.39,-19.41,4.04,89.49,0.00,0.00,0.29,6.84,32.09,3.73,11.15,27.60,20.87,17.20,15284.00,1296.00,106831.00,0.00,0.00,726.35,69.40,14512.00,6122684.00,0.00,0.00,24893.00,564542.00,2097098.00,232358.00,631604.00
2023-11-25,-0.51,-20.22,5.69,78.21,0.00,0.00,0.53,5.73,24.08,6.12,16.11,26.00,20.87,17.30,16064.00,1336.00,93445.00,0.00,0.00,680.09,32.99,-13324.00,2925483.00,0.00,0.00,39133.00,415948.00,633576.00,-71505.00,-366984.00
2023-11-26,-0.51,-20.81,4.54,74.63,0.00,0.00,0.45,3.91,30.02,3.90,13.33,19.40,16.70,15.20,16249.00,1194.00,89189.00,0.00,0.00,677.27,16.22,-23765.00,1566523.00,0.00,0.00,27662.00,257869.00,527587.00,-98420.00,-543225.00
2023-11-27,-0.51,-20.42,8.46,88.15,0.00,0.00,0.18,3.20,23.07,6.70,15.68,18.00,15.51,13.80,17323.00,1603.00,105363.00,0.00,0.00,719.99,25.40,-1710.00,2461138.00,0.00,0.00,7433.00,155280.00,787509.00,4558.00,-167996.00
2023-11-28,-0.12,-30.11,2.27,99.83,0.00,0.07,0.33,6.47,27.10,3.50,16.49,22.80,17.79,14.00,25236.00,310.70,118172.00,0.00,54.08,741.51,56.12,5591.00,5492450.00,0.00,5178.00,22416.00,413829.00,1509791.00,191500.00,818897.00
2023-11-29,-0.50,-36.78,1.24,78.38,0.00,0.00,0.15,0.75,71.42,3.29,8.60,19.00,17.61,15.40,22345.00,93.44,93527.00,0.00,0.00,563.22,-3.17,-11948.00,-56476.00,0.00,0.00,440.40,10640.00,-106536.00,-71171.00,-264547.00
2023-11-30,-0.32,-37.87,3.26,80.68,0.00,0.00,0.26,3.59,59.99,5.59,12.46,18.50,15.94,13.90,23969.00,292.40,96436.00,0.00,1.65,570.04,-4.69,-11275.00,-31347.00,0.00,-83.94,4316.00,105074.00,-182251.00,-172027.00,-408528.00
2023-12-01,-0.31,-32.51,2.73,90.12,0.00,0.03,0.43,8.45,34.99,6.07,15.23,23.30,18.00,13.90,24490.00,201.90,107644.00,0.00,28.30,665.76,25.99,-3215.00,2546866.00,0.00,297.20,27184.00,461642.00,954126.00,-26107.00,-185477.00
2023-12-02,-0.47,-30.28,2.53,89.12,0.00,0.00,0.22,7.32,31.94,6.73,9.28,16.90,15.85,14.60,24000.00,339.50,106337.00,0.00,0.00,710.36,21.55,-3289.00,2364440.00,0.00,0.00,11501.00,424287.00,629682.00,-57862.00,-81904.00
2023-12-03,-0.44,-25.09,2.25,85.32,0.00,0.00,0.47,8.33,13.99,5.22,22.51,23.70,18.51,14.10,21847.00,698.20,101846.00,0.00,0.00,716.91,21.65,-19804.00,2026987.00,0.00,0.00,31152.00,574849.00,546536.00,-177075.00,-1531011.00
2023-12-04,-0.46,-21.77,3.66,88.66,1.48,0.00,0.34,10.26,23.45,6.03,25.20,32.20,22.73,13.10,17905.00,1037.00,105868.00,841.10,0.00,656.53,44.00,-20099.00,4171266.00,162091.00,0.00,33066.00,1079738.00,791931.00,-53039.00,-677681.00
2023-12-05,-0.33,-22.40,4.91,92.91,0.00,0.00,0.25,11.22,21.19,4.72,19.37,23.90,18.86,15.80,18451.00,2536.00,111058.00,0.00,0.00,721.60,71.35,17097.00,6640945.00,0.00,0.00,24206.00,1022573.00,1284428.00,209771.00,860388.00
2023-12-06,-0.24,-13.99,6.58,82.65,0.00,1.27,0.21,9.50,9.03,7.23,25.23,21.90,18.09,15.00,12122.00,2158.00,98273.00,0.00,727.30,698.50,71.37,6964.00,5608654.00,0.00,166621.00,22211.00,971953.00,804315.00,224401.00,591956.00
2023-12-07,-0.13,-8.67,9.83,83.33,0.00,0.51,0.24,13.24,8.06,2.64,18.54,25.60,19.09,13.30,7750.00,4712.00,98646.00,0.00,411.80,752.60,116.44,13631.00,9370682.00,0.00,87361.00,33971.00,1723545.00,935799.00,253449.00,1919809.00
2023-12-08,-0.57,-21.01,3.41,81.43,2.38,2.20,0.40,8.48,50.25,2.54,14.46,32.80,25.57,19.20,13779.00,1344.00,96538.00,1354.00,1312.00,602.66,74.37,1378.00,5775905.00,319316.00,274385.00,50723.00,1034169.00,2906457.00,109575.00,395279.00
2023-12-09,-0.38,-18.86,7.34,83.34,0.00,0.00,0.31,5.89,29.35,4.22,5.86,19.40,16.56,14.40,14327.00,3989.00,98781.00,0.00,0.00,755.46,52.75,6755.00,4579666.00,0.00,0.00,19571.00,400578.00,1229135.00,184010.00,271038.00
2023-12-10,-0.48,-26.23,1.63,72.36,0.00,0.00,0.15,1.10,49.77,4.22,10.01,19.30,17.32,14.70,17474.00,515.10,86182.00,0.00,0.00,615.13,12.92,-8704.00,1023568.00,0.00,0.00,4874.00,58396.00,764402.00,-32502.00,-87958.00
2023-12-11,-0.09,-22.07,4.32,83.82,0.00,1.36,0.26,4.76,44.30,3.94,6.46,20.10,18.52,17.50,15561.00,2346.00,99230.00,0.00,780.40,683.08,80.03,5661.00,6511997.00,0.00,134564.00,27873.00,460982.00,3130360.00,374988.00,601603.00
2023-12-12,-0.49,-17.41,8.10,78.67,3.29,1.49,0.34,9.42,34.33,5.89,20.65,32.50,24.29,18.30,12647.00,3221.00,93203.00,1873.00,856.30,599.64,86.84,8763.00,6256315.00,430962.00,223681.00,53112.00,1223120.00,2704185.00,269147.00,882451.00
2023-12-13,-0.44,-11.47,13.21,83.72,2.73,2.18,0.40,9.84,36.33,4.14,14.64,33.70,26.06,20.10,8295.00,5881.00,99112.00,1554.00,1281.00,641.02,86.92,32924.00,7265745.00,222353.00,193808.00,40043.00,860906.00,3090531.00,372258.00,1218318.00
2023-12-14,-0.51,-14.88,9.48,72.58,0.00,3.54,0.35,3.65,30.51,6.63,16.77,25.10,20.03,16.70,11054.00,2215.00,86064.00,0.00,2029.00,618.56,40.18,-14530.00,3413487.00,0.00,303928.00,43120.00,433635.00,914815.00,-72894.00,-363937.00
2023-12-15,-0.48,-14.11,10.15,74.10,0.00,1.77,0.40,7.51,14.63,6.94,24.05,23.10,18.10,14.40,11588.00,2602.00,87922.00,0.00,1016.00,639.78,47.93,-14281.00,3949972.00,0.00,184307.00,36569.00,616223.00,735283.00,-41996.00,-745484.00
2023-12-16,-0.49,-19.32,7.92,68.68,0.00,0.00,0.36,4.79,25.93,4.37,19.88,22.60,17.48,13.60,15074.00,1413.00,81946.00,0.00,0.00,609.11,11.84,-28576.00,1473648.00,0.00,0.00,22708.00,269104.00,148258.00,-191782.00,-1091504.00
2023-12-17,-0.53,-11.31,9.64,69.79,0.00,1.05,0.47,4.31,5.73,6.43,26.89,24.80,18.42,12.20,10042.00,2816.00,82815.00,0.00,604.50,677.39,53.42,-32721.00,3607972.00,0.00,122254.00,43317.00,462457.00,423701.00,34079.00,-532003.00
2023-12-18,-0.48,-17.67,7.82,83.47,2.76,1.51,0.37,5.75,29.78,3.42,9.57,26.00,21.16,15.90,13830.00,2009.00,98811.00,1571.00,864.00,708.07,68.48,19685.00,5727462.00,248814.00,126343.00,36233.00,468522.00,1867205.00,219486.00,656638.00
2023-12-19,-0.47,-24.08,6.54,72.93,0.00,0.09,0.33,1.60,48.17,4.13,14.18,19.50,16.37,14.50,15843.00,565.00,86529.00,0.00,50.46,577.72,21.30,-14729.00,1955569.00,0.00,5274.00,15500.00,75083.00,806313.00,-33549.00,-252382.00
2023-12-20,-0.46,-24.14,7.23,65.83,0.00,0.00,0.25,1.41,43.24,3.79,24.39,19.60,16.58,12.80,16009.00,1165.00,78852.00,0.00,0.00,526.62,-19.21,-31245.00,-1214199.00,0.00,0.00,860.10,14246.00,-327311.00,-181110.00,-1654617.00
2023-12-21,-0.44,-25.90,5.58,62.11,0.00,0.00,0.41,2.36,47.33,5.93,24.26,24.80,19.62,15.00,15737.00,1403.00,72946.00,0.00,0.00,481.86,-4.95,-25145.00,-15764.00,0.00,0.00,12182.00,69473.00,59728.00,-226230.00,-1179790.00
2023-12-22,-0.49,-32.71,2.90,72.83,0.00,0.00,0.43,3.23,40.45,4.79,25.69,24.10,19.08,14.40,22306.00,820.60,85512.00,0.00,0.00,546.71,3.89,-27379.00,545372.00,0.00,0.00,14173.00,136281.00,517366.00,-200505.00,-1382720.00
2023-12-23,-0.46,-35.40,2.02,79.93,0.00,0.00,0.48,1.85,30.40,6.10,26.18,22.60,18.00,12.80,27160.00,120.40,94538.00,0.00,0.00,607.53,19.29,-21240.00,1472717.00,0.00,0.00,26326.00,101090.00,836005.00,-219730.00,-1141795.00
2023-12-24,-0.50,-23.02,6.32,68.78,0.00,0.00,0.36,0.72,31.61,3.22,19.78,23.70,18.07,13.30,17177.00,1148.00,81352.00,0.00,0.00,609.00,-15.25,-44113.00,-637493.00,0.00,0.00,2137.00,6771.00,-290283.00,-155700.00,-1763588.00
2023-12-25,-0.38,-31.54,8.96,57.97,0.00,0.00,0.14,0.02,55.06,2.23,6.89,19.60,17.79,16.40,18286.00,378.10,68556.00,0.00,0.00,509.80,-23.23,-18480.00,-1285471.00,0.00,0.00,-1326.00,-507.20,-1122158.00,-91756.00,-318340.00
2023-12-26,-0.24,-32.36,4.90,66.77,0.00,0.00,0.25,1.04,43.21,3.88,15.05,23.80,19.56,17.00,21145.00,204.20,78945.00,0.00,0.00,565.89,-5.25,-7822.00,-40567.00,0.00,0.00,9122.00,48379.00,-580855.00,-156097.00,-658966.00
2023-12-27,-0.43,-21.08,4.41,82.55,0.00,0.00,0.41,1.51,20.08,6.39,20.29,23.60,20.29,17.70,18095.00,1341.00,97695.00,0.00,0.00,709.29,32.63,-13479.00,3054603.00,0.00,0.00,27391.00,121377.00,646348.00,-77453.00,-578039.00
2023-12-28,-0.37,-23.06,3.97,86.95,0.00,0.00,0.21,2.86,17.39,6.57,17.41,20.50,18.20,17.00,20400.00,1377.00,103634.00,0.00,0.00,755.94,18.63,-11805.00,2025861.00,0.00,0.00,9892.00,135467.00,351495.00,-141921.00,-522771.00
2023-12-29,-0.47,-26.23,4.71,75.51,0.00,0.00,0.41,1.17,22.27,5.75,25.16,20.00,17.15,15.30,21406.00,434.00,90343.00,0.00,0.00,640.66,22.61,-20577.00,1861842.00,0.00,0.00,18722.00,46468.00,516845.00,-116364.00,-741049.00
2023-12-30,-0.40,-24.38,4.03,69.10,0.00,0.00,0.31,1.92,29.66,3.46,19.08,18.30,15.91,14.20,18794.00,1066.00,82768.00,0.00,0.00,632.83,-8.68,-29493.00,-345230.00,0.00,0.00,7441.00,80648.00,-16652.00,-172251.00,-1443440.00
2023-12-31,-0.52,-21.61,2.74,69.73,0.00,0.00,0.43,1.96,20.47,2.69,26.42,19.80,17.03,14.20,18410.00,653.90,83379.00,0.00,0.00,641.40,-32.74,-112668.00,-2969965.00,0.00,0.00,2113.00,82124.00,106715.00,-143611.00,-5912708.00
2024-01-01,-0.44,-22.06,1.61,74.26,0.00,0.00,0.20,2.75,20.38,5.17,25.19,22.80,18.30,12.90,18505.00,653.40,88809.00,0.00,0.00,662.77,15.54,-25520.00,1016751.00,0.00,0.00,4897.00,132318.00,692856.00,-115270.00,-1200839.00
2024-01-02,-0.15,-20.27,4.34,77.03,0.00,0.00,0.09,6.68,30.98,5.82,14.50,24.10,20.04,18.40,15512.00,771.10,92431.00,0.00,0.00,652.74,34.94,-122.70,2801179.00,0.00,0.00,3595.00,397124.00,1127012.00,19575.00,-313694.00
2024-01-03,-0.16,-13.66,8.45,79.58,0.00,0.54,0.38,12.43,14.25,6.23,14.94,26.50,20.82,17.90,11391.00,3665.00,95608.00,0.00,446.70,718.18,78.20,10288.00,6103466.00,0.00,52703.00,36749.00,1046518.00,1147735.00,452445.00,998431.00
2024-01-04,-0.45,-20.49,2.15,78.20,0.00,0.00,0.09,4.59,31.12,6.39,18.51,21.30,19.34,17.90,15564.00,330.60,94501.00,0.00,0.00,659.93,30.59,-6938.00,2413581.00,0.00,0.00,4238.00,252822.00,1053945.00,-32223.00,-229130.00
2024-01-05,-0.19,-17.18,4.04,74.78,0.00,0.00,0.16,4.89,30.68,7.68,22.52,28.20,21.93,15.90,12904.00,1286.00,90433.00,0.00,0.00,618.76,25.75,-2966.00,1993246.00,0.00,0.00,8548.00,298900.00,1030592.00,-39427.00,-277840.00
2024-01-06,-0.23,-16.15,6.44,80.75,0.00,0.00,0.34,8.41,21.25,5.95,21.95,32.60,25.05,16.80,12450.00,2750.00,97139.00,0.00,0.00,679.37,52.42,3497.00,4093198.00,0.00,0.00,31103.00,753740.00,749199.00,77891.00,371492.00
2024-01-07,-0.30,-24.60,4.05,100.20,0.00,0.00,0.24,6.11,21.09,1.88,6.88,27.10,22.63,20.00,22539.00,875.90,119875.00,0.00,0.00,849.99,42.51,4535.00,4448129.00,0.00,0.00,18093.00,434287.00,681322.00,34865.00,103189.00
2024-01-08,-0.32,-25.30,3.07,101.20,0.00,0.00,0.10,4.76,30.43,3.71,5.16,20.80,19.43,18.10,21967.00,419.60,121256.00,0.00,0.00,811.82,46.06,4769.00,5118941.00,0.00,0.00,6256.00,327820.00,1164156.00,35588.00,89004.00
2024-01-09,-0.42,-16.86,3.90,89.56,0.00,0.00,0.43,6.52,10.71,9.02,23.36,23.80,20.39,15.80,15222.00,1136.00,107401.00,0.00,0.00,739.30,60.04,-5218.00,5364485.00,0.00,0.00,47974.00,692968.00,690934.00,143055.00,196500.00
2024-01-10,-0.45,-16.05,5.89,91.10,0.00,0.02,0.35,5.81,11.29,9.10,24.87,26.70,20.15,17.00,14369.00,1297.00,109267.00,0.00,21.66,729.36,56.53,-2860.00,5533656.00,0.00,979.20,37688.00,571791.00,625952.00,50817.00,-133762.00
2024-01-11,-0.48,-22.54,2.14,91.78,0.00,0.00,0.41,6.50,18.66,8.00,25.63,22.90,19.82,17.00,19481.00,592.70,110063.00,0.00,0.00,700.83,33.86,-16553.00,3455429.00,0.00,0.00,31348.00,466614.00,768349.00,-76416.00,-576207.00
2024-01-12,-0.33,-20.31,3.50,105.60,0.00,2.04,0.29,10.70,14.77,9.13,24.82,33.40,23.85,16.50,18118.00,1257.00,126152.00,0.00,1169.00,735.40,73.37,13309.00,7318315.00,0.00,201835.00,30145.00,992944.00,1197128.00,520147.00,1375468.00
2024-01-13,-0.44,-32.34,3.03,83.36,0.00,0.00,0.18,4.47,40.80,6.96,12.60,21.40,19.24,16.70,23370.00,124.50,99440.00,0.00,0.00,642.35,8.83,-11637.00,1388508.00,0.00,0.00,1957.00,77453.00,165102.00,-157593.00,-333736.00
2024-01-14,-0.44,-31.58,3.37,68.69,0.00,0.00,0.20,3.46,43.28,3.29,22.12,22.70,19.31,16.10,20977.00,169.00,81981.00,0.00,0.00,544.28,-28.58,-61641.00,-2266344.00,0.00,0.00,-5141.00,35258.00,-780802.00,-158896.00,-2172419.00
2024-01-15,-0.17,-28.27,4.02,88.83,0.00,0.00,0.33,7.21,35.40,7.88,23.32,29.80,23.24,17.30,20914.00,1335.00,105464.00,0.00,0.00,619.96,35.85,-325.50,3076665.00,0.00,0.00,25739.00,544381.00,1260585.00,106329.00,161030.00
2024-01-16,-0.42,-35.05,2.91,91.22,0.00,1.06,0.27,8.67,53.86,5.69,24.12,31.20,26.42,20.80,23419.00,575.30,108519.00,0.00,606.90,566.45,32.27,-3549.00,2839915.00,0.00,77611.00,17385.00,585376.00,1465936.00,-3271.00,-76166.00
2024-01-17,-0.50,-25.10,6.57,86.72,0.00,0.00,0.47,3.87,41.96,3.84,11.69,25.60,20.30,16.30,17953.00,751.70,103361.00,0.00,0.00,665.20,42.82,785.10,3771516.00,0.00,0.00,37835.00,278825.00,1465884.00,22362.00,105449.00
2024-01-18,-0.56,-22.98,5.63,70.47,0.00,0.00,0.10,0.84,42.67,5.12,19.29,21.40,17.43,14.30,16002.00,2689.00,84357.00,0.00,1.41,589.20,-8.83,-29820.00,-207100.00,0.00,-57.94,632.30,24975.00,55030.00,-260137.00,-1228867.00
2024-01-19,-0.27,-19.35,7.04,89.10,0.00,0.00,0.48,5.74,13.09,8.79,17.25,20.30,17.31,14.80,17093.00,2253.00,106113.00,0.00,2.11,748.95,33.89,141.30,3216275.00,0.00,75.49,31521.00,384299.00,515186.00,72006.00,126266.00
2024-01-20,-0.47,-24.32,4.01,82.91,0.00,0.00,0.34,3.02,28.95,5.01,15.93,28.20,21.13,14.10,19868.00,580.40,98827.00,0.00,2.11,689.37,7.50,-26135.00,1090624.00,0.00,5.84,16350.00,130327.00,227354.00,-173292.00,-696942.00
2024-01-21,-0.53,-22.52,3.83,76.40,0.00,0.00,0.29,0.94,30.84,4.25,17.05,21.30,18.30,16.00,18198.00,1286.00,91165.00,0.00,2.11,671.71,-15.50,-32961.00,-663979.00,0.00,-46.58,3769.00,18616.00,-297307.00,-240537.00,-1082187.00
2024-01-22,-0.48,-25.93,6.14,83.38,0.00,0.00,0.39,3.36,29.05,5.55,21.10,19.50,17.24,14.40,20856.00,2362.00,99778.00,0.00,2.11,663.19,-1.95,-25314.00,242762.00,0.00,-14.12,13089.00,119903.00,131840.00,-225824.00,-1046460.00
2024-01-23,-0.21,-24.82,1.44,100.90,0.00,0.21,0.31,5.34,21.87,8.84,23.28,31.20,22.31,12.80,21373.00,341.70,120803.00,0.00,168.20,728.66,44.92,4514.00,4284330.00,0.00,6448.00,34024.00,465292.00,784719.00,310069.00,714944.00
2024-01-24,-0.46,-25.75,4.08,104.90,0.00,0.97,0.33,9.57,28.72,3.54,20.32,29.90,23.49,17.80,20827.00,958.80,125525.00,0.00,610.80,726.73,64.79,20915.00,6648764.00,0.00,120886.00,46998.00,989463.00,1073488.00,220176.00,1231961.00
2024-01-25,-0.22,-18.06,7.31,111.60,0.00,0.05,0.15,10.06,7.59,3.35,8.98,23.60,19.10,16.50,17951.00,1385.00,133453.00,0.00,46.75,893.83,79.53,16874.00,8905060.00,0.00,4708.00,12357.00,823746.00,572819.00,230978.00,647990.00
2024-01-26,-0.55,-22.56,3.90,75.17,0.00,0.00,0.32,1.28,28.68,2.62,21.14,22.10,18.52,15.60,17947.00,790.10,90528.00,0.00,2.11,666.99,-31.17,-96014.00,-2835640.00,0.00,-119.70,-12723.00,37031.00,-151880.00,-211720.00,-3298351.00
2024-01-27,-0.50,-27.46,3.68,84.62,0.00,0.00,0.31,0.87,22.57,3.57,22.43,24.10,18.33,12.30,24350.00,1281.00,101672.00,0.00,2.11,714.00,-37.22,-94053.00,-3255489.00,0.00,-140.80,-4043.00,19961.00,-190584.00,-229073.00,-3583156.00
2024-01-28,-0.42,-23.38,4.49,92.13,0.00,0.00,0.46,5.27,8.72,5.27,23.09,26.30,20.39,15.70,22475.00,1296.00,110391.00,0.00,2.11,771.50,20.11,-46227.00,1548714.00,0.00,0.91,20671.00,389595.00,208347.00,-72096.00,-1668976.00
2024-01-29,-0.43,-22.25,4.94,98.08,0.00,1.85,0.35,5.71,17.70,8.99,24.79,26.60,20.80,17.00,19884.00,666.50,117529.00,0.00,1060.00,711.21,37.44,-3237.00,4135859.00,0.00,108120.00,25730.00,409340.00,704617.00,12962.00,-249982.00
2024-01-30,-0.45,-27.29,3.57,94.70,0.00,1.81,0.33,3.75,26.18,9.16,24.65,22.20,19.65,16.70,22805.00,309.70,113566.00,0.00,1044.00,675.34,27.04,-4903.00,2951521.00,0.00,64434.00,18817.00,240245.00,909644.00,-71919.00,-438770.00
2024-01-31,-0.54,-21.83,3.88,91.11,0.00,0.10,0.35,2.69,25.82,5.59,21.74,21.20,18.65,15.70,18976.00,1128.00,109451.00,0.00,55.77,711.03,4.77,-34291.00,920328.00,0.00,1793.00,18979.00,151046.00,230996.00,-212707.00,-1253444.00
2024-02-01,-0.48,-23.52,4.29,90.85,0.00,0.00,0.29,1.84,29.28,5.99,21.91,24.10,19.52,15.30,20034.00,1473.00,109170.00,0.00,2.11,694.60,6.95,-33875.00,1352114.00,0.00,3.73,11930.00,97159.00,274936.00,-245240.00,-1400674.00
2024-02-02,-0.47,-27.38,4.39,89.91,0.00,0.00,0.53,3.21,25.66,6.71,24.20,20.40,18.05,15.40,22954.00,1220.00,108056.00,0.00,2.11,681.01,24.81,-26624.00,2606771.00,0.00,35.50,44306.00,280434.00,357514.00,-162363.00,-1113974.00
2024-02-03,-0.56,-26.28,6.68,95.71,0.00,1.56,0.46,8.91,9.40,7.05,25.20,33.00,21.02,12.20,24400.00,1343.00,114780.00,0.00,892.80,722.86,59.84,-24880.00,5540078.00,0.00,216038.00,61320.00,1005806.00,322255.00,50705.00,-679507.00
2024-02-04,-0.51,-22.14,4.87,97.02,0.00,3.53,0.45,9.20,21.55,6.87,24.54,37.30,25.51,15.30,19314.00,212.40,116259.00,0.00,2159.00,683.13,73.61,-18334.00,6485615.00,0.00,624210.00,82857.00,1327674.00,1049501.00,36972.00,-309690.00
2024-02-05,-0.58,-28.36,6.21,105.10,0.00,0.24,0.47,2.23,35.98,5.11,8.27,22.50,19.23,17.00,23598.00,160.40,125396.00,0.00,140.60,758.14,53.94,15189.00,5717598.00,0.00,21623.00,38309.00,169330.00,1872449.00,275103.00,420673.00
2024-02-06,-0.51,-19.00,5.26,84.99,0.00,0.00,0.17,2.23,22.59,6.09,23.65,20.70,17.91,15.50,16279.00,1071.00,101178.00,0.00,2.11,685.20,17.37,-20308.00,2067948.00,0.00,24.38,9338.00,111407.00,342353.00,-207287.00,-1162021.00
2024-02-07,-0.48,-21.60,3.81,85.39,0.00,0.05,0.44,7.33,20.94,6.84,23.38,21.80,17.65,12.40,17939.00,1340.00,101712.00,0.00,40.64,675.33,20.02,-20749.00,2245564.00,0.00,484.50,22430.00,427230.00,399115.00,-192352.00,-940838.00
2024-02-08,-0.45,-24.07,5.88,86.76,0.00,0.00,0.47,4.91,23.83,8.31,23.57,21.70,18.32,14.70,19779.00,1553.00,103306.00,0.00,2.11,658.44,29.00,-16108.00,2827280.00,0.00,50.71,36445.00,340593.00,1116413.00,-151840.00,-764707.00
2024-02-09,-0.48,-21.64,5.63,84.14,0.00,0.00,0.26,4.62,27.62,7.38,20.23,20.80,18.92,17.30,17470.00,1455.00,100172.00,0.00,2.11,658.68,8.92,-23167.00,1331808.00,0.00,11.74,7520.00,279834.00,299405.00,-220530.00,-881888.00
2024-02-10,-0.46,-19.32,3.95,77.70,0.00,0.00,0.55,5.35,24.12,5.41,23.50,26.40,20.25,15.20,15147.00,1352.00,92443.00,0.00,2.11,651.06,6.05,-38983.00,452216.00,0.00,-16.51,25639.00,365585.00,185075.00,-147172.00,-1295028.00
2024-02-11,-0.45,-19.53,5.38,89.61,0.00,1.06,0.36,9.41,20.10,7.93,23.35,32.90,24.37,17.30,16259.00,2003.00,106555.00,0.00,607.80,677.05,45.20,-15822.00,3752202.00,0.00,118331.00,41404.00,893947.00,511998.00,39540.00,-171330.00
2024-02-12,-0.46,-18.82,7.15,97.27,2.93,4.98,0.45,18.00,21.98,8.40,22.49,35.40,24.60,19.00,14881.00,2412.00,115338.00,1670.00,3332.00,656.28,107.37,11838.00,9284297.00,586642.00,1099514.00,107674.00,2713048.00,1659542.00,652638.00,1734320.00
2024-02-13,-0.69,-18.77,6.56,74.93,2.92,9.61,0.29,14.18,42.97,4.38,18.38,35.80,25.35,18.10,12591.00,1326.00,88880.00,1663.00,6731.00,555.72,1758.62,501570.00,70729955.00,4108387.00,41140284.00,1135287.00,49048937.00,40990073.00,8851974.00,54250814.00
2024-02-14,-0.36,-13.12,3.79,65.38,0.00,11.28,0.49,9.72,16.34,7.25,20.08,19.80,16.88,14.50,9767.00,1513.00,77791.00,0.00,6483.00,629.01,37.23,-13105.00,2288631.00,0.00,342116.00,37527.00,581694.00,857349.00,-99096.00,-695343.00
2024-02-15,-0.47,-18.59,1.61,77.19,0.00,9.51,0.42,8.71,15.84,6.76,23.79,20.40,16.75,12.50,14551.00,609.70,90402.00,0.00,5457.00,656.54,25.71,-36436.00,2008083.00,0.00,30683.00,25747.00,599944.00,815930.00,-198430.00,-1963790.00
2024-02-16,-0.48,-16.79,3.44,83.04,0.00,0.69,0.36,9.07,20.35,7.38,19.17,22.30,17.81,12.90,13300.00,1233.00,97301.00,0.00,395.60,678.31,52.16,-4458.00,4435087.00,0.00,52900.00,29554.00,684072.00,1175764.00,114811.00,66681.00
2024-02-17,-0.48,-17.11,3.28,80.48,0.00,0.00,0.38,10.05,13.68,8.52,18.62,22.40,18.59,14.20,13735.00,1248.00,94956.00,0.00,2.11,702.37,44.83,-12323.00,3631213.00,0.00,92.02,31179.00,769609.00,786974.00,-4910.00,-485304.00
2024-02-18,-0.51,-25.39,2.55,83.15,0.00,0.00,0.24,8.89,17.50,7.16,20.94,21.20,18.77,15.40,20617.00,462.60,98151.00,0.00,2.11,681.04,35.55,-20916.00,3004153.00,0.00,64.30,11983.00,579527.00,832283.00,-80968.00,-752290.00
2024-02-19,-0.56,-19.85,3.57,84.70,0.00,0.00,0.53,5.01,26.60,7.97,20.47,21.70,18.99,17.30,15744.00,1345.00,100042.00,0.00,2.11,666.81,30.64,-11000.00,2764286.00,0.00,60.34,36501.00,307455.00,843592.00,-43993.00,-401542.00
2024-02-20,-0.37,-10.34,9.82,92.54,0.00,1.06,0.27,10.49,12.87,7.00,20.06,28.30,22.15,16.20,9390.00,3741.00,109255.00,0.00,624.70,726.85,80.47,20327.00,6959640.00,0.00,140679.00,34035.00,1115498.00,991598.00,430336.00,1355661.00
2024-02-21,-0.51,-18.03,7.97,94.62,2.62,2.88,0.41,12.54,31.70,6.63,20.94,33.70,26.97,19.40,13412.00,3075.00,111649.00,1493.00,1786.00,646.54,89.07,21111.00,7550781.00,420580.00,415862.00,60953.00,1553555.00,1950534.00,632594.00,1593195.00
2024-02-22,-0.63,-23.03,6.07,95.92,3.40,4.83,0.51,8.79,52.07,4.65,18.77,35.70,26.11,19.20,15948.00,967.30,113388.00,1941.00,3381.00,605.38,90.60,30127.00,7972685.00,436448.00,491917.00,52647.00,1143831.00,3981683.00,480715.00,1927326.00
2024-02-23,-0.68,-22.55,3.81,83.70,0.00,0.02,0.46,1.55,41.19,5.10,14.50,21.40,18.56,16.10,17057.00,1111.00,99690.00,0.00,20.44,659.09,7.02,-27134.00,1021236.00,0.00,-1344.00,11620.00,86724.00,127560.00,-197341.00,-458773.00
2024-02-24,-0.57,-22.09,4.57,84.26,0.00,0.00,0.33,3.49,19.11,4.61,20.54,20.10,17.65,14.50,19554.00,1116.00,100479.00,0.00,2.11,718.03,-5.33,-63795.00,-284628.00,0.00,-47.96,9923.00,194257.00,227419.00,-213601.00,-2070382.00
2024-02-25,-0.50,-24.91,2.52,89.56,0.00,0.00,0.54,6.49,19.77,6.05,19.68,30.60,20.35,11.90,21570.00,1103.00,106706.00,0.00,2.11,723.46,31.90,-31768.00,2918454.00,0.00,47.42,36720.00,432450.00,791868.00,-47879.00,-934565.00
2024-02-26,-0.67,-29.97,2.42,97.17,0.00,0.06,0.39,4.78,27.95,6.03,19.51,20.30,18.01,15.10,25077.00,1411.00,116287.00,0.00,51.56,725.93,32.38,-8862.00,3362804.00,0.00,1010.00,22181.00,300344.00,937085.00,-91845.00,-342075.00
2024-02-27,-0.52,-17.64,6.05,94.66,1.38,1.23,0.64,9.44,13.59,8.45,22.56,27.10,19.73,13.20,15243.00,2615.00,112389.00,789.10,703.30,724.11,71.75,-3570.00,6386926.00,165871.00,151914.00,72697.00,923233.00,882207.00,323910.00,569270.00
2024-02-28,-0.65,-25.22,4.49,95.05,2.44,1.84,0.51,8.13,53.76,5.32,11.80,36.30,26.51,18.50,17543.00,523.00,112627.00,1389.00,1188.00,623.56,71.57,19110.00,6130457.00,358294.00,309197.00,70923.00,925448.00,3509500.00,206405.00,646527.00
2024-02-29,-0.72,-16.33,5.36,96.90,1.56,1.38,0.41,7.80,18.69,6.48,16.50,24.60,20.46,17.10,13653.00,1781.00,114922.00,892.20,805.70,758.84,66.71,28326.00,6445222.00,153387.00,140959.00,35106.00,665024.00,1249391.00,195152.00,634691.00
2024-03-01,-0.55,-19.77,4.56,97.68,0.00,0.00,0.59,8.53,16.39,7.44,20.84,27.60,19.61,14.50,16591.00,1457.00,116106.00,0.00,2.11,744.05,72.70,10792.00,7144770.00,0.00,164.80,61192.00,821092.00,1291691.00,194221.00,361014.00
2024-03-02,-0.54,-28.42,1.38,89.88,0.00,0.00,0.43,5.86,21.66,6.90,18.40,20.10,17.86,14.40,23718.00,88.61,107028.00,0.00,2.11,721.80,38.49,-21148.00,3724719.00,0.00,71.63,41354.00,390219.00,805276.00,-130249.00,-790295.00
2024-03-03,-0.54,-26.69,2.31,84.21,0.00,0.00,0.19,2.00,30.28,4.39,15.79,20.60,16.45,13.00,22110.00,756.20,100347.00,0.00,2.11,705.66,-10.10,-34388.00,-327825.00,0.00,-35.22,1122.00,82667.00,-189441.00,-230270.00,-1010102.00
2024-03-04,-0.47,-24.43,2.42,85.22,0.00,0.00,0.54,5.41,28.41,5.67,22.43,20.30,16.77,13.30,19375.00,1063.00,101515.00,0.00,2.11,664.50,17.59,-24304.00,1678859.00,0.00,19.78,32799.00,410399.00,343685.00,-141570.00,-1001865.00
2024-03-05,-0.46,-19.09,3.05,98.03,0.00,1.48,0.41,12.29,10.39,8.42,21.64,31.30,21.40,12.10,16894.00,1407.00,116522.00,0.00,850.00,748.32,70.98,11328.00,6563652.00,0.00,184075.00,49896.00,1263977.00,648524.00,314326.00,659831.00
2024-03-06,-0.38,-18.80,2.34,102.40,0.00,1.93,0.29,8.89,15.41,6.15,17.56,25.00,19.94,15.40,16754.00,1189.00,121804.00,0.00,1106.00,790.53,90.05,27771.00,9028099.00,0.00,208406.00,33488.00,845246.00,1458438.00,476079.00,1215566.00
2024-03-07,-0.58,-24.56,1.38,92.15,0.00,0.06,0.25,4.32,32.27,6.86,19.78,21.70,18.62,15.80,19626.00,300.80,109669.00,0.00,48.93,685.23,33.99,-7210.00,3461338.00,0.00,2237.00,14948.00,315432.00,1168506.00,-113882.00,-539538.00
2024-03-08,-0.36,-18.11,3.79,94.72,0.00,3.06,0.43,14.14,11.86,8.02,20.27,25.50,19.78,14.30,15402.00,947.60,111759.00,0.00,1819.00,719.28,106.82,15027.00,9230928.00,0.00,564990.00,76991.00,2035456.00,1137570.00,624220.00,1459192.00
2024-03-09,-0.55,-14.37,4.71,87.10,3.06,2.50,0.46,15.14,31.38,6.98,19.37,37.20,27.97,16.90,10754.00,1059.00,102836.00,1747.00,1630.00,619.62,87.19,-7796.00,7149736.00,472382.00,470954.00,78874.00,2067929.00,1911558.00,183660.00,372755.00
2024-03-10,-0.61,-16.29,6.77,87.27,3.48,3.46,0.43,13.64,40.87,7.45,19.21,36.70,31.02,22.80,10865.00,2379.00,103094.00,1981.00,2615.00,598.77,127.53,10289.00,9602688.00,903692.00,1260860.00,157632.00,3300223.00,1899096.00,673975.00,1583595.00
2024-03-11,-0.55,-21.85,4.15,94.11,2.41,4.11,0.42,15.61,37.29,6.30,17.76,35.00,28.12,21.00,15873.00,573.40,111900.00,1374.00,2504.00,628.94,87.71,384.60,7889274.00,396719.00,671665.00,85229.00,2094327.00,2168895.00,293551.00,842628.00
2024-03-12,-0.49,-19.80,7.40,104.40,0.00,1.64,0.35,12.56,21.39,6.12,7.63,26.90,21.70,18.10,16711.00,2404.00,124163.00,0.00,939.80,784.65,92.91,39616.00,9605162.00,0.00,197491.00,46483.00,1250324.00,2012242.00,518131.00,647355.00
2024-03-13,-0.39,-13.72,7.12,94.57,0.00,2.95,0.42,12.65,13.51,4.11,8.05,19.50,18.16,17.20,12104.00,3249.00,112809.00,0.00,1690.00,817.23,103.53,36105.00,9613521.00,0.00,350615.00,60451.00,1395048.00,1326824.00,405409.00,836374.00
2024-03-14,-0.55,-23.20,3.84,90.52,0.00,0.00,0.37,3.13,38.13,3.17,13.25,22.00,19.01,16.40,17769.00,1227.00,108204.00,0.00,2.11,712.46,57.53,18825.00,5085470.00,0.00,133.40,34440.00,236704.00,2088806.00,106324.00,401932.00
2024-03-15,-0.50,-17.44,6.90,75.82,0.00,0.02,0.50,4.42,35.74,5.15,18.82,27.50,20.72,15.80,12941.00,2238.00,90027.00,0.00,19.57,612.98,45.42,-14711.00,3529022.00,0.00,-499.00,53909.00,420721.00,1741761.00,-32420.00,-374466.00
2024-03-16,-0.48,-21.35,1.25,77.61,0.00,1.12,0.38,8.78,28.69,5.54,19.28,29.00,21.62,14.70,15675.00,291.70,91805.00,0.00,643.20,637.78,66.32,2943.00,4945466.00,0.00,116685.00,38357.00,837766.00,1665977.00,212783.00,736122.00
2024-03-17,-0.39,-26.39,1.80,84.44,0.00,0.00,0.22,7.83,30.87,4.80,17.65,29.40,22.99,18.20,19896.00,659.80,100849.00,0.00,2.11,675.35,59.41,1401.00,4837804.00,0.00,127.10,21660.00,676934.00,1432022.00,145105.00,557252.00
2024-03-18,-0.36,-19.17,3.72,91.58,0.00,1.06,0.35,11.90,27.50,7.21,18.01,31.20,23.53,16.30,15086.00,1935.00,109393.00,0.00,655.00,683.32,72.12,14747.00,6252126.00,0.00,114811.00,37285.00,1044711.00,1897949.00,424329.00,962173.00
2024-03-19,-0.48,-26.97,3.84,88.27,0.00,0.52,0.42,2.83,56.66,4.38,11.17,28.50,22.89,15.10,18307.00,805.30,105618.00,0.00,301.50,628.66,45.72,5868.00,3946337.00,0.00,47103.00,32359.00,200697.00,2424031.00,143114.00,341020.00
2024-03-20,-0.58,-18.61,5.71,68.62,0.00,0.08,0.29,2.74,42.49,4.33,17.65,17.70,15.35,12.40,11932.00,1186.00,82455.00,0.00,66.92,584.89,30.98,-19896.00,2301664.00,0.00,3719.00,21491.00,224923.00,1011748.00,-121465.00,-778866.00
2024-03-21,-0.46,-10.81,8.90,79.31,0.00,0.00,0.40,5.53,14.80,6.33,19.87,20.20,15.16,9.60,9301.00,3031.00,94908.00,0.00,2.11,715.56,46.43,-8913.00,3804483.00,0.00,89.24,32449.00,470491.00,877292.00,-94767.00,-492116.00
2024-03-22,-0.50,-14.66,7.69,82.78,0.00,0.60,0.59,5.68,14.63,7.61,19.12,20.50,15.72,9.80,12790.00,2576.00,98958.00,0.00,368.30,721.26,61.84,-98.07,5171270.00,0.00,76372.00,54874.00,594876.00,922814.00,102706.00,-9331.00
2024-03-23,-0.57,-19.30,5.60,78.33,0.00,0.00,0.45,0.48,27.20,6.76,13.94,19.30,15.65,11.90,15635.00,509.40,93695.00,0.00,2.11,695.99,34.99,-5118.00,3044998.00,0.00,72.80,31972.00,36203.00,973208.00,-69833.00,-125849.00
2024-03-24,-0.52,-17.47,3.08,78.53,0.00,0.00,0.40,1.06,25.61,3.98,15.41,21.80,16.34,12.30,14933.00,971.80,94096.00,0.00,2.11,727.89,27.08,-28712.00,2497921.00,0.00,42.44,31473.00,89968.00,682322.00,-91139.00,-846121.00
2024-03-25,-0.48,-19.04,4.50,87.37,0.00,0.00,0.37,2.44,26.26,6.46,16.31,22.10,17.36,14.40,16119.00,1487.00,105304.00,0.00,2.11,730.20,49.66,-10317.00,4655874.00,0.00,102.10,35274.00,242448.00,1168523.00,-9376.00,-295083.00
2024-03-26,-0.51,-15.60,7.58,90.69,0.00,0.19,0.50,3.96,17.24,5.63,15.84,21.70,17.36,13.20,14302.00,2663.00,109365.00,0.00,107.20,779.47,76.97,551.00,7127751.00,0.00,23595.00,80099.00,606177.00,1240174.00,113502.00,-247917.00
2024-03-27,-0.54,-19.73,3.32,97.40,0.00,0.08,0.33,3.19,22.72,5.61,14.21,20.20,17.19,14.90,17518.00,685.00,117086.00,0.00,66.93,792.60,46.29,-1187.00,4805723.00,0.00,10976.00,27365.00,320466.00,933083.00,29460.00,-150439.00
2024-03-28,-0.49,-22.12,3.63,100.50,0.00,0.03,0.45,2.61,20.64,4.45,15.48,20.40,16.77,12.80,20612.00,372.70,120690.00,0.00,24.19,802.65,36.25,-6204.00,3914877.00,0.00,-1191.00,31949.00,195061.00,767182.00,-476.60,-328170.00
2024-03-29,-0.50,-19.03,5.20,91.35,0.00,0.00,0.43,2.61,7.21,4.45,18.10,27.60,17.84,10.80,19074.00,1552.00,109229.00,0.00,2.11,835.14,50.32,-13488.00,4457019.00,0.00,94.38,40058.00,260995.00,290190.00,20117.00,-335558.00
2024-03-30,-0.47,-17.14,3.06,87.30,0.00,0.00,0.31,4.24,8.32,5.87,17.09,22.20,17.29,13.10,16153.00,1032.00,104189.00,0.00,2.11,820.38,53.87,-10646.00,4688609.00,0.00,111.30,24619.00,329174.00,557723.00,10435.00,-149582.00
2024-03-31,-0.48,-20.91,2.99,88.92,0.00,0.00,0.51,2.29,11.64,6.02,15.39,20.70,16.36,13.50,19686.00,1383.00,106002.00,0.00,2.11,824.36,55.45,-2521.00,4854734.00,0.00,117.30,47538.00,209415.00,734232.00,100274.00,101161.00
2024-04-01,-0.58,-27.37,5.94,87.33,0.00,0.00,0.63,2.31,31.93,3.30,7.21,28.00,18.88,14.00,21857.00,323.70,104163.00,0.00,2.11,746.47,39.63,-168.70,3582620.00,0.00,88.26,46933.00,179936.00,684396.00,29390.00,88524.00
2024-04-02,-0.68,-23.28,6.53,83.74,0.00,0.00,0.29,1.72,38.27,3.04,11.20,20.60,16.60,14.60,18093.00,796.80,99919.00,0.00,2.11,683.74,19.19,-27158.00,2082846.00,0.00,39.12,15930.00,116913.00,549645.00,-82969.00,-479390.00
2024-04-03,-0.48,-13.74,12.28,97.93,0.00,1.88,0.60,5.33,7.84,4.69,8.93,16.40,14.45,12.60,13508.00,4681.00,116692.00,0.00,1096.00,869.91,105.09,30926.00,9996126.00,0.00,283811.00,104731.00,798427.00,774624.00,373177.00,798820.00
2024-04-04,-0.59,-17.42,4.89,92.63,0.00,1.02,0.52,2.76,23.25,4.80,14.63,18.50,14.52,9.70,15127.00,1959.00,110280.00,0.00,638.00,772.80,42.18,-6913.00,4166159.00,0.00,79671.00,36875.00,196810.00,821638.00,-21642.00,-298156.00
2024-04-05,-0.47,-28.07,3.24,97.52,0.00,0.26,0.31,1.70,32.56,3.26,14.71,20.00,15.95,11.80,23613.00,186.30,116147.00,0.00,211.20,743.35,44.32,8360.00,4239065.00,0.00,20256.00,20168.00,126143.00,1452346.00,65832.00,198656.00
2024-04-06,-0.60,-24.67,3.22,109.50,0.00,0.00,0.53,3.41,14.27,1.52,7.54,21.90,17.73,14.60,24570.00,384.40,131277.00,0.00,2.11,933.50,68.45,18786.00,7477989.00,0.00,161.20,47261.00,317102.00,998562.00,50138.00,249140.00
2024-04-07,-0.73,-28.62,2.07,104.60,0.00,0.00,0.51,4.14,16.54,3.56,10.09,20.10,17.61,15.90,27406.00,326.40,125421.00,0.00,2.11,876.88,58.58,7922.00,6213076.00,0.00,132.00,53020.00,353380.00,1027165.00,43618.00,69274.00
2024-04-08,-0.64,-21.39,4.24,98.32,0.00,0.02,0.53,5.80,21.89,4.37,12.32,20.20,15.42,11.60,19270.00,390.20,117978.00,0.00,20.11,790.04,72.58,5644.00,7153530.00,0.00,1573.00,62870.00,583205.00,1443996.00,121418.00,172056.00
2024-04-09,-0.79,-22.05,2.23,88.88,0.00,0.83,0.58,7.38,36.49,4.43,12.79,15.90,12.80,10.40,16837.00,700.40,106925.00,0.00,476.70,697.89,57.55,-320.10,5218146.00,0.00,90857.00,58348.00,745214.00,1581316.00,49541.00,-28637.00
2024-04-10,-0.62,-17.40,6.10,94.70,0.00,0.76,0.58,8.23,24.38,3.76,9.03,17.40,14.94,12.50,14883.00,2779.00,113764.00,0.00,442.50,788.35,72.26,13484.00,6924051.00,0.00,82078.00,66044.00,816552.00,1590156.00,130782.00,223155.00
2024-04-11,-0.72,-14.15,9.26,94.22,0.00,1.38,0.56,10.66,12.53,4.87,10.42,17.60,14.68,12.90,12858.00,3369.00,113131.00,0.00,786.90,809.41,107.49,32693.00,9807040.00,0.00,239692.00,103233.00,1548403.00,1311528.00,285845.00,501320.00
2024-04-12,-1.02,-12.62,11.07,98.66,0.00,2.10,0.82,10.43,5.03,4.82,9.50,17.40,14.77,12.20,12280.00,3552.00,118781.00,0.00,1206.00,863.79,99.36,59146.00,9733952.00,0.00,284070.00,111129.00,1325992.00,516001.00,300993.00,454846.00
2024-04-13,-0.79,-10.42,12.42,81.72,0.00,2.35,0.58,9.04,4.86,5.14,10.83,18.80,14.70,11.90,10066.00,2706.00,98058.00,0.00,1344.00,795.23,98.83,38207.00,7675590.00,0.00,361181.00,98664.00,1271665.00,501017.00,212482.00,357495.00
2024-04-14,-0.78,-6.06,16.53,72.57,0.00,0.82,0.74,10.51,1.79,5.10,11.34,18.90,14.30,10.60,5717.00,4647.00,87257.00,0.00,473.70,769.90,140.77,38316.00,9922974.00,0.00,168110.00,155403.00,2083334.00,220111.00,186095.00,266458.00
2024-04-15,-0.93,-7.31,13.09,77.74,1.43,3.08,0.77,12.50,5.03,5.36,14.64,19.90,15.25,10.00,6404.00,3003.00,93506.00,817.00,1897.00,740.16,183.34,107488.00,13516239.00,293518.00,693648.00,199137.00,2823754.00,936909.00,453350.00,982423.00
2024-04-16,-0.91,-4.09,17.15,78.81,1.54,2.96,0.79,11.14,4.48,4.87,10.53,18.60,14.88,11.80,3787.00,4762.00,94770.00,877.90,1963.00,774.59,162.24,120429.00,12477363.00,314541.00,633157.00,183130.00,2072543.00,682108.00,594257.00,1130436.00
2024-04-17,-0.78,-5.20,12.89,90.16,0.00,1.15,0.51,6.31,10.04,4.37,9.77,17.50,14.05,10.80,4767.00,5130.00,107989.00,0.00,671.90,843.68,127.04,82781.00,11195350.00,0.00,193544.00,85194.00,909686.00,1334647.00,493632.00,1012092.00
2024-04-18,-0.73,-10.32,7.77,88.55,0.00,1.02,0.83,4.56,28.32,4.31,8.05,16.90,13.94,11.40,8328.00,1955.00,106067.00,0.00,585.90,757.67,100.07,28795.00,8837541.00,0.00,142157.00,129737.00,610692.00,2600776.00,250028.00,319939.00
2024-04-19,-0.68,-15.31,7.23,84.49,0.00,0.02,0.55,3.36,34.83,4.00,10.53,18.40,14.66,11.50,11753.00,1980.00,101025.00,0.00,19.64,707.47,86.14,15682.00,7385193.00,0.00,651.30,70583.00,404062.00,2827934.00,131740.00,237392.00
2024-04-20,-0.73,-9.41,10.23,79.31,0.00,0.00,0.62,2.14,19.65,5.47,12.35,17.20,12.58,8.60,8006.00,4549.00,94983.00,0.00,2.11,765.10,75.54,-5905.00,6020111.00,0.00,159.20,85588.00,251718.00,1532475.00,-41150.00,-153096.00
2024-04-21,-0.70,-10.38,12.93,85.66,0.00,0.19,0.55,3.32,7.02,5.46,12.60,16.20,12.82,9.60,10025.00,6880.00,102748.00,0.00,106.10,854.81,96.86,6104.00,7839004.00,0.00,32435.00,91172.00,454079.00,749408.00,125745.00,102902.00
2024-04-22,-0.79,-10.13,13.96,85.28,0.00,0.69,0.72,5.12,14.95,4.87,15.12,24.00,14.86,7.00,8657.00,6105.00,102171.00,0.00,463.50,771.05,110.32,29172.00,8968227.00,0.00,132068.00,148077.00,860070.00,1403322.00,168962.00,212609.00
2024-04-23,-1.02,-24.99,2.96,75.96,0.00,0.09,0.82,0.63,57.50,3.25,13.72,24.70,18.56,11.60,16168.00,128.40,91216.00,0.00,59.83,583.57,17.11,-30142.00,1411558.00,0.00,343.20,60239.00,31994.00,880124.00,-115269.00,-589852.00
2024-04-24,-1.08,-13.80,6.78,77.30,0.00,0.15,0.80,1.16,44.58,4.29,10.78,16.30,12.98,10.90,9467.00,1688.00,92800.00,0.00,121.80,650.13,51.81,-14739.00,3917958.00,0.00,10627.00,89119.00,126432.00,1674968.00,23893.00,-166664.00
2024-04-25,-0.65,-13.16,8.96,82.63,1.56,0.08,0.19,0.47,30.61,3.61,8.13,15.50,13.35,11.10,10618.00,2397.00,98747.00,892.00,68.75,747.16,75.03,-2366.00,6315121.00,207612.00,12110.00,19232.00,60272.00,2062687.00,-1445.00,5091.00
2024-04-26,-0.51,-7.15,16.21,84.37,5.88,0.89,0.80,7.80,9.47,4.54,6.90,15.10,13.64,12.40,6505.00,7017.00,100107.00,3354.00,606.20,809.31,146.49,59876.00,11894485.00,956770.00,179162.00,171054.00,1284089.00,1327399.00,569952.00,763363.00
2024-04-27,-0.74,-8.13,14.52,78.93,3.80,0.78,0.56,8.06,1.61,5.59,13.32,17.50,13.34,9.50,7391.00,5928.00,93677.00,2167.00,499.60,801.99,120.09,19879.00,8961524.00,699825.00,130176.00,114049.00,1309533.00,205009.00,178894.00,200008.00
2024-04-28,-0.96,-16.45,10.71,74.72,0.65,0.43,0.64,1.55,28.53,3.66,12.69,22.40,14.43,8.10,12866.00,3339.00,89040.00,373.30,244.50,689.70,88.44,3217.00,6507017.00,92663.00,74747.00,133447.00,234927.00,2266904.00,-36932.00,-429285.00
2024-04-29,-0.67,-9.02,14.09,75.17,2.96,2.04,0.74,7.36,30.66,2.85,4.96,16.30,14.45,11.70,6804.00,3098.00,90136.00,1684.00,1412.00,682.60,142.28,73427.00,10268614.00,501584.00,333034.00,137659.00,1155828.00,3983232.00,397495.00,723626.00
2024-04-30,-0.80,-7.51,13.77,69.81,0.00,1.11,0.66,4.50,40.98,4.36,8.79,15.10,12.63,10.60,5098.00,2650.00,83199.00,0.00,782.80,600.99,108.04,44614.00,7255279.00,0.00,179926.00,106252.00,665848.00,4168442.00,256829.00,347951.00
2024-05-01,-1.05,-10.20,9.53,72.77,0.00,0.61,0.69,6.04,36.94,5.01,13.22,18.30,13.23,8.50,6980.00,2501.00,87250.00,0.00,436.40,623.05,88.90,44085.00,6269197.00,0.00,63499.00,82096.00,729081.00,3204342.00,122337.00,179922.00
2024-05-02,-0.82,-6.66,17.21,79.32,0.00,1.47,0.80,5.94,22.01,4.97,11.50,16.20,11.52,8.30,5594.00,4468.00,95614.00,0.00,1025.00,703.61,127.91,42796.00,9529764.00,0.00,245071.00,150926.00,1006480.00,2808707.00,325728.00,654559.00
2024-05-03,-1.05,-6.00,17.57,77.13,2.95,5.42,0.73,10.04,14.39,2.19,11.51,16.60,11.31,6.70,5209.00,7499.00,92036.00,1684.00,3714.00,739.35,166.66,147700.00,12537012.00,438531.00,1010416.00,162440.00,2005920.00,2285325.00,275209.00,1368446.00
2024-05-04,-0.55,-15.43,10.66,92.72,0.00,2.57,0.59,4.55,19.68,2.62,9.56,16.20,10.45,6.20,13737.00,6742.00,109451.00,0.00,1510.00,818.83,122.24,41785.00,11055664.00,0.00,357505.00,84046.00,641828.00,2473427.00,201479.00,758393.00
2024-05-05,-1.08,-18.87,6.04,87.35,0.00,0.40,0.56,2.87,28.77,4.21,10.12,18.10,13.26,8.90,15108.00,2571.00,103337.00,0.00,228.00,756.26,66.84,-8672.00,6380257.00,0.00,44911.00,56804.00,249474.00,1357675.00,12888.00,-60235.00
2024-05-06,-0.67,-17.38,5.57,89.88,2.29,2.66,0.47,4.37,30.39,4.82,11.80,19.50,13.84,9.80,13884.00,2440.00,106229.00,1304.00,1609.00,728.00,77.89,4783.00,6854563.00,260387.00,305902.00,59115.00,491143.00,2384399.00,85378.00,-17627.00
2024-05-07,-0.68,-11.73,7.59,100.70,2.07,4.82,0.86,6.69,8.48,5.03,11.65,15.90,12.18,8.60,11244.00,3045.00,119409.00,1182.00,2903.00,850.98,149.81,37964.00,14167700.00,349490.00,902559.00,195568.00,1285665.00,1430547.00,380901.00,617040.00
2024-05-08,-1.22,-14.43,6.66,104.40,0.00,5.40,0.90,8.32,10.34,3.43,10.76,17.90,13.78,10.90,13842.00,1907.00,124390.00,0.00,3457.00,861.41,166.63,143882.00,16836953.00,0.00,1021871.00,207503.00,1704202.00,1789912.00,284663.00,681149.00
2024-05-09,-0.52,-11.90,6.64,106.20,0.00,7.96,0.56,8.86,10.34,2.56,6.37,16.20,13.08,9.90,11372.00,2100.00,126503.00,0.00,4721.00,889.77,225.10,102044.00,23471224.00,0.00,1823964.00,141369.00,1915756.00,2313495.00,609500.00,1477647.00
2024-05-10,-0.68,-10.53,5.96,106.10,0.00,7.71,0.61,7.23,10.33,2.72,5.19,16.70,14.66,13.20,10275.00,2608.00,126317.00,0.00,4434.00,914.21,191.36,109369.00,20045110.00,0.00,1466185.00,140039.00,1398409.00,1858504.00,590992.00,1076133.00
2024-05-11,-0.70,-21.04,3.90,105.70,0.00,1.26,0.56,2.53,20.99,1.93,7.21,19.00,15.04,10.90,19812.00,2561.00,125835.00,0.00,723.60,893.43,114.28,41050.00,11760908.00,0.00,188649.00,96291.00,392019.00,2347412.00,143156.00,524866.00
2024-05-12,-0.72,-21.37,6.93,102.80,0.00,3.36,0.51,5.56,5.06,4.39,11.64,18.40,12.64,8.70,21536.00,4877.00,122357.00,0.00,1926.00,910.84,133.72,27855.00,12854656.00,0.00,661202.00,104006.00,1071421.00,684931.00,207993.00,442006.00
2024-05-13,-0.78,-18.57,2.51,103.30,1.81,2.94,0.53,10.54,16.49,4.31,10.27,18.50,13.56,9.30,16565.00,1749.00,122829.00,1030.00,1713.00,830.56,141.18,71805.00,14294979.00,354720.00,541022.00,112660.00,1928799.00,2010318.00,244215.00,365370.00
2024-05-14,-1.01,-13.11,5.65,105.10,3.25,3.42,0.65,10.66,9.16,4.81,8.36,16.60,13.44,9.20,12234.00,2380.00,125088.00,1852.00,1955.00,869.30,158.77,81031.00,15585765.00,790428.00,763009.00,137297.00,2227639.00,1078585.00,479320.00,675219.00
2024-05-15,-0.56,-13.32,6.35,103.70,2.42,7.23,0.67,12.06,5.86,3.96,11.59,17.00,11.12,6.70,12545.00,2222.00,123519.00,1377.00,4284.00,849.33,157.38,37821.00,15564988.00,501189.00,1360402.00,153773.00,2348950.00,838555.00,272176.00,569985.00
2024-05-16,-0.71,-9.65,6.29,106.10,2.83,5.00,0.73,12.76,2.01,3.76,11.73,17.40,11.32,6.50,9554.00,2154.00,126306.00,1611.00,2956.00,876.62,160.88,74157.00,16103896.00,589538.00,951048.00,160500.00,2445671.00,305717.00,336107.00,849862.00
2024-05-17,-0.86,-12.19,5.73,96.64,0.00,3.36,0.77,7.63,33.40,3.95,5.94,15.40,11.59,7.70,9798.00,2354.00,114060.00,0.00,2042.00,752.67,106.32,65179.00,10218122.00,0.00,466726.00,110189.00,998220.00,3449558.00,249393.00,352457.00
2024-05-18,-0.75,-14.15,5.79,90.56,2.75,3.30,0.63,4.50,24.68,4.48,11.74,13.90,10.35,6.30,11695.00,1369.00,107088.00,1567.00,2165.00,752.60,87.43,-2773.00,7298869.00,488609.00,569244.00,115998.00,750615.00,1738605.00,48525.00,-108066.00