date,Battery (Charging) -  GWh,Exports -  GWh,Imports -  GWh,Distillate -  GWh,Gas (Steam) -  GWh,Gas (CCGT) -  GWh,Gas (OCGT) -  GWh,Gas (Reciprocating) -  GWh,Battery (Discharging) -  GWh,Wind -  GWh,Solar (Utility) -  GWh,Solar (Rooftop) -  GWh,Temperature Max - C,Temperature Mean - C,Temperature Min - C,Exports Emissions Vol - tCO₂e,Imports Emissions Vol - tCO₂e,Distillate Emissions Vol - tCO₂e,Gas (Steam) Emissions Vol - tCO₂e,Gas (CCGT) Emissions Vol - tCO₂e,Gas (OCGT) Emissions Vol - tCO₂e,Gas (Reciprocating) Emissions Vol - tCO₂e,Emissions Intensity - kgCO₂e/MWh,Volume Weighted Price - AUD/MWh,Battery (Charging) Market Value - AUD,Exports Market Value - AUD,Imports Market Value - AUD,Distillate Market Value - AUD,Gas (Steam) Market Value - AUD,Gas (CCGT) Market Value - AUD,Gas (OCGT) Market Value - AUD,Gas (Reciprocating) Market Value - AUD,Battery (Discharging) Market Value - AUD,Wind Market Value - AUD,Solar (Utility) Market Value - AUD,Solar (Rooftop) Market Value - AUD
2022-12-01,-0.23,-1.21,3.71,0.00,1.96,0.00,0.00,0.19,0.19,16.65,3.13,12.88,25.60,18.46,11.10,247.70,2841.00,0.00,1387.00,0.00,3.39,165.80,44.47,89.70,-4890.00,-46717.00,-443061.00,0.00,109654.00,0.00,214.10,23896.00,16034.00,1530878.00,-40901.00,-413880.00
2022-12-02,-0.21,-0.13,4.86,0.00,1.78,1.31,0.06,0.50,0.16,13.56,3.55,12.72,27.50,22.12,14.40,785.40,3915.00,0.00,1260.00,622.10,72.86,440.10,71.17,117.33,3661.00,-1443.00,-673052.00,0.00,142203.00,249635.00,12118.00,110884.00,30449.00,1611219.00,88593.00,119008.00
2022-12-03,-0.19,-0.10,8.38,0.00,1.94,1.97,0.56,0.83,0.09,9.08,3.91,12.59,33.30,25.49,14.80,2004.00,7502.00,0.24,1377.00,931.20,546.90,722.90,115.55,128.55,5079.00,-4567.00,-1159425.00,38.84,195893.00,366056.00,127453.00,185219.00,10954.00,1046054.00,95600.00,263978.00
2022-12-04,-0.15,-3.43,3.15,0.00,1.58,2.33,0.52,0.68,0.15,20.86,3.57,11.35,35.10,23.95,16.20,446.70,2484.00,0.00,1122.00,1104.00,527.00,593.30,81.54,82.06,8088.00,87527.00,-291234.00,0.00,85796.00,284638.00,85790.00,93923.00,18776.00,1572810.00,83863.00,99139.00
2022-12-05,-0.27,-3.00,2.16,0.00,1.38,0.00,1.78,0.00,0.19,23.78,2.14,10.63,22.10,17.43,13.00,172.20,1542.00,5.03,975.20,0.00,1426.00,0.00,60.30,37.50,-25683.00,-178287.00,-169522.00,-156.00,-51219.00,0.00,11658.00,0.00,8357.00,606211.00,-106808.00,-536904.00
2022-12-06,-0.23,-0.27,5.44,0.00,1.17,3.46,1.88,0.35,0.13,13.96,1.76,9.65,26.80,18.58,10.80,1571.00,4793.00,0.00,828.00,1640.00,1795.00,303.00,141.14,214.76,37753.00,-623.40,-716301.00,0.00,584563.00,2003242.00,717573.00,67495.00,434607.00,2680259.00,531183.00,1221660.00
2022-12-07,-0.27,-5.02,2.37,0.00,2.07,2.55,0.86,0.10,0.25,22.43,1.55,11.20,20.40,16.52,12.10,622.30,2322.00,0.00,1466.00,1207.00,699.30,91.18,84.45,30.55,-14975.00,-375477.00,-325090.00,0.00,-37946.00,356928.00,-54412.00,12850.00,3885.00,88887.00,-91385.00,-1135910.00
2022-12-08,-0.20,-1.43,3.01,0.00,1.34,3.51,0.17,0.10,0.14,16.03,3.21,11.18,20.60,14.75,8.80,425.40,2546.00,0.00,946.30,1663.00,160.40,87.86,80.11,39.60,5774.00,-35798.00,-93700.00,0.00,-11622.00,297998.00,-5059.00,11455.00,13752.00,768815.00,-133964.00,-688259.00
2022-12-09,-0.19,-2.26,3.21,0.00,0.82,4.04,0.85,0.44,0.19,15.27,3.43,10.58,26.60,19.31,12.70,758.90,2784.00,0.00,579.70,1916.00,729.00,384.00,101.32,75.91,2411.00,81870.00,-313173.00,0.00,26466.00,372501.00,22871.00,58167.00,19407.00,1200116.00,-4051.00,-158266.00
2022-12-10,-0.21,-6.03,0.80,0.00,1.10,2.48,1.12,0.00,0.15,27.97,2.04,10.48,35.10,25.76,19.00,157.10,775.30,0.00,781.90,1174.00,893.20,0.00,62.84,43.61,-8141.00,31700.00,-100186.00,0.00,41864.00,290643.00,-19825.00,0.00,10549.00,997948.00,-82595.00,-490142.00
2022-12-11,-0.28,-5.13,4.42,0.00,1.02,1.51,1.31,0.07,0.23,21.12,2.49,7.54,21.90,17.84,13.80,855.80,3516.00,0.00,725.50,713.20,1046.00,56.93,72.04,24.82,-11723.00,-989.70,-91555.00,0.00,7584.00,100199.00,-19839.00,7158.00,10448.00,522030.00,-226964.00,-679930.00
2022-12-12,-0.31,-6.41,0.63,0.00,1.46,0.18,0.75,0.05,0.23,28.55,2.06,10.23,18.40,15.18,12.70,40.29,510.60,0.00,1036.00,87.50,602.60,41.05,40.60,-12.35,-32232.00,-213669.00,18603.00,0.00,-45888.00,10446.00,-45480.00,-3575.00,-9246.00,-367163.00,-222035.00,-1033345.00
2022-12-13,-0.23,-3.62,2.34,0.00,1.66,1.31,0.01,0.03,0.19,24.66,2.29,8.61,19.00,15.09,11.80,225.60,1828.00,4.60,1176.00,622.70,9.04,25.30,47.39,9.50,-7781.00,-165479.00,-51418.00,-221.20,-15129.00,72361.00,-431.60,-1675.00,5612.00,177778.00,-121033.00,-540997.00
2022-12-14,-0.31,-3.33,3.34,0.00,1.96,0.00,0.16,0.03,0.16,21.91,3.10,8.90,19.00,14.04,9.80,343.90,2380.00,0.00,1391.00,0.00,172.70,23.00,43.80,9.84,-3153.00,-126422.00,-50677.00,0.00,-5731.00,0.00,772.00,-1441.00,5522.00,137959.00,-133225.00,-457283.00
2022-12-15,-0.17,-3.66,0.44,0.00,1.96,0.00,0.00,0.00,0.11,23.82,3.46,10.87,20.90,14.84,9.30,19.53,328.80,0.00,1391.00,0.00,3.39,0.00,34.66,0.88,-4906.00,-176115.00,-12911.00,0.00,-25423.00,0.00,-47.41,0.00,-934.90,73355.00,-187535.00,-655044.00
2022-12-16,-0.30,-4.42,0.14,0.00,1.96,0.00,0.00,0.00,0.27,23.33,2.69,12.80,22.00,16.44,11.20,6.20,110.30,2.24,1391.00,0.00,3.39,0.00,34.01,5.29,-12152.00,-175372.00,-3349.00,-12.17,-23568.00,0.00,-44.57,0.00,-5649.00,103783.00,-141717.00,-726569.00
2022-12-17,-0.13,-4.46,0.35,0.00,1.97,0.00,0.00,0.00,0.09,22.12,1.83,13.06,27.50,19.99,14.40,15.58,245.80,0.00,1394.00,0.00,3.40,0.00,35.76,-7.33,-5595.00,-211132.00,-5169.00,0.00,-56651.00,0.00,-108.30,0.00,-1605.00,-232572.00,-116689.00,-1025417.00
2022-12-18,-0.14,-5.79,0.66,0.00,1.97,0.00,0.00,0.00,0.11,28.13,0.60,10.70,29.60,23.68,18.50,51.39,543.10,0.00,1394.00,0.00,3.38,0.00,33.66,-28.09,-5283.00,-219614.00,17071.00,0.00,-75823.00,0.00,-145.40,0.00,-665.10,-812764.00,-26125.00,-737743.00
2022-12-19,-0.21,-5.56,4.74,0.00,1.70,2.62,0.23,0.43,0.18,26.42,1.38,12.15,32.60,27.64,23.50,1042.00,3305.00,0.00,1203.00,1243.00,198.60,377.60,67.00,24.78,-4201.00,-105200.00,-231446.00,0.00,17865.00,223992.00,24146.00,41566.00,12933.00,215463.00,-7786.00,-89596.00
2022-12-20,-0.25,-2.88,2.10,0.00,1.15,3.59,1.17,0.00,0.10,27.34,2.46,6.08,29.40,25.46,19.30,291.50,1784.00,0.00,812.00,1702.00,988.90,0.00,83.61,21.96,-823.80,8986.00,2499.00,0.00,8993.00,70399.00,-8879.00,0.00,911.60,290890.00,-71043.00,1330284.00
2022-12-21,-0.18,-0.57,8.88,0.00,1.28,6.86,0.55,0.00,0.16,12.22,2.50,7.62,27.30,23.23,19.70,1987.00,7591.00,0.00,909.00,3248.00,461.00,0.00,148.08,76.51,6535.00,32625.00,-568677.00,0.00,108847.00,607936.00,71611.00,0.00,17407.00,938932.00,136432.00,494323.00
2022-12-22,-0.21,-2.37,6.28,0.00,1.78,6.01,0.21,0.00,0.17,10.47,3.11,12.75,24.30,20.41,15.50,2010.00,6252.00,0.00,1260.00,2849.00,187.40,0.00,124.53,88.93,2077.00,-79798.00,-650725.00,0.00,101240.00,670636.00,20575.00,0.00,16701.00,681300.00,-67880.00,-308190.00
2022-12-23,-0.19,-1.63,4.23,0.00,1.50,5.72,0.34,0.00,0.12,9.55,3.67,12.71,23.70,17.95,11.80,1005.00,4227.00,0.00,1061.00,2710.00,263.30,0.00,120.03,82.99,-357.80,-55057.00,-374215.00,0.00,68151.00,568457.00,37754.00,0.00,9393.00,799504.00,-12887.00,-61750.00
2022-12-24,-0.20,-1.52,7.71,0.00,1.50,5.55,0.50,0.00,0.21,5.29,3.42,12.86,24.80,18.68,12.10,2520.00,7652.00,0.00,1067.00,2631.00,418.90,0.00,140.31,104.13,-731.70,-38302.00,-815863.00,0.00,84551.00,704121.00,61317.00,0.00,24272.00,442276.00,30184.00,-75036.00
2022-12-25,-0.18,-0.90,4.19,0.00,1.52,5.47,0.12,0.00,0.09,11.70,2.75,12.34,32.30,24.08,14.00,1011.00,3809.00,0.01,1077.00,2591.00,143.10,0.00,112.15,78.22,-1634.00,-40253.00,-425334.00,1.43,57201.00,556809.00,15895.00,0.00,8730.00,721506.00,11635.00,-127721.00
2022-12-26,-0.17,-0.48,5.44,0.00,2.13,7.69,0.57,0.67,0.16,14.92,2.60,11.77,38.50,29.13,17.40,1520.00,4518.00,0.37,1511.00,3758.00,666.50,589.30,161.08,90.78,6273.00,24230.00,-375437.00,33.45,160504.00,707916.00,64289.00,81673.00,18544.00,1056805.00,76426.00,1231639.00
2022-12-27,-0.22,-1.59,4.95,0.01,2.56,9.07,1.41,1.05,0.15,24.46,3.28,11.33,40.70,34.65,27.50,1564.00,3501.00,11.64,1816.00,4509.00,1381.00,916.40,161.95,58.74,2258.00,-68176.00,-413356.00,3906.00,270030.00,654634.00,233392.00,163443.00,24054.00,907341.00,43501.00,160313.00
2022-12-28,-0.21,-5.28,2.53,0.00,1.67,2.39,0.00,0.01,0.12,23.84,1.99,11.20,25.50,19.33,14.10,311.80,1833.00,0.00,1184.00,1131.00,3.40,7.42,56.42,36.80,-7265.00,-200717.00,-89087.00,0.00,19527.00,176387.00,75.73,1627.00,8145.00,505802.00,-80556.00,-469276.00
2022-12-29,-0.17,-3.42,1.05,0.00,1.68,2.01,0.00,0.00,0.09,18.94,2.69,12.05,23.60,17.42,11.90,95.46,885.20,0.00,1193.00,951.50,3.39,0.00,57.33,33.01,-5704.00,-164006.00,-54937.00,0.00,-11786.00,140574.00,23.89,0.00,3387.00,453513.00,-117867.00,-577689.00
2022-12-30,-0.16,-3.84,0.17,0.00,1.46,2.83,0.00,0.00,0.15,19.24,3.30,12.16,27.60,19.72,14.10,15.75,142.70,0.00,1031.00,1342.00,3.39,0.00,60.72,65.27,-3375.00,29155.00,-13051.00,0.00,33098.00,243316.00,148.90,0.00,10444.00,1284786.00,-26979.00,-202475.00
2022-12-31,-0.18,-3.34,0.96,0.00,1.50,4.32,0.15,0.00,0.13,17.85,3.59,11.90,31.70,22.73,13.50,197.00,904.30,0.00,1063.00,2044.00,132.80,1.52,82.18,74.06,1724.00,97404.00,-113501.00,0.00,68135.00,426052.00,17798.00,-92.13,12511.00,1220052.00,91813.00,173472.00
2023-01-01,-0.18,-0.57,2.12,0.00,2.01,5.02,0.49,0.69,0.12,16.64,4.26,11.53,36.20,27.75,18.50,313.70,1791.00,0.20,1422.00,2380.00,454.80,603.50,119.24,74.54,1961.00,48708.00,-91374.00,14.29,126778.00,498002.00,62576.00,75376.00,12684.00,1357510.00,117113.00,375931.00
2023-01-02,-0.19,-3.81,3.00,0.00,1.44,3.53,0.00,0.00,0.15,19.66,3.69,12.10,29.50,23.08,16.60,524.70,2472.00,0.00,1023.00,1674.00,3.40,0.00,66.53,40.78,-6962.00,-111992.00,-160079.00,0.00,18681.00,253805.00,106.30,0.00,10757.00,618903.00,-88429.00,-450904.00
2023-01-03,-0.19,-3.36,2.96,0.00,1.67,0.38,0.42,0.00,0.12,20.90,2.74,10.73,24.00,18.89,15.40,281.10,2687.00,0.00,1180.00,178.90,334.50,1.59,45.87,24.46,-5642.00,-168249.00,-212389.00,0.00,-7081.00,36669.00,33308.00,65.48,4105.00,278322.00,-109105.00,-536738.00
2023-01-04,-0.18,-5.02,0.09,0.00,1.97,0.00,0.00,0.00,0.11,27.01,2.09,10.10,22.40,17.13,14.10,4.10,82.21,0.00,1398.00,0.00,3.40,1.63,33.99,-22.01,-7820.00,-228193.00,-3188.00,0.00,-59536.00,0.00,-114.10,-113.60,-2750.00,-630778.00,-111148.00,-585231.00
2023-01-05,-0.14,-5.49,0.01,0.00,1.97,0.00,0.00,0.00,0.12,25.89,2.59,11.97,24.10,18.07,13.40,0.37,7.90,0.00,1395.00,0.00,3.39,0.00,32.87,-7.60,-4834.00,-177711.00,-82.87,0.00,-40014.00,0.00,-76.29,0.00,-621.90,-193575.00,-134896.00,-654175.00
2023-01-06,-0.14,-1.50,2.90,0.00,1.97,0.00,0.00,0.00,0.10,21.09,2.23,12.16,28.40,22.84,16.60,295.40,2368.00,0.04,1398.00,0.00,3.38,0.00,37.31,-1.71,-5313.00,-27990.00,55932.00,0.87,-40802.00,0.00,-78.27,0.00,988.70,87158.00,-115197.00,-830366.00
2023-01-07,-0.19,-1.20,7.02,0.20,1.69,3.56,0.71,0.75,0.20,15.65,3.94,11.65,35.50,29.05,20.40,2161.00,6087.00,255.40,1196.00,1648.00,780.70,658.10,118.31,138.03,11794.00,-41854.00,-425720.00,97723.00,118777.00,1034669.00,300914.00,313725.00,77606.00,612196.00,268582.00,668225.00
2023-01-08,-0.22,-0.02,7.72,0.00,1.54,4.34,1.19,0.80,0.14,16.44,3.46,11.45,36.40,29.78,22.90,1746.00,6760.00,6.92,1092.00,2054.00,1194.00,700.00,128.22,99.84,8097.00,-847.40,-500646.00,1238.00,127846.00,685806.00,174004.00,171545.00,29201.00,1248849.00,154465.00,375521.00
2023-01-09,-0.24,-1.67,3.04,0.00,1.31,3.21,0.15,0.29,0.14,22.44,3.63,12.15,30.90,23.61,16.70,351.60,2728.00,0.00,928.80,1519.00,176.20,252.70,66.42,58.30,7131.00,-14346.00,-236748.00,0.00,47835.00,281267.00,8684.00,23066.00,8317.00,1269510.00,-8876.00,-24083.00
2023-01-10,-0.15,-0.49,3.37,0.00,1.03,4.18,0.20,0.48,0.13,18.25,3.48,12.30,31.20,22.78,14.10,453.60,2966.00,0.00,726.70,1980.00,193.40,420.90,82.93,65.44,1294.00,-15735.00,-266986.00,0.00,10563.00,402685.00,24664.00,48442.00,10456.00,1217478.00,-19615.00,-124308.00
2023-01-11,-0.20,-0.29,9.19,0.01,1.71,8.25,0.89,0.75,0.15,9.03,3.04,11.74,31.60,24.03,15.50,2779.00,8430.00,10.81,1213.00,3909.00,891.80,653.00,187.74,138.05,22616.00,28623.00,-1117193.00,1417.00,213660.00,1140695.00,153939.00,133582.00,27137.00,1211246.00,301557.00,1249718.00
2023-01-12,-0.17,-0.09,6.71,0.01,1.36,7.98,0.63,0.45,0.09,12.38,4.27,11.98,35.20,25.35,15.80,2039.00,6492.00,20.80,967.10,3780.00,609.20,389.30,147.28,131.16,15246.00,9608.00,-907365.00,1735.00,169103.00,1080169.00,90240.00,60375.00,12986.00,1566903.00,417829.00,1186654.00
2023-01-13,-0.18,-0.39,5.73,0.04,2.25,8.81,1.65,1.00,0.12,15.98,4.03,11.86,36.90,28.99,19.10,1964.00,4895.00,58.41,1593.00,4147.00,1870.00,872.50,186.75,166.69,23271.00,33548.00,-702207.00,14147.00,409053.00,1429627.00,399244.00,247045.00,30338.00,2223064.00,627871.00,2012527.00
2023-01-14,-0.22,-4.22,0.62,0.00,1.64,6.25,0.29,0.00,0.24,32.54,3.09,9.70,39.70,29.76,18.10,36.93,506.70,0.08,1163.00,2960.00,229.40,0.00,80.99,66.21,6819.00,311811.00,-12222.00,6.69,123364.00,492114.00,28520.00,0.00,25272.00,2258228.00,71113.00,190799.00
2023-01-15,-0.22,-3.12,1.77,0.00,1.97,0.02,0.00,0.00,0.10,23.53,1.05,11.09,24.30,19.38,16.20,90.55,1368.00,0.00,1393.00,11.02,3.40,0.00,37.27,5.67,-5923.00,-184316.00,-47269.00,0.00,-24766.00,1334.00,-47.10,0.00,1413.00,-47155.00,-55183.00,-716034.00
2023-01-16,-0.16,-0.43,4.09,0.00,2.44,7.38,0.84,0.61,0.20,14.94,3.53,11.24,34.70,26.28,17.00,1261.00,3457.00,0.17,1732.00,3606.00,910.80,534.70,164.71,109.98,11842.00,36427.00,-447718.00,19.40,266086.00,896415.00,123580.00,96868.00,25190.00,1457688.00,352080.00,1062996.00
2023-01-17,-0.25,-4.73,2.61,0.02,1.29,10.19,0.15,0.43,0.18,28.78,2.92,6.37,35.60,26.89,21.10,778.80,1974.00,31.09,912.10,5080.00,180.90,375.80,130.73,68.48,7099.00,218393.00,-330533.00,2868.00,96420.00,809913.00,13925.00,56449.00,18177.00,1618460.00,82179.00,220636.00
2023-01-18,-0.23,-2.23,3.84,0.29,1.67,5.13,0.06,0.00,0.19,22.60,1.51,6.05,21.20,18.85,15.60,1057.00,3170.00,423.40,1180.00,2538.00,51.87,0.00,111.82,52.76,1081.00,-66555.00,-425945.00,8016.00,56667.00,653771.00,7149.00,0.00,5239.00,522707.00,-16670.00,-23366.00
2023-01-19,-0.23,-5.14,0.06,0.38,1.97,0.02,0.00,0.00,0.09,26.56,2.12,12.34,21.80,17.06,14.30,4.18,46.95,553.20,1394.00,8.25,3.34,0.00,45.05,-8.50,-7494.00,-217207.00,-4131.00,-3544.00,-44992.00,-999.10,-85.83,0.00,-245.70,-257889.00,-133061.00,-755656.00
2023-01-20,-0.17,-2.17,0.58,0.32,1.69,0.94,0.00,0.00,0.12,20.62,3.29,11.12,24.30,18.16,13.20,46.61,491.50,463.00,1194.00,445.50,3.33,4.01,55.37,43.61,-2160.00,-20912.00,-33074.00,12552.00,32156.00,74816.00,101.80,358.70,4181.00,990086.00,-62552.00,-298929.00
2023-01-21,-0.15,-4.86,1.04,0.34,1.66,1.47,0.00,0.00,0.17,20.74,3.30,12.40,26.60,20.15,15.80,131.20,1003.00,494.60,1172.00,696.90,3.28,0.00,59.05,45.00,-2185.00,-192262.00,-90352.00,11186.00,15609.00,134215.00,84.13,0.00,11654.00,742999.00,-136882.00,-592536.00
2023-01-22,-0.19,-4.08,0.43,0.28,1.64,2.36,0.00,0.16,0.11,21.32,3.03,12.19,29.30,22.04,15.30,36.94,362.40,409.60,1162.00,1117.00,3.29,140.70,68.92,49.35,-4375.00,-47095.00,-25659.00,13449.00,19741.00,223846.00,90.27,18313.00,9017.00,1003171.00,-116358.00,-595212.00
2023-01-23,-0.17,-1.65,3.09,0.32,0.88,7.34,0.41,0.23,0.15,18.55,2.65,9.60,31.80,23.50,16.30,644.60,2856.00,462.50,625.30,3566.00,390.70,200.80,130.72,106.73,6884.00,128500.00,-354743.00,32976.00,48439.00,942522.00,59136.00,35111.00,17912.00,1873249.00,138249.00,571965.00
2023-01-24,-0.21,-0.94,1.63,0.21,0.31,7.35,0.70,0.51,0.10,16.32,3.42,12.07,28.80,22.53,16.60,297.60,1602.00,307.10,219.80,3588.00,512.70,449.70,123.85,93.59,14915.00,57541.00,-171649.00,18758.00,20747.00,744667.00,56719.00,33126.00,8925.00,1543163.00,221782.00,848295.00
2023-01-25,-0.19,-2.14,2.35,0.00,1.04,5.30,0.10,0.09,0.21,18.42,3.15,12.65,25.80,20.30,14.80,329.80,2370.00,0.00,735.30,2512.00,80.22,77.05,83.12,59.28,-2561.00,-82507.00,-156723.00,0.00,-2835.00,520146.00,11696.00,8759.00,15100.00,990029.00,-106805.00,-579112.00
2023-01-26,-0.23,-1.10,3.23,0.00,1.51,3.73,0.00,0.06,0.15,14.41,2.27,12.16,28.50,20.75,15.30,493.00,2929.00,0.00,1069.00,1767.00,3.41,52.25,84.34,54.36,-10741.00,-51554.00,-232347.00,0.00,13899.00,325691.00,96.70,6879.00,8124.00,707680.00,-58709.00,-537193.00
2023-01-27,-0.21,-1.16,4.92,0.30,1.61,5.94,1.83,0.91,0.14,16.17,3.25,11.97,37.40,26.92,13.60,2138.00,4422.00,426.00,1143.00,2742.00,2013.00,793.80,168.99,183.61,5813.00,35165.00,-488936.00,106405.00,354387.00,1166374.00,464505.00,305479.00,42567.00,1428866.00,689243.00,1348468.00
2023-01-28,-0.21,-0.83,7.67,0.01,0.74,5.61,0.65,0.42,0.17,19.92,1.14,4.20,30.70,25.35,20.00,1681.00,6569.00,7.96,524.50,2659.00,612.80,367.60,126.95,54.11,1276.00,-15460.00,-531597.00,1028.00,-20319.00,662785.00,102029.00,64116.00,17960.00,376522.00,31368.00,247646.00
2023-01-29,-0.25,-0.38,7.63,0.01,0.00,11.30,0.38,0.18,0.17,8.26,1.06,5.47,23.50,20.38,17.00,2500.00,7940.00,8.07,0.00,5494.00,318.50,154.10,222.70,135.12,27833.00,39666.00,-935406.00,1028.00,0.00,1480452.00,43479.00,34633.00,22412.00,996987.00,120435.00,599634.00
2023-01-30,-0.22,-0.77,4.54,0.00,0.27,9.67,0.12,0.00,0.15,10.49,2.67,10.19,26.00,19.99,15.00,1108.00,4330.00,0.00,191.50,4849.00,95.97,0.00,153.08,87.87,10739.00,-8641.00,-425436.00,0.00,-396.50,968963.00,18238.00,0.00,14932.00,890318.00,26093.00,125240.00
2023-01-31,-0.15,-1.81,4.80,0.00,0.67,7.06,0.36,0.10,0.11,9.65,4.04,12.49,24.00,18.73,12.50,1506.00,4614.00,0.00,475.00,3445.00,309.30,89.43,125.22,94.92,3432.00,-16728.00,-472609.00,0.00,-13099.00,846465.00,47290.00,12422.00,12157.00,925987.00,-10413.00,-155401.00
2023-02-01,-0.19,-1.11,4.61,0.00,1.02,4.37,0.17,0.00,0.19,15.72,3.65,7.39,20.50,17.10,12.90,725.80,4192.00,1.55,723.90,2071.00,161.60,0.00,91.00,68.80,3655.00,724.50,-428635.00,27.21,18217.00,468009.00,26809.00,0.00,21573.00,1008745.00,-60860.00,-133855.00
2023-02-02,-0.29,-7.82,0.55,0.00,1.68,0.99,0.00,0.00,0.17,34.12,1.63,6.32,20.60,16.73,15.00,72.91,536.00,0.00,1187.00,470.50,3.40,0.00,36.99,4.58,-4207.00,-161043.00,-77972.00,0.00,-25016.00,106135.00,11.05,0.00,-864.10,-59249.00,-79298.00,-352253.00
2023-02-03,-0.27,-7.43,0.31,0.00,1.98,0.00,0.00,0.00,0.20,31.34,1.57,9.23,18.90,15.49,12.30,14.51,229.00,0.00,1404.00,0.00,3.41,0.00,31.75,-12.55,-10467.00,-278095.00,-11596.00,0.00,-49556.00,0.00,-90.84,0.00,-151.00,-521148.00,-103266.00,-710216.00
2023-02-04,-0.22,-1.55,7.25,0.00,1.38,2.45,0.52,0.00,0.22,11.55,2.81,8.15,20.00,16.38,12.20,1429.00,5215.00,0.00,976.00,1160.00,698.00,0.00,104.64,37.29,825.50,-67266.00,-197870.00,0.00,5355.00,167345.00,21959.00,0.00,13048.00,425547.00,-125817.00,-388010.00
2023-02-05,-0.21,-2.32,4.76,0.00,1.15,5.04,0.00,0.00,0.11,8.67,3.57,12.11,23.00,17.36,10.90,1073.00,4599.00,0.00,813.50,2385.00,3.40,0.00,104.47,76.80,-1140.00,-59920.00,-329158.00,0.00,5964.00,498633.00,164.70,0.00,9839.00,743150.00,-84164.00,-383890.00
2023-02-06,-0.18,-1.74,2.32,0.00,1.01,4.40,0.24,0.00,0.13,15.21,4.18,12.21,28.40,19.92,11.80,334.50,2167.00,0.00,714.50,2083.00,218.20,0.00,80.67,82.87,6451.00,28753.00,-230192.00,0.00,33486.00,441297.00,30434.00,0.00,11305.00,1359806.00,44913.00,70720.00
2023-02-07,-0.21,-1.60,1.00,0.00,1.24,4.26,0.76,0.00,0.17,18.93,4.09,12.17,31.00,22.53,14.00,130.00,822.20,0.00,878.40,2017.00,631.60,0.00,84.74,61.93,789.00,-5827.00,-98411.00,0.00,31076.00,352151.00,51068.00,0.00,14168.00,1303711.00,-57255.00,-222700.00
2023-02-08,-0.31,-0.92,3.23,0.00,1.20,3.53,0.71,0.00,0.21,20.18,4.12,11.04,32.70,25.49,18.10,396.50,2523.00,4.25,850.50,1673.00,646.00,0.72,77.44,89.90,13234.00,24245.00,-279401.00,1235.00,52886.00,440482.00,43582.00,357.20,32025.00,1640339.00,230778.00,126421.00
2023-02-09,-0.24,-0.26,7.88,0.27,1.20,8.72,2.02,0.68,0.25,10.83,4.00,11.60,36.60,27.50,16.80,2701.00,6124.00,354.90,847.50,4044.00,2155.00,591.10,202.02,475.18,43941.00,3177.00,-980733.00,594268.00,1020724.00,3706809.00,2254873.00,1005705.00,281878.00,2454513.00,721923.00,1792794.00
2023-02-10,-0.31,-1.70,7.26,0.00,1.39,6.29,0.29,0.00,0.25,14.47,3.72,10.55,30.80,22.19,18.70,1555.00,6017.00,0.15,983.10,2981.00,268.40,3.73,114.60,107.83,24086.00,-29020.00,-864185.00,16.33,101904.00,831085.00,44088.00,997.40,26763.00,1310731.00,74780.00,-3624.00
2023-02-11,-0.23,-3.31,2.06,0.00,1.63,2.37,0.05,0.10,0.17,22.60,1.06,10.16,23.20,20.22,17.50,189.80,1493.00,0.00,1152.00,1121.00,56.78,90.09,63.46,44.81,-8655.00,-106862.00,-160016.00,0.00,19115.00,202667.00,4778.00,-995.50,7353.00,701992.00,-19406.00,-677004.00
2023-02-12,-0.21,-1.36,5.40,0.00,1.78,0.83,0.00,0.00,0.12,15.48,1.06,11.84,23.80,18.90,14.00,415.50,4063.00,0.00,1264.00,392.00,3.40,0.00,53.33,62.39,-8740.00,-85287.00,-399693.00,0.00,24512.00,104652.00,94.21,0.00,10258.00,802487.00,-32659.00,-918595.00
2023-02-13,-0.23,-3.14,1.80,0.00,1.35,2.89,0.00,0.00,0.15,18.94,4.12,11.91,25.20,17.81,12.70,202.20,1340.00,0.00,956.90,1369.00,3.40,0.00,59.16,72.31,147.10,-61426.00,-200319.00,0.00,37004.00,305247.00,192.90,0.00,11578.00,1375372.00,-96081.00,-380782.00
2023-02-14,-0.20,-1.84,2.29,0.00,1.29,4.59,0.34,0.26,0.21,15.13,4.00,11.81,26.30,20.74,14.30,626.10,1767.00,0.00,911.00,2175.00,319.90,228.40,96.60,79.67,2181.00,-20515.00,-279907.00,0.00,47197.00,505081.00,47940.00,33634.00,23758.00,1133464.00,-5549.00,-70285.00
2023-02-15,-0.27,-0.98,5.53,0.23,2.40,6.26,2.08,1.24,0.21,12.85,4.04,11.45,35.30,28.46,20.30,2916.00,4240.00,324.60,1697.00,2911.00,2178.00,1085.00,201.08,348.54,23611.00,76686.00,-856692.00,305876.00,844849.00,2575061.00,1670345.00,856673.00,183319.00,1233255.00,759515.00,1211268.00
2023-02-16,-0.31,-0.88,8.31,0.69,3.76,9.69,2.60,1.12,0.20,13.68,3.81,9.94,39.50,31.91,25.20,3198.00,5909.00,977.80,2663.00,4528.00,2795.00,975.90,262.51,821.57,52452.00,47333.00,-2059475.00,1793385.00,3767172.00,9739244.00,5440707.00,1879203.00,414885.00,2797172.00,1233150.00,2615652.00
2023-02-17,-0.27,-1.84,7.21,0.00,2.02,8.44,0.07,0.93,0.26,11.27,4.02,11.38,25.40,21.81,16.20,2194.00,5306.00,0.00,1429.00,4094.00,79.95,812.60,167.14,107.75,19477.00,47980.00,-783322.00,0.00,224098.00,958665.00,9646.00,115829.00,26142.00,1074341.00,239762.00,487938.00
2023-02-18,-0.22,-0.93,6.30,0.00,1.08,4.01,0.67,0.00,0.16,11.21,2.89,11.86,26.90,19.76,11.80,1111.00,6083.00,0.00,765.20,1899.00,589.20,0.00,102.05,87.34,-6599.00,-41510.00,-638971.00,0.00,6414.00,506738.00,67424.00,0.00,16096.00,948291.00,-79095.00,-490334.00
2023-02-19,-0.19,-0.38,4.80,0.00,0.78,5.36,0.21,0.00,0.14,11.88,3.12,11.59,29.20,21.25,12.60,805.10,4676.00,0.00,551.20,2539.00,208.50,0.01,99.74,91.93,-346.50,-4689.00,-456081.00,0.00,-16758.00,646385.00,34784.00,0.05,18331.00,1176954.00,28647.00,-60521.00
2023-02-20,-0.23,-0.40,3.94,0.00,1.01,6.19,0.52,0.07,0.19,19.49,3.97,11.21,34.10,25.31,15.20,553.60,3576.00,0.00,717.60,2932.00,505.90,62.36,98.90,89.05,11048.00,27287.00,-359663.00,0.00,55773.00,665180.00,70419.00,-590.30,26933.00,1868088.00,77363.00,171754.00
2023-02-21,-0.28,-1.72,3.81,0.00,2.05,2.16,0.03,0.00,0.15,31.04,3.53,10.72,35.70,29.09,24.30,304.60,2629.00,0.30,1450.00,1022.00,37.87,0.00,50.53,27.91,-3144.00,23961.00,-10979.00,1.21,50154.00,114139.00,-978.60,0.00,10978.00,1068344.00,-123294.00,-443762.00
2023-02-22,-0.20,-0.83,5.67,0.01,3.11,6.03,2.33,0.71,0.22,23.28,3.61,10.23,38.10,30.41,21.50,2083.00,4397.00,16.10,2203.00,2770.00,2603.00,622.50,165.86,140.16,11361.00,-8991.00,-605803.00,4244.00,510859.00,1236192.00,734230.00,190097.00,61570.00,1438937.00,617695.00,2026381.00
2023-02-23,-0.25,-0.20,7.16,0.35,4.08,8.15,3.52,1.04,0.20,22.63,3.66,10.56,39.80,32.86,26.60,2679.00,5056.00,478.70,2892.00,3857.00,3620.00,913.20,216.98,240.81,17894.00,5038.00,-729371.00,306281.00,1406953.00,2584691.00,1790978.00,599185.00,63227.00,2233504.00,595485.00,1694467.00
2023-02-24,-0.35,-0.26,4.37,0.00,1.90,3.72,0.70,1.19,0.26,35.36,2.62,9.04,37.80,29.73,20.40,663.30,2856.00,0.00,1347.00,1763.00,672.10,1042.00,88.03,51.46,1663.00,6149.00,-244582.00,0.00,102588.00,372868.00,74061.00,134352.00,19627.00,1547103.00,12415.00,538754.00
2023-02-25,-0.32,-2.58,8.42,0.02,1.15,6.27,0.55,0.12,0.24,14.07,1.77,6.52,22.80,19.46,15.80,1880.00,6664.00,33.19,813.20,2970.00,587.40,106.40,146.85,166.27,29708.00,77420.00,-652349.00,25717.00,164676.00,876126.00,162153.00,22708.00,125837.00,1545896.00,123323.00,420114.00
2023-02-26,-0.15,-1.55,2.35,0.00,1.09,3.84,0.00,0.00,0.11,15.15,2.37,11.15,24.00,17.85,13.00,281.30,2047.00,0.00,771.20,1820.00,2.45,0.00,76.93,45.43,-3212.00,-34451.00,-110220.00,0.00,-20132.00,291066.00,61.61,0.00,8022.00,705333.00,-77629.00,-505326.00
2023-02-27,-0.20,-0.76,3.98,0.00,1.05,5.92,0.17,0.00,0.09,12.14,3.81,11.25,25.70,18.28,11.70,696.50,3399.00,0.00,741.00,2802.00,157.50,0.00,107.52,77.94,5350.00,2280.00,-309175.00,0.00,45203.00,567994.00,19872.00,0.00,9342.00,1019760.00,57796.00,143177.00
2023-02-28,-0.23,-1.99,4.31,0.00,1.10,6.65,0.24,0.44,0.27,16.29,3.08,7.29,22.40,18.00,14.10,1262.00,4074.00,3.99,780.30,3148.00,221.80,386.80,128.42,93.67,13112.00,51194.00,-476986.00,550.40,105116.00,704938.00,40309.00,70975.00,31584.00,1271246.00,145344.00,338221.00
2023-03-01,-0.25,-2.30,2.05,0.00,1.10,4.35,0.18,0.00,0.11,19.99,3.67,8.73,23.30,18.46,14.30,295.00,1812.00,0.00,781.00,2059.00,192.40,0.00,79.54,56.62,2263.00,-71970.00,-189732.00,0.00,10936.00,400862.00,18305.00,0.00,10183.00,1009913.00,-66004.00,-189366.00
2023-03-02,-0.19,-1.36,4.45,0.00,0.74,6.16,0.83,0.12,0.22,14.04,3.67,8.17,22.20,18.40,15.80,995.90,4158.00,0.00,521.50,2916.00,711.20,106.20,125.36,77.92,3796.00,38663.00,-410260.00,0.00,35483.00,629477.00,41976.00,16627.00,22533.00,1031408.00,45275.00,30101.00
2023-03-03,-0.23,-1.43,1.62,0.00,1.47,4.20,0.35,0.54,0.14,16.06,3.56,11.25,25.30,18.92,13.50,188.00,1268.00,0.00,1042.00,1992.00,278.70,474.00,100.80,49.24,-2024.00,19721.00,-101612.00,0.00,28895.00,337322.00,31758.00,52560.00,10307.00,849163.00,-96867.00,-388001.00
2023-03-04,-0.21,-2.88,3.76,0.00,2.78,6.87,0.91,1.55,0.19,8.50,3.10,11.28,28.00,20.26,13.00,1484.00,3547.00,0.00,1973.00,3252.00,761.20,1354.00,208.60,85.99,-3159.00,8958.00,-357568.00,0.00,219389.00,748592.00,103308.00,166138.00,15811.00,511919.00,-24546.00,-195627.00
2023-03-05,-0.26,-3.99,3.69,0.00,1.98,4.19,0.76,0.10,0.09,23.24,1.41,3.38,24.50,19.47,15.60,1535.00,3467.00,0.00,1403.00,1984.00,643.90,88.91,117.20,16.81,92.22,-87760.00,-305683.00,0.00,59430.00,246636.00,41585.00,12027.00,2254.00,-219812.00,-11343.00,-204.90
2023-03-06,-0.24,-4.74,4.14,0.01,1.51,1.84,1.23,0.15,0.20,23.48,2.57,7.71,22.60,18.73,15.50,1422.00,3191.00,14.51,1068.00,874.00,1227.00,133.10,85.68,11.86,-4627.00,-170764.00,-176864.00,2172.00,-15064.00,152026.00,163296.00,21562.00,14948.00,-476687.00,-95908.00,-333746.00
2023-03-07,-0.20,-2.83,2.03,0.00,1.15,0.00,1.90,0.14,0.14,25.93,2.53,6.30,20.20,17.56,14.60,250.70,1357.00,0.00,818.00,0.00,1553.00,124.60,65.49,-9.74,-7965.00,-78217.00,6559.00,0.00,-13346.00,0.00,5626.00,7607.00,7286.00,-269476.00,-117633.00,-321342.00
2023-03-08,-0.27,-4.01,0.54,0.00,1.74,2.26,0.06,0.00,0.21,26.66,1.88,6.96,19.30,16.87,14.60,82.43,463.40,0.00,1236.00,1072.00,69.10,0.00,59.76,31.65,-3722.00,-25555.00,-34776.00,0.00,38490.00,127373.00,5072.00,0.00,10938.00,735336.00,-46529.00,-279430.00
2023-03-09,-0.17,-0.67,7.16,0.00,1.55,6.78,0.10,0.22,0.15,9.51,3.45,7.37,21.60,16.81,12.60,1825.00,5834.00,0.00,1095.00,3211.00,85.17,188.20,157.26,69.60,4154.00,-13368.00,-523458.00,0.00,83377.00,679987.00,13318.00,25842.00,16255.00,570805.00,-25516.00,-34431.00
2023-03-10,-0.19,-0.94,4.86,0.00,1.45,7.00,0.33,0.00,0.20,8.76,3.33,10.49,26.50,18.98,12.50,1399.00,4171.00,0.00,1025.00,3315.00,302.20,0.00,147.10,87.74,5752.00,-6626.00,-486092.00,0.00,92042.00,717151.00,42329.00,0.00,25012.00,712585.00,65625.00,106588.00
2023-03-11,-0.22,-2.28,4.37,0.00,1.53,6.15,0.23,0.10,0.17,11.04,1.91,10.42,25.00,19.03,14.30,1350.00,4377.00,0.00,1088.00,2913.00,227.90,88.13,136.79,73.06,-3453.00,-54347.00,-365541.00,0.00,54196.00,595325.00,24374.00,10923.00,11702.00,579383.00,-39865.00,-408246.00
2023-03-12,-0.23,-2.60,1.68,0.00,1.50,4.02,0.00,0.00,0.09,15.51,1.57,10.12,22.30,17.45,12.50,206.10,1476.00,0.00,1059.00,1903.00,2.41,0.00,90.36,61.30,-3525.00,-72462.00,-131033.00,0.00,32705.00,345752.00,103.40,0.00,5276.00,755212.00,-11747.00,-359603.00
2023-03-13,-0.23,-0.68,5.25,0.00,1.45,4.45,0.00,0.17,0.23,8.81,2.60,9.87,26.60,18.72,11.70,1080.00,4771.00,0.00,1028.00,2110.00,2.43,146.80,119.16,64.59,-9130.00,-35444.00,-379625.00,0.00,11050.00,429551.00,75.21,19934.00,5906.00,588458.00,-85535.00,-722389.00
2023-03-14,-0.32,-1.40,6.01,0.00,1.29,7.03,0.53,0.17,0.20,10.62,2.85,9.08,26.60,19.43,12.20,1474.00,5673.00,0.00,915.30,3328.00,540.50,150.30,155.31,106.60,24894.00,71974.00,-541361.00,0.00,94946.00,912143.00,87882.00,42817.00,27705.00,1083116.00,110864.00,350300.00
2023-03-15,-0.33,-2.56,6.50,0.01,1.40,7.63,0.94,0.23,0.36,11.39,2.87,10.22,31.40,22.28,15.00,2877.00,6534.00,9.79,994.40,3614.00,1075.00,200.70,168.18,125.89,18768.00,50805.00,-793173.00,1620.00,129425.00,1133034.00,153952.00,33309.00,48795.00,1076455.00,128127.00,356926.00
2023-03-16,-0.38,-1.00,7.35,0.00,1.46,4.62,0.18,0.04,0.21,13.23,3.18,10.22,26.70,21.02,17.20,1421.00,5553.00,5.96,1037.00,2188.00,191.40,30.74,104.21,47.87,3560.00,-48824.00,-393165.00,505.10,25509.00,360692.00,19245.00,24.13,10185.00,497848.00,-111061.00,-454046.00
2023-03-17,-0.25,-0.42,10.43,0.01,1.67,5.85,1.76,1.33,0.27,5.92,3.38,9.74,33.30,25.16,19.80,4661.00,9418.00,13.62,1182.00,2739.00,1810.00,1163.00,230.70,152.95,18013.00,4532.00,-1163993.00,1775.00,249480.00,868372.00,376603.00,248656.00,50987.00,684242.00,139122.00,295048.00
2023-03-18,-0.28,-1.65,4.58,0.00,1.76,3.12,0.11,0.33,0.20,19.41,2.07,8.86,29.60,23.58,19.00,775.10,3137.00,0.04,1247.00,1478.00,124.90,285.90,87.46,23.01,-7949.00,-48372.00,-144145.00,3.37,12074.00,289835.00,11279.00,35906.00,7591.00,155621.00,-24718.00,-214686.00
2023-03-19,-0.21,-3.84,1.90,0.00,1.50,4.53,0.08,0.21,0.16,20.08,2.02,8.52,24.70,19.51,15.90,393.80,1955.00,0.00,1066.00,2147.00,91.33,184.80,94.01,55.37,230.50,46542.00,-151301.00,0.00,57156.00,347947.00,5318.00,14636.00,11070.00,968296.00,-18285.00,-76440.00
2023-03-20,-0.24,-2.23,3.81,0.00,1.42,1.51,0.62,0.00,0.10,25.24,0.81,5.40,22.90,18.98,15.10,412.20,2568.00,0.00,1006.00,717.40,521.90,0.00,63.97,16.05,-5169.00,12882.00,-53034.00,0.00,6432.00,95738.00,2653.00,0.00,1656.00,404610.00,-38052.00,-244053.00
2023-03-21,-0.20,-1.19,4.17,0.00,1.24,8.83,0.70,0.07,0.17,13.36,2.38,7.09,28.00,21.89,17.20,1180.00,3602.00,0.00,880.90,4181.00,535.40,60.60,167.21,108.49,16533.00,76981.00,-380071.00,0.00,135438.00,1020381.00,113670.00,9868.00,31620.00,1139926.00,252675.00,752576.00
2023-03-22,-0.28,-1.12,5.36,0.00,1.16,9.39,0.98,0.05,0.16,10.77,3.15,9.23,31.10,22.57,15.50,1360.00,4784.00,2.71,819.10,4450.00,767.30,41.80,174.31,114.32,21272.00,23317.00,-238962.00,218.30,120372.00,1041863.00,129690.00,5506.00,20670.00,1248520.00,177860.00,524583.00
2023-03-23,-0.20,-2.95,4.52,0.00,0.00,9.78,0.58,0.00,0.23,12.70,3.16,10.10,23.90,19.60,15.30,1156.00,4068.00,0.00,0.00,4739.00,484.90,0.00,142.91,96.30,3260.00,-27652.00,-308268.00,0.00,0.00,1018935.00,54959.00,0.00,17424.00,1013682.00,38526.00,-76324.00
2023-03-24,-0.23,-0.96,4.76,0.00,0.00,10.08,0.45,0.00,0.17,13.10,2.01,6.48,24.00,18.34,14.40,1214.00,3878.00,0.00,0.00,5021.00,393.40,0.00,167.64,78.88,4118.00,-38168.00,-406109.00,0.00,0.00,951853.00,28701.00,0.00,13919.00,815979.00,42131.00,149964.00
2023-03-25,-0.22,-1.43,3.79,0.00,0.34,4.37,0.84,0.00,0.12,14.36,2.44,8.74,24.20,17.88,12.30,534.20,3163.00,0.00,239.80,2071.00,697.40,0.00,96.40,62.98,-2340.00,-59794.00,-278981.00,0.00,-10449.00,393308.00,-2037.00,0.00,10361.00,867505.00,-65842.00,-120795.00
2023-03-26,-0.22,-1.20,3.45,0.00,0.00,10.89,0.15,0.28,0.16,14.74,1.48,2.54,20.80,18.15,15.80,669.50,3448.00,0.00,0.00,5276.00,118.20,244.60,186.52,98.30,19279.00,108694.00,-219557.00,0.00,0.00,1137879.00,28598.00,54130.00,23231.00,1454893.00,108863.00,192394.00
2023-03-27,-0.22,-1.59,4.25,0.00,1.15,13.86,0.60,1.58,0.25,10.30,1.11,5.20,22.80,19.75,16.80,1839.00,3791.00,0.00,815.80,6844.00,459.30,1382.00,278.95,159.61,30622.00,164871.00,-705620.00,0.00,197655.00,2208728.00,131290.00,306406.00,53155.00,1335708.00,154174.00,760757.00
2023-03-28,-0.36,-2.56,5.15,0.00,1.32,14.42,0.51,1.28,0.23,8.14,2.05,6.33,22.90,18.99,15.00,2520.00,5068.00,0.00,935.40,7111.00,394.60,1120.00,278.81,161.85,46104.00,294496.00,-742671.00,0.00,232737.00,2300565.00,117230.00,260696.00,45266.00,1173204.00,236796.00,776479.00
2023-03-29,-0.32,-5.29,0.36,0.00,0.00,10.47,0.22,0.13,0.25,19.15,2.81,7.58,21.70,16.81,12.20,88.72,308.40,0.00,0.00,5223.00,200.40,109.90,136.25,76.77,4480.00,113847.00,-32428.00,0.00,0.00,991571.00,-11000.00,15782.00,22762.00,1274463.00,-33224.00,-197013.00
2023-03-30,-0.25,-0.44,7.41,0.00,0.38,11.04,0.32,0.88,0.24,5.44,2.71,7.20,20.40,16.16,11.00,2622.00,6024.00,0.47,266.80,5423.00,287.50,770.70,239.25,124.20,10081.00,19999.00,-731639.00,66.97,55914.00,1520557.00,25256.00,154417.00,35152.00,648739.00,128129.00,316462.00
2023-03-31,-0.22,-1.06,6.85,0.00,1.03,10.09,0.47,0.19,0.15,7.63,2.27,7.25,20.70,16.50,12.60,2445.00,5700.00,0.00,732.00,4881.00,356.10,168.60,211.07,120.54,14300.00,38038.00,-772290.00,0.00,137758.00,1254657.00,54078.00,29482.00,20427.00,869188.00,139997.00,474586.00
2023-04-01,-0.23,-4.67,0.90,0.00,1.26,7.46,0.00,0.00,0.18,17.45,2.83,7.00,18.30,14.64,11.90,189.60,775.50,0.00,893.40,3535.00,2.42,0.00,122.44,102.85,7132.00,274006.00,-120049.00,0.00,118335.00,850720.00,247.50,0.00,18185.00,1717307.00,70947.00,111956.00
2023-04-02,-0.30,-3.50,1.31,0.00,1.17,7.74,0.07,0.00,0.22,12.49,2.79,9.30,20.30,15.35,11.20,365.90,1128.00,0.00,831.70,3773.00,58.27,0.00,138.04,117.70,18703.00,145160.00,-217918.00,0.00,62287.00,1057918.00,10711.00,0.00,36826.00,1279985.00,103917.00,373116.00
2023-04-03,-0.26,-1.43,3.14,0.00,0.56,10.94,1.10,0.00,0.20,8.00,3.05,9.44,23.90,18.40,13.10,1236.00,2870.00,0.00,398.70,5400.00,911.00,0.00,201.55,129.77,17818.00,73518.00,-487103.00,0.00,96094.00,1448189.00,184760.00,0.00,33097.00,905708.00,177657.00,430964.00
2023-04-04,-0.25,-0.92,1.49,0.00,0.04,11.17,1.45,0.95,0.25,9.64,3.16,9.00,27.80,21.40,14.70,479.40,1371.00,0.04,26.19,5502.00,1160.00,827.20,210.77,141.78,26699.00,95895.00,-225957.00,2.50,4592.00,1616071.00,240507.00,159794.00,44059.00,1356056.00,307002.00,826348.00
2023-04-05,-0.23,-2.29,3.08,0.01,0.00,10.52,1.07,0.44,0.16,14.05,1.79,8.18,28.70,23.52,19.30,1151.00,2779.00,8.69,0.00,5173.00,893.40,387.80,178.46,131.94,24002.00,235176.00,-414794.00,1499.00,0.00,1429162.00,179762.00,80232.00,26800.00,1661624.00,155350.00,779368.00
2023-04-06,-0.25,-0.61,6.26,0.00,0.00,8.69,1.16,0.14,0.19,12.91,1.97,5.27,24.30,20.29,14.40,1527.00,5456.00,0.00,0.00,4213.00,928.00,121.40,173.48,99.52,18439.00,45147.00,-567462.00,0.00,0.00,888804.00,126672.00,16900.00,23521.00,1232646.00,165623.00,413251.00
2023-04-07,-0.25,-7.53,0.09,0.00,0.00,4.28,0.63,0.00,0.15,28.09,1.04,6.79,21.10,17.37,14.60,10.70,74.12,0.00,0.00,2138.00,601.10,0.00,66.85,11.23,-16661.00,-74256.00,-4163.00,0.00,0.00,37722.00,-7462.00,0.00,-1266.00,264230.00,-79062.00,-665267.00
2023-04-08,-0.20,-2.53,2.52,0.00,0.00,3.79,0.72,0.00,0.13,21.39,1.58,5.58,18.70,16.28,14.00,268.20,1690.00,0.00,0.00,2005.00,682.60,0.00,80.99,5.16,-6858.00,-95133.00,-7978.00,0.00,0.00,8715.00,-1672.00,0.00,1518.00,70206.00,-72587.00,-259447.00
2023-04-09,-0.15,0.00,8.82,0.00,0.00,5.37,0.65,0.30,0.13,9.53,2.07,4.91,17.60,14.50,10.70,2013.00,6844.00,2.05,0.00,2717.00,594.40,260.10,155.67,46.98,-1532.00,0.00,-375088.00,144.30,0.00,322901.00,19400.00,33553.00,9324.00,382315.00,-23440.00,-43566.00
2023-04-10,-0.18,-1.23,7.26,0.00,0.00,8.62,0.59,0.21,0.17,5.71,2.42,8.39,20.00,14.60,8.70,2529.00,6406.00,0.16,0.00,4354.00,480.00,181.40,192.10,103.20,2306.00,11625.00,-679878.00,14.78,0.00,930620.00,70329.00,23433.00,30117.00,593221.00,16868.00,112012.00
2023-04-11,-0.26,-7.60,0.03,0.00,0.00,6.79,0.77,0.00,0.17,34.27,0.65,2.93,21.10,17.45,13.40,2.38,33.88,2.94,0.00,3474.00,669.60,0.00,90.98,67.69,7280.00,437852.00,-2516.00,282.00,0.00,475577.00,69015.00,0.00,17620.00,2232882.00,28818.00,151547.00
2023-04-12,-0.33,-10.19,0.00,0.00,0.00,6.06,0.64,0.01,0.21,33.70,1.25,7.25,20.20,18.18,15.70,0.00,0.00,0.00,0.00,3123.00,584.70,7.72,75.66,16.59,-10712.00,-2678.00,0.00,0.00,0.00,302823.00,-310.00,1101.00,4341.00,239520.00,-57080.00,-449965.00
2023-04-13,-0.12,0.00,5.21,0.01,0.00,11.43,1.10,0.07,0.17,9.46,2.23,6.22,19.80,16.45,14.30,1645.00,4540.00,15.59,0.00,5680.00,894.60,58.30,216.53,122.69,10366.00,425.70,-667276.00,1038.00,0.00,1405629.00,185900.00,9088.00,29912.00,1093891.00,180884.00,481975.00
2023-04-14,-0.34,-6.71,0.04,0.00,0.00,5.57,0.52,0.00,0.18,30.10,1.32,6.55,26.30,19.56,11.70,6.60,40.44,0.00,0.00,2891.00,484.50,0.00,76.30,32.62,-9327.00,67412.00,-3823.00,0.00,0.00,235269.00,7840.00,0.00,13009.00,900393.00,-55647.00,-277215.00
2023-04-15,-0.12,-5.59,2.49,0.01,0.00,3.52,1.30,0.02,0.17,27.73,1.12,3.71,19.80,15.58,11.60,709.80,1440.00,10.44,0.00,1913.00,1212.00,14.49,83.86,40.93,-225.80,52536.00,-13298.00,694.10,0.00,127492.00,86338.00,1807.00,18646.00,919389.00,28325.00,60494.00
2023-04-16,-0.25,-4.65,3.74,0.37,0.68,3.27,2.31,0.00,0.20,17.50,2.09,7.57,18.00,14.14,10.50,2174.00,2997.00,541.40,482.10,1780.00,2494.00,0.00,155.85,84.26,-6272.00,-27423.00,-461230.00,62613.00,50704.00,280342.00,300697.00,0.00,18889.00,908175.00,-77027.00,-325630.00
2023-04-17,-0.26,-0.87,9.16,0.59,1.55,5.63,5.18,0.67,0.16,2.16,2.89,7.90,21.30,15.86,10.70,6441.00,7403.00,854.90,1099.00,2922.00,5748.00,587.20,419.47,165.00,28107.00,50269.00,-1227334.00,110612.00,231039.00,986335.00,1002774.00,150914.00,30797.00,282178.00,194617.00,564397.00
2023-04-18,-0.21,-0.10,9.96,0.01,1.62,4.00,3.65,0.93,0.21,5.36,2.50,7.84,23.30,16.60,11.20,5257.00,7821.00,10.16,1151.00,1895.00,3621.00,813.10,286.69,144.19,11009.00,-4694.00,-1098002.00,2424.00,206853.00,689201.00,636827.00,119473.00,42208.00,712186.00,39079.00,17896.00
2023-04-19,-0.30,-0.81,3.83,0.00,1.54,5.29,1.55,1.07,0.19,15.78,2.71,5.47,17.80,14.70,11.60,785.50,3196.00,0.00,1094.00,2615.00,1399.00,934.50,179.79,127.62,19558.00,31337.00,-482772.00,0.00,185994.00,915063.00,272630.00,184525.00,30839.00,1823423.00,65622.00,100145.00
2023-04-20,-0.22,-0.54,5.37,0.00,1.75,11.08,1.63,1.39,0.20,9.45,2.63,3.86,18.30,15.29,12.70,1879.00,4840.00,4.23,1240.00,5527.00,1364.00,1213.00,292.31,138.45,24297.00,108334.00,-585793.00,489.90,256399.00,1557193.00,263499.00,247152.00,37048.00,1411573.00,249000.00,376625.00
2023-04-21,-0.20,-0.61,2.46,0.00,1.59,10.73,1.10,0.93,0.17,9.84,2.79,6.91,20.00,15.47,10.50,788.50,2258.00,0.00,1126.00,5362.00,902.20,809.40,240.79,144.67,22788.00,50324.00,-404664.00,0.00,239074.00,1479008.00,246543.00,201346.00,35754.00,1335049.00,280141.00,728638.00
2023-04-22,-0.17,-1.19,1.45,0.00,0.00,8.89,0.37,0.63,0.11,11.80,2.90,7.87,22.90,16.52,10.40,289.80,1553.00,0.00,0.00,4445.00,330.60,547.90,163.46,114.51,11351.00,51573.00,-146945.00,0.00,0.00,1076820.00,41769.00,124009.00,16432.00,1325849.00,160248.00,379064.00
2023-04-23,-0.22,-3.60,0.60,0.00,1.03,6.48,0.74,0.49,0.16,16.89,1.84,7.84,24.30,18.67,12.80,175.60,569.50,0.00,733.00,3068.00,653.70,430.00,137.71,75.11,-3501.00,-14694.00,-87788.00,0.00,52924.00,455003.00,56612.00,91520.00,23796.00,1085297.00,-5395.00,-159267.00
2023-04-24,-0.22,-2.58,4.14,0.02,1.62,4.98,0.35,0.62,0.18,15.17,2.86,7.66,27.40,21.18,14.40,1428.00,3885.00,28.31,1151.00,2361.00,301.90,537.70,130.89,102.06,7271.00,74523.00,-614106.00,5994.00,166915.00,706477.00,39011.00,159792.00,36030.00,970934.00,78871.00,194508.00
2023-04-25,-0.22,-1.89,2.31,0.00,1.61,4.52,0.38,0.68,0.16,16.36,2.56,6.10,28.40,23.04,17.90,545.80,2278.00,0.00,1144.00,2141.00,329.90,597.60,130.13,80.65,6606.00,35378.00,-296004.00,0.00,139106.00,502216.00,35243.00,141972.00,28947.00,941716.00,94833.00,253059.00
2023-04-26,-0.43,-9.24,0.01,0.00,0.75,1.54,0.98,0.53,0.27,36.98,1.60,4.98,28.40,24.31,18.70,0.59,7.29,0.00,530.70,730.10,861.40,460.10,54.23,6.46,-8287.00,67609.00,0.00,0.00,1798.00,57652.00,-11886.00,7176.00,7391.00,266274.00,-41816.00,-184648.00
2023-04-27,-0.48,-1.57,4.25,0.03,0.00,6.61,2.53,0.76,0.47,14.38,2.59,7.30,22.20,18.76,15.90,1195.00,2798.00,44.89,0.00,3243.00,2368.00,659.90,182.20,137.73,7502.00,118677.00,-113072.00,16624.00,0.00,957453.00,536416.00,142185.00,98039.00,1468013.00,-3599.00,-124356.00
2023-04-28,-0.46,-2.12,1.00,0.00,0.71,8.99,0.20,0.91,0.32,19.78,1.09,5.10,18.10,15.71,12.10,312.20,935.10,0.00,503.70,4521.00,193.10,798.20,162.15,76.96,18086.00,64196.00,-153013.00,0.00,132479.00,977750.00,2779.00,183507.00,32365.00,964302.00,-26177.00,-47344.00
2023-04-29,-0.28,-0.34,5.08,0.07,2.00,12.78,0.69,1.64,0.28,3.52,1.61,6.34,17.10,12.79,9.80,2268.00,5166.00,106.70,1417.00,6325.00,688.90,1430.00,344.65,185.14,8876.00,20380.00,-911165.00,24969.00,376228.00,2366953.00,188934.00,494078.00,68239.00,474384.00,17880.00,-108097.00
2023-04-30,-0.35,-0.07,6.09,0.08,2.07,13.33,1.18,2.11,0.21,1.83,2.36,4.11,17.60,13.96,10.80,3016.00,6408.00,113.30,1464.00,6598.00,1075.00,1847.00,406.82,222.29,66102.00,14743.00,-1187478.00,31284.00,472261.00,3043122.00,367139.00,585770.00,62957.00,314318.00,229302.00,368239.00
2023-05-01,-0.33,-0.34,5.64,0.26,1.76,15.09,2.69,1.30,0.27,4.92,0.94,4.09,18.40,15.44,14.00,2735.00,5916.00,372.20,1248.00,7278.00,2572.00,1137.00,402.55,336.69,75714.00,51701.00,-937787.00,170139.00,559536.00,5366626.00,1358084.00,358283.00,138978.00,1517706.00,210093.00,915620.00
2023-05-02,-0.41,-3.33,1.57,0.04,1.53,9.18,0.48,0.54,0.25,20.78,2.07,5.07,18.70,16.14,14.00,464.90,1537.00,53.13,1088.00,4431.00,429.40,472.40,162.02,105.26,2943.00,11363.00,-201198.00,11446.00,154077.00,1355228.00,109090.00,84674.00,60561.00,1495320.00,11098.00,-91983.00
2023-05-03,-0.32,-4.24,2.48,0.04,1.55,4.74,1.15,0.83,0.23,25.68,1.60,5.08,17.30,15.08,10.90,971.60,2034.00,47.48,1098.00,2342.00,1053.00,728.20,128.81,88.88,9143.00,-40304.00,-365590.00,11524.00,121066.00,922403.00,132096.00,167751.00,45615.00,938073.00,19329.00,-30296.00
2023-05-04,-0.43,-0.01,6.58,0.21,2.85,15.64,4.54,1.65,0.36,1.72,2.33,2.92,16.10,13.58,9.60,3478.00,6432.00,278.80,2019.00,7472.00,4560.00,1442.00,489.44,1126.37,263839.00,41433.00,-1145285.00,885475.00,2182067.00,20261374.00,9517002.00,1545098.00,1261961.00,813980.00,1520039.00,1101408.00
2023-05-05,-0.25,-0.34,6.71,0.05,1.96,12.32,0.67,1.22,0.30,12.35,1.99,2.47,16.10,13.36,10.40,2244.00,5467.00,53.30,1387.00,6114.00,596.60,1065.00,276.49,153.31,22761.00,51893.00,-883207.00,8188.00,363411.00,2096888.00,128295.00,248607.00,61600.00,1629379.00,99909.00,115255.00
2023-05-06,-0.32,-3.04,5.01,0.00,1.91,8.77,0.88,1.30,0.18,15.02,1.82,5.57,14.80,10.58,6.10,1650.00,4518.00,0.00,1355.00,4281.00,682.00,1138.00,210.27,180.16,45813.00,522217.00,-779616.00,0.00,369270.00,1691908.00,168011.00,267396.00,36777.00,2601393.00,228844.00,725550.00
2023-05-07,-0.20,-1.04,10.18,0.01,1.66,6.66,1.18,0.88,0.17,10.68,2.47,5.86,15.90,9.63,4.90,3315.00,8422.00,7.81,1178.00,3155.00,878.00,771.50,202.58,141.68,4534.00,-29175.00,-1354865.00,1085.00,252314.00,1136947.00,178190.00,170538.00,29066.00,1090028.00,90026.00,84930.00
2023-05-08,-0.33,-0.03,11.24,0.01,1.95,9.64,3.28,1.58,0.18,8.95,2.31,4.06,15.10,10.45,6.00,4042.00,8811.00,11.52,1379.00,4568.00,2638.00,1385.00,312.41,167.89,40104.00,1754.00,-1501919.00,1398.00,363717.00,1609129.00,686088.00,352649.00,42113.00,1409703.00,252069.00,408014.00
2023-05-09,-0.31,-0.03,8.93,0.08,2.00,10.30,4.44,1.39,0.28,7.56,1.97,3.83,17.90,11.94,7.40,3282.00,7181.00,114.10,1420.00,4880.00,3862.00,1212.00,360.50,222.53,51788.00,8884.00,-1369223.00,29420.00,497846.00,2271454.00,1232077.00,376613.00,82353.00,1640528.00,300310.00,556966.00
2023-05-10,-0.32,-0.78,2.77,0.15,1.98,10.20,5.21,0.85,0.28,8.28,2.34,6.20,17.40,12.85,7.70,1002.00,2664.00,201.30,1405.00,4736.00,4671.00,739.70,331.15,336.53,54362.00,113657.00,-501001.00,172965.00,676237.00,3761496.00,2718429.00,439794.00,237110.00,1823636.00,448228.00,1296119.00
2023-05-11,-0.33,-2.69,3.97,0.02,1.54,8.08,3.13,0.62,0.23,15.25,2.10,6.36,19.10,14.69,10.50,2091.00,3043.00,27.82,1091.00,3826.00,2789.00,544.50,221.79,149.16,15857.00,36406.00,-701940.00,5037.00,264728.00,1305987.00,823194.00,163186.00,45972.00,1117468.00,107027.00,291025.00
2023-05-12,-0.32,-0.34,6.88,0.06,2.42,10.17,2.91,1.26,0.24,7.04,2.23,4.98,18.30,13.83,9.70,3204.00,5905.00,88.84,1711.00,4816.00,2340.00,1102.00,321.15,236.88,61303.00,80283.00,-1199068.00,15117.00,573368.00,2380365.00,752026.00,337039.00,68572.00,1710550.00,394433.00,860224.00
2023-05-13,-0.19,-0.83,4.84,0.00,0.72,5.86,1.07,0.31,0.16,14.10,2.50,5.79,21.40,15.55,8.10,1066.00,4878.00,0.00,507.90,2774.00,831.30,266.90,143.64,181.13,18620.00,22324.00,-918511.00,0.00,97833.00,1223636.00,217094.00,87131.00,41216.00,2329435.00,226853.00,465813.00
2023-05-14,-0.21,-0.36,4.29,0.00,0.18,7.30,1.50,0.61,0.13,10.98,2.25,6.27,25.10,17.43,11.40,1493.00,4166.00,0.00,127.60,3566.00,1288.00,530.70,188.73,162.80,17377.00,9346.00,-715211.00,0.00,7006.00,1423311.00,282157.00,149266.00,28532.00,1570538.00,120169.00,433647.00
2023-05-15,-0.26,0.00,11.28,0.00,0.00,11.38,1.19,1.13,0.18,4.03,2.24,6.37,23.10,14.54,7.50,4431.00,9002.00,7.24,0.00,5652.00,915.00,986.10,284.92,162.93,17769.00,-106.70,-1533033.00,889.60,0.00,1962814.00,219077.00,248791.00,38061.00,669927.00,115249.00,200365.00
2023-05-16,-0.27,-0.05,4.79,0.03,0.89,13.87,2.90,1.17,0.12,10.10,2.10,3.66,16.80,13.07,9.00,1490.00,3980.00,47.49,631.40,6777.00,2749.00,1019.00,322.21,210.19,40124.00,14239.00,-569631.00,8442.00,225599.00,2945421.00,754056.00,305361.00,27248.00,2029715.00,374654.00,630992.00
2023-05-17,-0.17,0.00,5.57,0.03,2.29,12.95,5.24,1.87,0.13,6.59,1.75,4.42,14.90,11.88,6.70,2526.00,5169.00,42.40,1625.00,6268.00,4729.00,1631.00,405.42,232.30,34618.00,36.27,-883332.00,8643.00,533137.00,3184254.00,1203931.00,452773.00,27720.00,1504086.00,252889.00,670199.00
2023-05-18,-0.26,-0.07,8.62,0.03,2.15,14.18,1.76,2.21,0.16,7.15,2.26,4.10,14.80,10.40,6.80,3882.00,8344.00,39.31,1520.00,6881.00,1555.00,1930.00,350.96,233.52,45257.00,9606.00,-1697922.00,8108.00,550169.00,3321289.00,527701.00,600734.00,42608.00,1451268.00,356495.00,649980.00
2023-05-19,-0.26,-0.03,9.91,0.03,2.79,14.35,2.25,2.25,0.25,5.36,2.08,3.71,16.00,11.41,6.30,4852.00,9317.00,42.66,1978.00,6959.00,2004.00,1962.00,391.45,256.51,44084.00,3100.00,-1834261.00,9570.00,723780.00,3766063.00,660663.00,612129.00,73665.00,1135925.00,319135.00,517149.00
2023-05-20,-0.28,-1.92,2.62,0.00,2.05,6.84,1.00,2.26,0.23,18.62,1.78,4.80,16.60,13.07,10.50,783.20,2211.00,2.71,1454.00,3367.00,924.20,1972.00,205.47,136.83,34861.00,230783.00,-251378.00,181.20,330383.00,1251138.00,102313.00,394923.00,38229.00,2127818.00,177801.00,435157.00
2023-05-21,-0.21,-0.61,5.00,0.00,2.08,5.29,1.02,1.21,0.13,17.43,1.22,4.49,17.50,14.11,10.40,2060.00,4298.00,0.00,1475.00,2567.00,831.20,1057.00,180.34,101.11,9130.00,-4728.00,-748007.00,0.00,337968.00,1171607.00,161015.00,300819.00,28427.00,366666.00,38085.00,185178.00
2023-05-22,-0.33,0.00,13.46,0.06,3.08,13.12,1.77,2.51,0.28,2.00,1.00,4.03,15.90,12.49,10.40,6304.00,11790.00,73.20,2182.00,6314.00,1452.00,2195.00,438.59,249.66,53157.00,0.00,-2129702.00,24058.00,843986.00,3347711.00,559065.00,754668.00,86276.00,490590.00,164611.00,609457.00
2023-05-23,-0.36,0.00,9.27,0.14,3.42,14.67,2.44,2.94,0.27,3.25,2.03,3.00,16.40,12.96,9.50,4559.00,8572.00,181.90,2424.00,6886.00,2116.00,2571.00,440.78,297.26,73186.00,0.00,-2050295.00,65481.00,1009903.00,4478559.00,886546.00,934578.00,101423.00,857894.00,444286.00,618061.00
2023-05-24,-0.37,-2.12,2.78,0.00,1.34,3.81,1.39,0.78,0.25,27.44,1.15,5.13,19.10,14.75,10.40,729.10,2414.00,0.00,951.70,1795.00,1121.00,679.50,110.12,43.93,9479.00,21777.00,-306951.00,0.00,105141.00,457492.00,53000.00,118791.00,19709.00,592470.00,-43509.00,-322081.00
2023-05-25,-0.40,-3.39,1.36,0.01,1.19,1.39,2.07,0.49,0.26,38.88,0.59,1.46,15.20,13.00,9.20,118.60,1072.00,11.24,840.30,633.60,1700.00,429.10,78.00,94.28,36212.00,-42942.00,-153236.00,1904.00,109862.00,163664.00,275467.00,74370.00,47898.00,2932434.00,102205.00,263373.00
2023-05-26,-0.28,-0.20,4.00,0.00,2.04,8.30,2.81,1.56,0.20,18.07,1.01,4.20,15.40,11.86,7.80,1298.00,3373.00,0.00,1442.00,3914.00,2216.00,1366.00,234.08,146.41,26997.00,8529.00,-591198.00,0.00,353320.00,1322515.00,537704.00,329332.00,35340.00,2127256.00,88837.00,399510.00
2023-05-27,-0.36,-1.90,4.02,0.00,0.04,6.81,0.82,0.49,0.27,22.85,1.18,3.90,16.00,13.17,10.40,765.80,3452.00,0.00,25.51,3224.00,752.20,429.90,121.93,77.50,15478.00,23740.00,-277617.00,0.00,6579.00,551468.00,50770.00,53277.00,28925.00,1632608.00,51349.00,157366.00
2023-05-28,-0.30,-3.18,1.97,0.00,0.57,1.95,1.18,0.51,0.17,29.82,1.09,3.43,17.50,14.70,12.50,312.60,1622.00,0.00,403.50,925.70,1027.00,449.40,72.44,63.76,1966.00,34977.00,-244303.00,0.00,6887.00,261195.00,131115.00,119147.00,28526.00,1374633.00,29979.00,78314.00
2023-05-29,-0.35,-0.97,2.48,0.03,1.08,9.64,1.60,0.90,0.22,20.51,1.29,3.14,17.70,14.93,12.70,710.90,2087.00,43.28,763.80,4665.00,1405.00,784.90,199.52,188.83,20691.00,-502.10,-204863.00,22969.00,275213.00,2405820.00,423062.00,211903.00,74002.00,2515195.00,106258.00,122645.00
2023-05-30,-0.32,0.00,5.02,0.08,2.06,14.05,4.03,0.97,0.29,8.79,1.10,2.67,16.80,14.94,13.60,2008.00,4013.00,108.50,1459.00,6699.00,3751.00,845.00,377.95,288.53,77982.00,226.70,-131070.00,25606.00,572879.00,4158514.00,1229147.00,308161.00,85882.00,2413960.00,240427.00,582432.00
2023-05-31,-0.39,-2.02,1.22,0.02,0.70,6.95,0.94,0.18,0.22,26.89,1.09,3.67,19.90,16.67,14.20,262.20,794.50,25.83,495.20,3425.00,778.70,153.30,120.02,67.02,11825.00,-14267.00,6680.00,5622.00,85080.00,728776.00,72056.00,28799.00,26499.00,1327215.00,-10317.00,20395.00
2023-06-01,-0.16,-0.37,3.20,0.00,2.10,12.40,5.43,1.90,0.11,10.08,1.20,2.85,18.30,15.48,12.80,1469.00,3101.00,5.44,1488.00,5864.00,4813.00,1663.00,383.43,212.39,33701.00,13973.00,-301871.00,1255.00,487499.00,2874687.00,1492466.00,480704.00,25962.00,1110722.00,343710.00,863081.00
2023-06-02,-0.35,-1.14,1.63,0.00,0.06,11.48,1.28,1.63,0.31,20.93,1.11,1.70,19.90,16.96,14.50,394.50,1697.00,5.18,43.07,5698.00,1102.00,1425.00,214.88,168.89,50837.00,110107.00,-221149.00,871.90,10622.00,1943188.00,256566.00,335850.00,65989.00,3218291.00,230571.00,354780.00
2023-06-03,-0.28,-2.76,0.89,0.01,0.00,8.72,0.76,0.23,0.18,19.37,1.96,4.80,25.00,19.88,14.90,182.30,867.50,7.47,0.00,4273.00,591.70,201.70,140.82,72.84,6821.00,107223.00,-96530.00,306.10,0.00,697407.00,72331.00,37385.00,24148.00,1210167.00,117074.00,345634.00
2023-06-04,-0.24,-3.60,0.58,0.00,0.97,0.02,1.02,0.00,0.23,32.13,0.74,2.63,22.00,19.34,17.70,40.27,498.30,0.00,684.20,11.59,929.20,0.00,43.06,27.07,-5436.00,38692.00,-50902.00,0.00,22082.00,71.45,46092.00,0.00,10115.00,791063.00,-22108.00,-5294.00
2023-06-05,-0.25,-0.60,9.71,0.00,0.23,4.36,1.32,0.12,0.19,20.65,0.73,2.25,19.70,17.09,15.10,1493.00,6904.00,0.00,160.00,2063.00,1135.00,101.30,115.95,67.92,9686.00,5550.00,-637947.00,0.00,3454.00,393336.00,117357.00,16619.00,20579.00,1091044.00,56503.00,150397.00
2023-06-06,-0.94,-5.38,1.92,0.00,1.11,2.71,0.82,0.79,0.64,29.23,1.53,5.26,23.50,18.67,14.70,138.90,1325.00,0.00,789.30,1241.00,769.80,689.60,82.92,32.01,13126.00,127457.00,-99603.00,0.00,43838.00,113672.00,45730.00,41179.00,24471.00,790944.00,30448.00,30473.00
2023-06-07,-0.46,-3.84,0.53,0.00,1.68,0.02,1.05,0.45,0.52,33.99,1.31,2.82,21.50,17.98,13.60,30.09,345.40,0.00,1189.00,10.87,1372.00,392.90,70.84,3.26,2242.00,-34042.00,-8092.00,0.00,5707.00,-402.90,2113.00,-960.70,145.20,62662.00,-4738.00,-3545.00
2023-06-08,-0.24,-2.36,1.90,0.00,0.99,0.18,0.73,0.00,0.19,33.26,1.86,4.06,17.10,14.27,12.30,71.38,1298.00,0.00,700.10,9.95,694.90,0.00,34.04,10.67,-5197.00,-48869.00,-57154.00,0.00,7461.00,3679.00,5540.00,0.00,2288.00,290172.00,-21920.00,-81592.00
2023-06-09,-0.18,-0.31,6.83,0.00,0.84,5.47,1.52,0.76,0.08,18.85,1.55,4.40,15.90,13.18,10.50,2288.00,4963.00,5.05,597.00,2549.00,1239.00,667.30,151.09,72.88,1639.00,-2509.00,-546622.00,783.40,113912.00,689506.00,171488.00,137491.00,10417.00,454219.00,18155.00,79114.00
2023-06-10,-0.37,0.00,15.72,0.01,0.05,8.82,1.88,1.15,0.33,3.34,1.74,4.26,16.40,11.94,9.40,5955.00,11968.00,16.89,35.40,4143.00,1681.00,1007.00,318.89,139.20,27952.00,0.00,-764174.00,2635.00,13812.00,1342728.00,303067.00,198508.00,62534.00,419830.00,50909.00,99374.00
2023-06-11,-0.19,-0.03,10.30,0.00,0.59,5.21,1.31,0.54,0.16,13.86,1.19,3.22,17.20,13.34,8.80,2047.00,9513.00,0.00,416.50,2466.00,1247.00,474.70,176.54,101.43,14180.00,2607.00,-810440.00,0.00,65560.00,579878.00,161347.00,91508.00,24875.00,1294929.00,90375.00,217446.00
2023-06-12,-0.27,-5.45,0.31,0.00,0.98,0.11,0.87,0.00,0.10,33.79,0.93,5.12,19.20,15.00,12.60,19.47,265.00,0.00,696.40,52.21,783.20,0.00,36.56,7.14,-8960.00,-65966.00,-17339.00,0.00,-1496.00,8650.00,6097.00,0.00,3498.00,160212.00,-37992.00,-305134.00
2023-06-13,-0.19,-5.65,0.45,0.00,1.16,1.55,1.76,0.70,0.19,36.64,1.43,4.18,16.10,13.55,11.60,39.61,297.40,0.31,821.00,719.90,1503.00,614.70,76.83,35.96,-722.30,116224.00,-17215.00,11.23,64367.00,158877.00,134334.00,93218.00,15259.00,1022144.00,-21238.00,-74472.00
2023-06-14,-0.29,-0.68,4.74,0.00,0.81,5.54,1.77,1.30,0.20,23.77,1.66,3.33,14.80,12.42,9.80,841.30,3250.00,0.00,574.00,2625.00,1532.00,1135.00,152.86,67.03,6866.00,43177.00,-241201.00,0.00,97594.00,484843.00,179759.00,171791.00,27737.00,1345197.00,64426.00,155831.00
2023-06-15,-0.32,-3.81,0.81,0.00,1.43,2.89,0.63,0.69,0.21,34.34,2.06,3.38,16.80,13.13,10.40,29.55,499.00,0.00,1012.00,1307.00,577.80,605.70,76.76,39.95,589.30,86925.00,-40380.00,0.00,86614.00,238054.00,27390.00,80679.00,18344.00,1138298.00,29667.00,43425.00
2023-06-16,-0.29,-5.56,0.03,0.00,1.08,0.02,1.25,0.00,0.12,37.90,0.70,5.58,18.70,13.90,10.50,2.25,15.36,0.00,764.70,11.54,1643.00,0.00,51.86,-35.38,-13019.00,-219183.00,853.90,0.00,-43596.00,-306.10,-52668.00,0.00,-4159.00,-1306170.00,-56513.00,-325660.00
2023-06-17,-0.16,-3.00,5.27,0.01,1.78,0.68,0.26,0.36,0.19,30.77,0.79,2.20,14.30,12.06,7.60,592.00,3420.00,9.56,1259.00,321.30,312.60,315.50,59.90,2.35,-6736.00,-155169.00,-197270.00,1023.00,-31473.00,62900.00,25274.00,41310.00,8609.00,-489440.00,-44413.00,-116388.00
2023-06-18,-0.27,-2.09,6.23,0.00,1.57,1.69,0.00,0.00,0.09,24.26,1.70,4.98,15.30,10.75,6.40,742.10,4525.00,0.00,1112.00,800.90,2.45,0.00,55.87,0.61,-5474.00,-101546.00,-106223.00,0.00,-19354.00,65151.00,-6.39,0.00,1367.00,-239910.00,-62225.00,-228644.00
2023-06-19,-0.15,-4.63,3.20,0.16,4.25,6.62,0.72,1.03,0.21,24.32,1.22,4.92,13.80,11.63,7.80,1783.00,2443.00,230.00,3011.00,3049.00,548.90,900.30,178.13,100.68,10717.00,61295.00,-452704.00,42793.00,682834.00,1121913.00,140219.00,209039.00,39238.00,721369.00,38209.00,159763.00
2023-06-20,-0.38,-3.43,6.11,0.12,6.78,13.73,2.79,1.71,0.21,9.71,1.11,3.76,15.10,10.86,7.50,2984.00,5387.00,162.80,4803.00,6405.00,2250.00,1493.00,378.66,196.67,58637.00,758867.00,-698668.00,42800.00,1520686.00,2700274.00,657097.00,406164.00,54316.00,1770774.00,163529.00,563349.00
2023-06-21,-0.24,-8.63,0.06,0.01,3.79,11.45,0.37,0.96,0.14,35.70,0.30,1.55,13.60,10.92,9.50,7.50,49.61,7.55,2689.00,5618.00,291.30,835.60,173.97,95.64,11813.00,736822.00,-5717.00,404.50,400905.00,1082749.00,46167.00,117162.00,14744.00,3275623.00,26433.00,131306.00
2023-06-22,-0.19,-2.32,0.64,0.00,2.70,8.85,0.53,0.58,0.20,34.82,0.74,0.83,11.30,10.21,8.30,81.99,482.80,4.69,1912.00,4163.00,428.00,506.10,142.42,114.01,19497.00,265613.00,-60761.00,620.60,314904.00,1042022.00,62710.00,67249.00,25587.00,3902405.00,112288.00,126911.00
2023-06-23,-0.31,-5.58,0.18,0.00,1.52,5.05,0.98,1.35,0.24,34.49,1.30,4.19,14.80,12.53,10.60,11.66,132.10,0.88,1081.00,2393.00,813.40,1177.00,111.27,102.20,24475.00,564652.00,-12134.00,115.60,170221.00,586082.00,128839.00,200593.00,31576.00,3318443.00,158712.00,373186.00
2023-06-24,-0.29,-5.26,0.45,0.00,1.00,0.32,0.88,0.00,0.10,40.00,1.08,3.49,13.50,11.73,10.10,23.63,284.80,1.91,711.40,153.80,852.00,0.03,36.67,-15.17,-8559.00,-106067.00,-1512.00,28.92,-17841.00,927.30,-12141.00,-2.15,-653.30,-613375.00,-38922.00,-211914.00
2023-06-25,-0.21,-3.35,1.14,0.00,0.99,0.00,0.78,0.00,0.17,36.61,1.13,3.34,14.50,12.04,9.50,47.24,726.80,0.00,704.70,0.00,736.00,0.00,33.48,-15.64,-5327.00,-135127.00,-37461.00,0.00,-21261.00,0.00,-11169.00,0.00,7373.00,-708225.00,-35786.00,-139550.00
2023-06-26,-0.35,-0.08,9.52,0.24,2.13,6.27,4.54,1.71,0.36,12.86,1.40,3.93,15.60,12.47,10.70,4397.00,7009.00,347.80,1511.00,2852.00,4454.00,1495.00,318.71,168.95,36049.00,-3142.00,-767072.00,78211.00,456773.00,1510121.00,1158350.00,441346.00,81364.00,551769.00,219916.00,561962.00
2023-06-27,-0.33,0.00,13.31,0.44,3.74,11.83,5.09,2.01,0.27,7.23,0.29,1.62,12.10,10.84,9.70,6405.00,10822.00,562.70,2649.00,5430.00,5058.00,1760.00,475.31,244.41,42294.00,0.00,-1150126.00,148532.00,1067434.00,3075868.00,1408219.00,523217.00,81453.00,1151652.00,87754.00,496654.00
2023-06-28,-0.40,-0.13,4.50,0.87,4.80,14.67,4.17,2.39,0.18,5.80,1.44,4.19,15.10,10.73,8.20,2505.00,4193.00,1177.00,3399.00,7055.00,3780.00,2087.00,454.36,497.59,101126.00,18721.00,-318380.00,565919.00,2252497.00,7516665.00,3158176.00,1548931.00,241135.00,2151085.00,354736.00,855874.00
2023-06-29,-0.24,-0.31,2.61,0.83,4.06,14.34,2.64,1.27,0.21,11.85,1.69,4.12,13.40,9.90,5.60,879.80,1787.00,1158.00,2876.00,6888.00,2576.00,1109.00,356.24,186.40,30220.00,-5179.00,-170528.00,333897.00,966529.00,2997761.00,556532.00,258305.00,60764.00,1727057.00,78053.00,201260.00
2023-06-30,-0.14,-0.03,7.41,0.00,1.38,12.36,0.49,1.16,0.15,15.14,1.15,3.04,15.00,12.12,10.00,2072.00,4820.00,0.00,979.00,6103.00,394.70,1012.00,243.42,74.55,4609.00,145.20,-595738.00,0.00,111489.00,893716.00,59407.00,135852.00,15082.00,968122.00,36172.00,93816.00
2023-07-01,-0.36,-0.01,10.33,0.00,3.11,9.52,1.47,1.88,0.27,5.69,1.15,4.38,15.00,11.28,7.30,3805.00,8117.00,0.00,2205.00,4508.00,1117.00,1642.00,344.84,125.46,26950.00,815.70,-1001142.00,0.00,458967.00,1171393.00,248917.00,305974.00,45525.00,646728.00,93151.00,313746.00
2023-07-02,-0.31,-0.26,8.06,0.00,3.74,10.53,1.03,1.58,0.15,10.22,1.35,3.18,13.20,9.58,6.00,3058.00,7300.00,0.00,2649.00,5052.00,740.60,1379.00,309.07,130.80,32713.00,14931.00,-970928.00,0.00,547776.00,1417559.00,178597.00,267983.00,30913.00,1062283.00,107817.00,305391.00
2023-07-03,-0.20,-0.01,10.52,0.03,4.78,15.68,2.56,2.29,0.23,6.22,0.47,2.20,12.90,9.81,6.50,5145.00,8871.00,45.92,3385.00,7440.00,2330.00,2004.00,441.18,222.55,45202.00,533.90,-2006112.00,12420.00,1152479.00,3527040.00,715708.00,603132.00,64236.00,841693.00,133360.00,595473.00
2023-07-04,-0.43,-0.33,7.83,0.00,4.20,13.77,0.97,2.09,0.44,8.90,1.38,4.49,14.50,10.74,7.70,3593.00,7292.00,0.50,2976.00,6792.00,743.40,1824.00,340.43,185.35,75296.00,52895.00,-1007577.00,99.62,857553.00,2624181.00,215834.00,455479.00,105937.00,1423819.00,280169.00,872244.00
2023-07-05,-0.31,-3.25,0.74,0.01,1.04,0.03,1.70,0.47,0.22,35.18,1.94,4.78,17.00,12.91,9.10,68.95,661.40,9.87,738.70,12.67,1493.00,412.40,58.78,72.24,15206.00,88708.00,-75003.00,1033.00,71826.00,2580.00,157943.00,53716.00,22453.00,2368517.00,92620.00,134134.00
2023-07-06,-0.31,-4.65,1.26,0.01,0.98,0.00,1.33,0.26,0.23,43.03,1.05,2.44,13.60,11.83,9.20,80.46,824.70,12.53,695.90,0.00,1147.00,227.50,42.22,18.73,-6287.00,-118342.00,-71741.00,507.90,10677.00,0.00,67880.00,28549.00,17053.00,511933.00,-28433.00,-51917.00
2023-07-07,-0.35,-3.35,0.81,0.00,0.98,0.00,0.72,0.00,0.21,37.63,1.50,4.94,15.10,12.25,8.80,28.40,550.60,2.82,696.90,0.00,684.40,0.00,30.10,-6.52,-11877.00,-55988.00,-30182.00,-85.24,-9772.00,0.00,-7092.00,0.00,8391.00,-279051.00,-44161.00,-196341.00
2023-07-08,-0.19,-3.68,0.37,0.00,0.98,0.00,0.72,0.00,0.11,37.82,0.73,3.73,14.50,12.56,10.70,12.43,204.70,0.00,697.30,0.00,683.90,0.00,31.33,-29.63,-9761.00,-147610.00,2743.00,0.00,-33459.00,0.00,-24281.00,0.00,-2554.00,-1149298.00,-39330.00,-235054.00
2023-07-09,-0.19,-1.60,5.85,0.00,0.58,3.14,1.25,0.55,0.24,25.07,0.76,3.12,14.60,12.58,11.60,1558.00,4044.00,2.42,409.80,1489.00,1010.00,481.00,97.75,38.58,5033.00,-44879.00,-304280.00,236.50,-12062.00,396380.00,85063.00,72210.00,25076.00,82105.00,-14535.00,-50851.00
2023-07-10,-0.47,0.00,13.99,0.01,1.72,8.34,1.93,0.00,0.28,12.22,1.24,3.21,16.80,13.39,11.80,3716.00,9782.00,7.52,1217.00,3952.00,1628.00,0.03,235.05,129.56,29014.00,0.00,-459109.00,2644.00,251089.00,1201577.00,344743.00,4.57,49012.00,1301436.00,60535.00,150942.00
2023-07-11,-0.29,-0.01,13.37,0.03,2.00,8.61,2.52,0.79,0.34,6.58,1.99,5.33,16.40,12.93,10.90,4840.00,10659.00,36.89,1416.00,4063.00,2022.00,693.40,291.98,160.07,15580.00,-178.60,-1165900.00,16950.00,363106.00,1501833.00,733579.00,217375.00,106857.00,708200.00,93080.00,181960.00
2023-07-12,-0.56,-0.54,12.46,0.01,1.33,8.06,1.74,0.75,0.42,10.23,2.32,5.86,16.10,12.31,8.90,3852.00,9171.00,18.52,943.40,3814.00,1503.00,652.00,225.58,122.89,27386.00,-10688.00,-754066.00,3457.00,153343.00,1065932.00,368740.00,180381.00,60030.00,947028.00,49991.00,130205.00
2023-07-13,-0.34,-0.73,4.65,0.00,0.71,1.62,1.16,0.00,0.19,29.24,1.25,6.08,16.00,12.28,8.80,446.10,2838.00,0.76,500.20,767.10,1073.00,0.03,58.18,-0.97,-6170.00,-47110.00,-56182.00,25.39,-9551.00,39449.00,4757.00,-0.90,5276.00,-176380.00,-64837.00,-475863.00
2023-07-14,-0.25,-3.09,2.04,0.00,0.78,0.71,0.76,0.19,0.14,33.02,1.07,6.01,17.40,13.22,9.70,129.80,1210.00,0.00,553.60,336.80,719.40,162.20,41.51,-5.63,-8016.00,-143506.00,-101529.00,0.00,-3778.00,-34982.00,-9251.00,13456.00,6124.00,-389959.00,-39436.00,-222794.00
2023-07-15,-0.17,-2.04,5.83,0.00,0.21,5.10,1.17,0.51,0.16,23.93,1.32,3.12,13.40,11.08,7.40,1047.00,4840.00,0.01,148.30,2415.00,972.30,449.80,112.19,51.31,2650.00,-30921.00,-400385.00,0.25,-3500.00,420759.00,70344.00,56381.00,12116.00,758373.00,46197.00,116347.00
2023-07-16,-0.22,-1.05,7.66,0.00,0.64,8.26,0.99,0.58,0.14,13.24,2.16,5.79,14.60,9.50,5.40,1998.00,6531.00,0.00,452.10,3914.00,783.20,506.60,177.84,83.22,3022.00,-35455.00,-689721.00,0.00,83744.00,720472.00,123836.00,98018.00,17887.00,842104.00,-11148.00,-45256.00
2023-07-17,-0.27,-0.02,12.30,0.00,0.77,8.71,3.34,1.34,0.27,8.71,2.24,6.20,16.20,9.57,3.50,4282.00,9958.00,3.00,542.90,3966.00,2921.00,1174.00,272.55,145.14,18596.00,-90.78,-1183233.00,464.50,156140.00,1350617.00,686259.00,277872.00,51677.00,991458.00,91494.00,210823.00
2023-07-18,-0.34,-0.02,11.29,0.02,0.83,7.18,3.63,1.15,0.27,14.42,2.19,4.32,15.00,8.81,3.20,3653.00,7751.00,31.96,589.80,3390.00,3091.00,1001.00,238.21,105.61,19457.00,-590.00,-712406.00,7140.00,136793.00,969367.00,474343.00,181846.00,47066.00,1067878.00,19199.00,28473.00
2023-07-19,-0.41,-4.70,1.90,0.00,0.14,5.76,1.83,1.02,0.29,30.62,1.92,5.83,16.80,12.01,6.40,338.40,1652.00,0.00,101.80,2729.00,1450.00,895.40,109.16,68.71,5044.00,167059.00,-134790.00,0.00,4583.00,459659.00,199209.00,146741.00,46017.00,1820992.00,18200.00,-84743.00
2023-07-20,-0.25,-4.12,3.40,0.00,1.15,3.13,0.95,0.78,0.14,34.19,0.81,3.67,15.00,12.88,10.40,511.90,2282.00,0.00,813.20,1483.00,793.80,682.20,84.15,22.84,-4602.00,-45757.00,-162142.00,0.00,31573.00,307610.00,43454.00,89311.00,10307.00,191741.00,486.50,35925.00
2023-07-21,-0.30,0.00,13.17,0.03,1.77,9.79,2.96,1.96,0.32,5.40,2.27,5.56,14.70,9.58,4.30,5633.00,10735.00,38.02,1254.00,4630.00,2546.00,1712.00,338.77,134.37,22525.00,0.00,-1361356.00,7788.00,249901.00,1285994.00,605613.00,359936.00,61073.00,493018.00,149291.00,312720.00
2023-07-22,-0.25,-2.31,4.60,0.00,1.51,7.07,1.38,0.86,0.22,22.45,1.62,3.51,14.50,10.16,8.70,1364.00,3946.00,0.00,1069.00,3348.00,1074.00,747.40,161.61,75.26,10400.00,98634.00,-309909.00,0.00,123573.00,631710.00,139479.00,94813.00,25552.00,1491802.00,40335.00,84020.00
2023-07-23,-0.27,-1.12,4.54,0.00,1.48,3.74,1.29,0.97,0.11,22.89,1.91,3.91,14.20,10.15,6.50,875.80,3921.00,0.00,1047.00,1770.00,1063.00,850.60,130.33,77.12,10711.00,44919.00,-330776.00,0.00,145962.00,500697.00,164342.00,141564.00,19451.00,1392036.00,61523.00,116189.00
2023-07-24,-0.27,0.00,16.13,0.00,1.79,10.01,2.96,1.50,0.21,5.96,1.28,3.32,14.10,10.90,6.80,6289.00,13779.00,1.59,1270.00,4741.00,2509.00,1313.00,363.71,163.75,32667.00,0.00,-1854500.00,364.70,322220.00,1615789.00,643702.00,325443.00,49721.00,846411.00,188666.00,474167.00
2023-07-25,-0.20,-0.14,6.91,0.12,2.13,8.39,2.42,1.28,0.23,11.10,2.34,5.55,16.40,12.30,8.20,2408.00,6249.00,149.30,1512.00,3952.00,1987.00,1121.00,259.81,151.50,16727.00,12921.00,-1035008.00,39774.00,393218.00,1329305.00,668002.00,304286.00,57303.00,1177944.00,145534.00,304177.00
2023-07-26,-0.29,-1.82,3.27,0.01,3.21,7.02,1.76,1.27,0.25,17.07,2.57,6.71,17.30,11.98,5.70,1163.00,2818.00,15.14,2273.00,3320.00,1346.00,1114.00,202.38,119.44,20658.00,148411.00,-482696.00,3675.00,533849.00,983948.00,360058.00,266584.00,57585.00,1422698.00,107694.00,239823.00
2023-07-27,-0.42,-3.79,0.92,0.00,1.26,0.11,1.15,0.45,0.19,40.13,0.58,2.15,19.00,15.16,10.80,46.58,569.80,0.00,891.30,52.45,1017.00,397.20,51.25,14.20,-1754.00,15132.00,-20489.00,0.00,26989.00,3088.00,32540.00,34224.00,8486.00,478416.00,-6678.00,-38729.00
2023-07-28,-0.22,-0.18,12.57,0.05,1.47,2.88,3.17,1.01,0.32,12.45,2.27,3.71,16.20,13.31,9.90,3881.00,8690.00,75.19,1040.00,1367.00,2828.00,880.20,226.46,80.63,5350.00,-4929.00,-740811.00,3789.00,155843.00,377143.00,331427.00,160727.00,39925.00,574503.00,90967.00,112391.00
2023-07-29,-0.41,-1.11,11.93,0.00,0.77,3.25,0.87,0.34,0.24,13.94,1.77,5.64,17.00,12.56,9.30,2418.00,8895.00,1.04,544.90,1539.00,798.40,294.60,118.52,55.90,-1141.00,-53692.00,-228009.00,95.17,14589.00,311390.00,62589.00,33419.00,20914.00,374588.00,-52303.00,-229533.00
2023-07-30,-0.19,-2.34,6.08,0.00,1.01,2.63,0.47,0.29,0.15,24.22,1.73,4.38,17.20,12.26,8.50,916.20,3980.00,0.00,718.40,1244.00,445.00,252.40,76.26,-2.71,-5887.00,-142476.00,-115344.00,0.00,-7046.00,137064.00,-19251.00,23228.00,7614.00,-502735.00,-92037.00,-242573.00
2023-07-31,-0.30,-0.01,9.91,0.00,0.00,6.78,1.33,0.87,0.18,16.80,2.20,4.06,15.40,13.16,10.90,2211.00,6310.00,1.14,0.00,3310.00,1136.00,761.60,161.70,48.09,3865.00,-322.00,-408333.00,88.86,0.00,407409.00,91297.00,87102.00,16483.00,534414.00,54596.00,109730.00
2023-08-01,-0.29,-0.04,7.73,0.20,1.75,13.78,2.85,2.16,0.38,5.15,2.27,4.22,15.30,11.97,8.50,3049.00,6215.00,279.20,1240.00,6575.00,2740.00,1885.00,388.37,539.74,67663.00,9446.00,-1021180.00,546181.00,878608.00,8007644.00,3476815.00,1716978.00,554312.00,1183030.00,642292.00,1139835.00
2023-08-02,-0.45,-1.82,1.00,0.00,0.05,8.11,1.20,0.84,0.30,22.02,1.58,7.11,19.20,14.50,10.00,229.50,862.70,1.95,33.13,3951.00,1081.00,733.40,140.73,48.91,-4575.00,20888.00,-59856.00,296.70,2519.00,519336.00,101287.00,102669.00,29057.00,912969.00,-54191.00,-388146.00
2023-08-03,-0.30,-2.67,1.17,0.00,0.98,0.00,0.72,0.00,0.13,31.14,0.50,6.93,24.40,19.06,14.20,84.68,687.00,0.75,695.70,0.00,686.80,0.00,34.24,-71.56,-26116.00,-146798.00,47899.00,-60.55,-81043.00,0.00,-59442.00,0.00,-10836.00,-2100382.00,-47037.00,-1030175.00
2023-08-04,-0.13,-1.84,0.68,0.00,1.24,5.64,1.20,0.03,0.08,26.87,0.56,4.72,22.20,14.35,9.00,131.90,444.30,0.34,879.40,2672.00,1019.00,23.80,113.89,-7.94,-3079.00,-80363.00,-1497.00,24.98,5268.00,14192.00,54741.00,1678.00,-442.50,-474632.00,-28936.00,-302152.00
2023-08-05,-0.41,0.00,4.48,0.01,2.34,8.19,2.91,1.07,0.32,12.90,2.04,4.25,14.60,10.19,6.60,1333.00,3865.00,11.67,1661.00,3880.00,2672.00,931.80,269.05,149.38,40932.00,0.00,-195823.00,1518.00,372547.00,1265523.00,454516.00,139520.00,68876.00,1764349.00,331920.00,728235.00
2023-08-06,-0.22,-0.48,4.44,0.00,1.23,9.24,0.84,0.80,0.20,14.11,2.39,5.21,14.50,10.58,6.60,1266.00,4068.00,0.00,871.30,4479.00,667.70,697.50,197.38,70.06,9820.00,-14501.00,-427427.00,0.00,95825.00,735292.00,67814.00,134213.00,30497.00,613676.00,102675.00,365024.00
2023-08-07,-0.40,-0.02,7.73,0.02,1.30,9.61,1.17,0.76,0.40,11.39,2.72,7.11,15.40,10.48,5.40,2402.00,6627.00,23.70,918.90,4627.00,1094.00,666.80,212.68,117.86,30754.00,902.10,-926027.00,5665.00,152769.00,1111291.00,268285.00,155736.00,45569.00,1074904.00,197151.00,478611.00
2023-08-08,-0.13,-0.44,6.91,0.06,1.28,7.31,2.00,0.62,0.10,12.81,2.89,7.60,17.80,10.87,3.90,1988.00,6107.00,82.34,904.30,3383.00,1535.00,544.70,186.06,139.24,13468.00,18520.00,-1016132.00,24202.00,164136.00,1179000.00,471014.00,127186.00,27797.00,1351032.00,157971.00,389436.00
2023-08-09,-0.63,-5.45,0.84,0.01,1.35,0.51,0.50,0.00,0.63,33.25,1.01,7.52,21.90,15.17,10.50,42.45,535.10,10.30,957.90,239.70,486.10,0.04,37.84,15.11,-23789.00,-131144.00,-11627.00,614.90,-11690.00,11622.00,14921.00,0.22,-3198.00,327033.00,-23640.00,-330329.00
2023-08-10,-0.74,-0.06,8.82,0.05,1.65,6.99,1.75,1.60,0.66,10.73,2.45,5.55,14.70,11.70,8.60,3375.00,7095.00,73.15,1166.00,3391.00,1807.00,1403.00,249.38,160.22,104927.00,2973.00,-748764.00,18664.00,324119.00,1590887.00,449742.00,325925.00,71833.00,704158.00,155267.00,493761.00
2023-08-11,-0.51,-0.43,6.83,0.41,1.46,13.96,3.87,1.32,0.40,3.90,2.56,5.74,15.30,11.56,8.90,3048.00,5876.00,562.30,1031.00,6509.00,3851.00,1156.00,389.91,1990.36,208111.00,71372.00,-446612.00,1878916.00,3108198.00,29706793.00,15595721.00,4175303.00,1364002.00,4887179.00,929888.00,2516048.00
2023-08-12,-0.42,0.00,5.56,0.34,1.41,13.36,2.35,2.14,0.26,9.42,1.30,2.33,14.30,11.97,10.30,2217.00,5027.00,467.20,998.10,6529.00,2431.00,1874.00,373.69,292.79,92299.00,3.82,-381039.00,131279.00,411544.00,4087070.00,740601.00,586299.00,94673.00,2540076.00,324402.00,530824.00
2023-08-13,-0.30,-0.14,4.74,0.35,1.87,14.79,2.10,1.89,0.17,9.21,0.53,2.58,14.70,12.59,10.10,2056.00,4487.00,479.10,1325.00,6986.00,2091.00,1655.00,374.22,244.93,46362.00,1924.00,-444368.00,122744.00,497608.00,3678936.00,695976.00,594180.00,45541.00,1527365.00,112990.00,592288.00
2023-08-14,-0.24,-0.07,4.00,0.24,1.74,14.58,1.98,2.35,0.23,6.58,1.87,6.31,15.70,11.07,6.90,1686.00,4000.00,331.00,1229.00,6649.00,2013.00,2058.00,342.41,244.37,47711.00,18295.00,-502403.00,77832.00,425164.00,3741850.00,558829.00,645364.00,62140.00,1482843.00,285949.00,963824.00
2023-08-15,-0.42,-1.10,1.91,0.10,1.47,11.64,1.85,0.96,0.36,12.97,2.73,8.00,17.60,11.87,4.20,763.30,1742.00,133.90,1043.00,5556.00,1567.00,836.50,228.03,295.17,30670.00,45099.00,-506481.00,243394.00,385796.00,4061047.00,1769334.00,540268.00,247953.00,1934884.00,61794.00,329131.00
2023-08-16,-0.41,-0.71,5.16,0.00,1.47,9.91,2.01,1.01,0.31,12.47,2.03,5.99,19.00,14.11,11.70,1733.00,4274.00,2.62,1039.00,4767.00,1670.00,884.10,237.59,116.02,24099.00,93975.00,-363436.00,416.80,192328.00,1496910.00,305156.00,178540.00,53754.00,1246788.00,843.90,-23863.00
2023-08-17,-0.41,-4.50,4.87,0.00,1.91,6.65,1.18,0.56,0.30,27.63,1.10,3.47,16.10,12.60,9.10,1724.00,3855.00,0.34,1351.00,3249.00,892.20,491.70,139.82,50.00,13021.00,39499.00,-92171.00,44.26,75613.00,527930.00,31278.00,56783.00,18335.00,778307.00,6739.00,-21274.00
2023-08-18,-0.29,-5.29,0.59,0.00,2.30,2.64,0.57,0.00,0.23,33.97,1.42,6.82,14.60,12.11,10.40,128.70,419.20,0.00,1628.00,1249.00,452.10,0.00,69.44,14.05,-12059.00,-99075.00,-56876.00,0.00,34529.00,171029.00,39984.00,0.00,12294.00,153587.00,-64475.00,-349203.00
2023-08-19,-0.36,-0.44,6.58,0.00,1.32,3.25,0.64,0.61,0.08,20.84,1.58,3.89,15.30,13.22,11.40,1635.00,5043.00,0.00,935.90,1538.00,491.50,532.50,108.60,29.69,-2601.00,-2253.00,-229319.00,0.00,-10489.00,245927.00,47230.00,69382.00,4178.00,194310.00,-16447.00,-64055.00
2023-08-20,-0.20,0.00,13.10,0.00,0.00,8.91,1.65,1.09,0.18,4.56,2.23,4.38,15.20,13.44,11.90,4761.00,11409.00,0.48,0.00,4118.00,1427.00,953.00,282.46,79.37,5816.00,-122.30,-731836.00,29.43,0.00,709068.00,274204.00,187028.00,18802.00,206897.00,-19682.00,-76344.00
2023-08-21,-0.33,-1.82,8.89,0.00,1.01,6.15,1.10,1.14,0.31,13.96,2.17,6.31,18.70,14.52,10.90,2862.00,7378.00,1.24,717.20,2913.00,926.10,997.90,172.78,69.03,9088.00,2373.00,-317702.00,176.80,39973.00,580448.00,92669.00,130954.00,35716.00,611831.00,-19050.00,-15254.00
2023-08-22,-1.18,-5.55,3.69,0.00,2.75,6.53,1.40,1.51,0.97,19.85,2.59,7.67,14.60,11.29,6.50,1679.00,3135.00,3.00,1946.00,3189.00,1116.00,1324.00,175.11,89.56,48715.00,75414.00,-388416.00,357.10,318476.00,842171.00,152210.00,162286.00,69468.00,919730.00,85368.00,236360.00
2023-08-23,-0.41,0.00,13.91,0.00,1.87,11.26,1.31,1.30,0.32,4.30,2.74,5.44,14.70,10.26,6.80,5499.00,11624.00,5.59,1322.00,5510.00,1112.00,1135.00,318.33,135.08,25128.00,0.00,-1171332.00,820.90,263647.00,1700238.00,239879.00,259488.00,52285.00,470508.00,134269.00,192493.00
2023-08-24,-1.02,-2.54,6.49,0.01,3.00,8.17,1.09,1.41,1.04,11.60,2.52,8.69,19.70,13.51,6.00,2234.00,5526.00,10.08,2127.00,3989.00,850.40,1232.00,218.76,86.69,10226.00,-67006.00,-566901.00,-183.20,243881.00,862752.00,128910.00,82632.00,43666.00,663401.00,-14069.00,-223121.00
2023-08-25,-0.98,-2.01,4.84,0.00,2.74,9.05,1.09,1.14,0.75,10.99,2.87,7.41,23.00,15.37,10.40,1454.00,3585.00,1.26,1944.00,4331.00,967.30,995.30,228.62,76.35,31021.00,15581.00,-251179.00,131.50,196260.00,755227.00,126653.00,117589.00,33477.00,719862.00,45255.00,53726.00
2023-08-26,-0.28,-2.74,3.13,0.00,1.67,7.76,0.71,0.38,0.13,14.01,1.99,8.12,20.20,13.96,8.20,920.80,2679.00,0.00,1183.00,3775.00,537.10,332.40,167.55,66.75,-2534.00,-64786.00,-264747.00,0.00,58257.00,607655.00,67139.00,42302.00,11240.00,663168.00,-8037.00,-234474.00
2023-08-27,-0.24,-0.78,9.97,0.00,1.47,8.81,0.50,0.94,0.17,4.61,2.56,6.61,16.80,12.50,8.40,3590.00,8644.00,0.00,1041.00,4257.00,399.70,822.80,254.00,81.79,4976.00,-13643.00,-729316.00,0.00,92847.00,791065.00,55227.00,123901.00,18174.00,336289.00,-2163.00,-13632.00
2023-08-28,-0.44,-0.88,9.37,0.00,1.84,12.14,1.20,1.44,0.31,2.23,3.34,8.22,21.30,13.13,6.30,4302.00,8555.00,0.00,1306.00,5840.00,1135.00,1258.00,310.56,145.31,39135.00,8462.00,-1156211.00,0.00,253466.00,1760087.00,223037.00,261840.00,61670.00,312541.00,158319.00,362789.00
2023-08-29,-0.31,-2.37,4.25,0.00,0.46,2.71,1.15,0.03,0.29,23.25,1.61,6.48,25.90,19.28,14.40,734.90,3389.00,3.44,327.60,1286.00,1064.00,30.58,75.33,42.56,-1002.00,-118317.00,-219418.00,318.00,-637.30,194898.00,59966.00,3003.00,17331.00,672871.00,-37684.00,-245275.00
2023-08-30,-0.54,-2.18,3.19,0.10,1.20,6.75,2.11,0.86,0.48,17.50,1.84,7.19,16.00,13.67,10.50,569.50,2446.00,152.80,852.70,3178.00,1814.00,753.50,177.45,455.32,29602.00,-14074.00,-135676.00,333503.00,107850.00,3091665.00,4081728.00,536466.00,452424.00,4633804.00,154298.00,285002.00
2023-08-31,-0.36,-0.41,7.02,0.01,1.45,9.87,1.71,0.79,0.38,10.50,2.51,6.47,15.70,12.45,9.80,2531.00,5119.00,18.02,1027.00,4948.00,1623.00,691.00,246.47,80.26,8488.00,785.30,-436348.00,4322.00,122354.00,790503.00,242328.00,104898.00,43767.00,671305.00,67387.00,178997.00
2023-09-01,-0.43,0.00,10.34,0.00,1.75,12.24,1.45,1.11,0.28,2.97,2.97,6.11,16.70,12.60,10.20,4004.00,9156.00,0.00,1237.00,5904.00,1092.00,968.20,318.61,128.78,24859.00,0.00,-875343.00,0.00,263323.00,1635341.00,288705.00,215289.00,49621.00,433248.00,153641.00,280062.00
2023-09-02,-0.24,-1.08,4.67,0.00,1.45,6.03,1.50,0.74,0.17,9.59,2.89,8.84,21.50,14.55,6.40,1252.00,4393.00,0.16,1030.00,2755.00,1247.00,650.30,181.98,104.72,4180.00,-35661.00,-497350.00,18.68,155707.00,767873.00,195733.00,130275.00,26618.00,859568.00,6004.00,-101657.00
2023-09-03,-0.25,-4.64,0.05,0.00,1.00,0.58,0.72,0.00,0.05,26.07,0.93,9.38,23.90,19.67,14.40,2.12,37.68,4.47,711.70,275.40,682.00,0.00,43.20,1.53,-39363.00,-265271.00,-1027.00,210.30,-45830.00,31396.00,-34303.00,0.00,865.10,-150509.00,-56736.00,-1895046.00
2023-09-04,-0.36,-3.66,3.20,0.02,0.59,3.41,1.99,0.90,0.38,22.10,1.21,7.88,21.40,14.61,10.50,1226.00,2397.00,26.43,421.20,1500.00,1665.00,786.60,114.32,60.24,-10929.00,-136572.00,-340151.00,3671.00,-7416.00,574742.00,240941.00,181995.00,29663.00,15772.00,-26775.00,-314799.00
2023-09-05,-0.38,-3.76,3.59,0.00,0.83,8.87,0.84,1.05,0.31,14.30,2.76,9.12,16.10,12.39,9.20,1483.00,2884.00,0.00,585.60,4156.00,671.40,916.20,166.25,75.22,-5417.00,-35050.00,-425298.00,0.04,134096.00,782386.00,70798.00,190719.00,22205.00,460026.00,-78139.00,-278920.00
2023-09-06,-0.42,-3.67,3.16,0.01,1.03,2.68,1.14,0.19,0.21,22.49,1.86,9.71,23.50,17.16,9.80,636.60,2468.00,13.84,733.30,1313.00,901.50,163.90,79.49,16.30,-22727.00,-296782.00,-104172.00,1621.00,2933.00,60592.00,21192.00,15698.00,8932.00,-70768.00,-111511.00,-1036776.00
2023-09-07,-0.24,-1.15,2.55,0.02,1.02,1.38,1.42,0.00,0.19,28.91,1.07,5.64,20.80,13.37,8.70,187.10,1544.00,26.95,724.10,653.20,1121.00,0.00,63.68,-22.77,-9638.00,-98356.00,71369.00,-133.90,-27815.00,-34859.00,-30466.00,0.00,-3499.00,-682786.00,-75467.00,-349199.00
2023-09-08,-0.38,-2.10,3.66,0.03,1.21,2.69,1.19,0.82,0.26,26.20,1.71,7.57,12.90,10.32,6.20,993.10,2461.00,36.15,856.00,1276.00,1069.00,720.20,94.95,58.86,-14424.00,-32142.00,-222634.00,9010.00,65436.00,314675.00,69211.00,91488.00,28044.00,1107335.00,9886.00,-330176.00
2023-09-09,-0.35,-0.29,9.44,0.00,1.34,6.58,1.85,0.82,0.34,7.46,3.18,8.13,15.00,9.47,3.80,3132.00,7116.00,0.00,949.40,3111.00,1791.00,714.30,221.21,83.59,2592.00,-829.30,-363142.00,0.00,108471.00,696589.00,191497.00,118256.00,40646.00,620443.00,-76041.00,-263599.00
2023-09-10,-0.24,-1.84,4.91,0.00,1.66,6.15,0.58,0.66,0.10,9.34,3.61,9.42,19.00,12.24,4.60,1335.00,4541.00,0.00,1174.00,2849.00,466.10,575.40,160.66,74.40,3980.00,7162.00,-358176.00,0.00,140847.00,518334.00,61785.00,94022.00,12536.00,580710.00,44860.00,179907.00
2023-09-11,-0.34,-2.01,3.92,0.00,1.33,7.90,1.30,0.83,0.28,8.95,3.77,9.81,21.70,16.02,10.40,1367.00,3563.00,1.04,943.40,3628.00,972.80,727.20,183.55,115.28,12227.00,46334.00,-470413.00,106.90,165695.00,934821.00,248173.00,167226.00,36682.00,787814.00,148480.00,398893.00
2023-09-12,-0.33,-0.45,7.45,0.00,1.14,6.73,1.22,0.54,0.13,6.69,2.74,9.60,23.50,17.45,10.90,2618.00,6269.00,0.00,807.60,3112.00,993.60,471.00,187.03,105.82,11155.00,-25541.00,-676976.00,0.00,93999.00,874281.00,152574.00,91492.00,14927.00,535876.00,-75985.00,-401744.00
2023-09-13,-1.14,-2.74,5.50,0.00,1.44,6.07,0.69,0.48,0.93,10.65,3.44,9.41,27.20,18.86,9.60,1575.00,5014.00,0.96,1018.00,2786.00,564.80,420.40,144.67,101.96,51630.00,2299.00,-473919.00,148.40,141624.00,792071.00,59020.00,65160.00,48045.00,786186.00,26565.00,30813.00
2023-09-14,-0.94,-8.76,0.96,0.00,1.00,0.50,0.68,0.00,0.80,32.74,1.11,8.39,28.80,22.48,13.50,90.31,525.40,0.54,705.70,235.40,645.50,0.00,35.11,-14.14,-40733.00,-254444.00,-9994.00,0.49,-21683.00,11124.00,-15883.00,0.00,-32224.00,-571744.00,-43733.00,-449952.00
2023-09-15,-0.56,-1.70,8.73,0.00,0.94,6.03,0.92,0.46,0.33,6.50,2.58,10.06,20.80,15.34,11.40,2932.00,6436.00,0.67,666.80,2818.00,822.00,405.80,169.35,82.56,19166.00,-92107.00,-432640.00,30.31,86052.00,614045.00,96904.00,52131.00,36989.00,171367.00,-29902.00,-350515.00
2023-09-16,-0.67,-0.78,8.54,0.00,1.26,5.21,0.44,0.00,0.65,5.81,1.39,10.15,24.50,16.21,8.00,2355.00,5619.00,6.42,891.30,2468.00,425.20,0.00,152.16,42.48,-23606.00,-49260.00,-21791.00,957.50,49130.00,322179.00,6405.00,0.00,17209.00,105221.00,-63884.00,-597320.00
2023-09-17,-0.47,-6.14,4.11,0.00,1.14,4.74,0.33,0.00,0.36,18.04,1.16,9.02,30.50,20.58,10.00,1173.00,3130.00,0.77,808.10,2243.00,300.20,0.00,96.35,27.58,-11904.00,12189.00,-26483.00,7.99,12966.00,190867.00,-7185.00,0.00,23180.00,367187.00,-31631.00,-515622.00
2023-09-18,-1.04,-6.58,1.82,0.00,1.15,4.71,1.01,0.59,0.96,22.82,2.32,7.21,24.70,18.97,15.10,626.60,1519.00,0.61,814.00,2130.00,748.20,516.90,103.27,66.06,20374.00,54240.00,-226164.00,58.93,82055.00,525557.00,169041.00,37362.00,77162.00,681673.00,102090.00,260699.00
2023-09-19,-0.62,-2.57,6.92,0.03,1.72,3.21,0.15,0.08,0.43,13.82,2.06,9.60,20.90,16.88,13.00,1710.00,4682.00,52.08,1221.00,1489.00,143.80,65.98,95.51,70.55,-16301.00,-132607.00,-71850.00,7244.00,69611.00,394897.00,27715.00,15832.00,39069.00,428555.00,-80495.00,-424120.00
2023-09-20,-0.66,-4.35,1.04,0.00,1.97,0.00,0.11,0.00,0.54,28.90,1.23,7.46,17.40,14.87,13.40,59.05,783.00,4.09,1397.00,0.00,96.94,0.00,37.26,-3.02,-26950.00,-158112.00,-48414.00,301.30,-25048.00,0.00,5473.00,0.00,12699.00,-319756.00,-23513.00,-311193.00
2023-09-21,-0.56,-0.88,3.47,0.02,1.65,1.98,1.53,0.00,0.43,15.57,3.36,9.06,17.80,14.19,11.00,601.60,2813.00,24.80,1167.00,831.60,1332.00,0.00,99.85,86.06,10150.00,10614.00,-338413.00,4606.00,131691.00,363144.00,266854.00,0.00,96921.00,980148.00,92130.00,251838.00
2023-09-22,-0.51,-2.24,2.33,0.00,1.13,3.23,2.22,0.29,0.35,14.13,4.02,10.74,20.40,14.35,7.40,565.80,1837.00,0.41,797.90,1504.00,1985.00,256.90,125.81,69.94,15810.00,22477.00,-205188.00,17.59,65378.00,258378.00,163276.00,31930.00,34355.00,934883.00,87196.00,183370.00
2023-09-23,-0.50,-1.47,3.46,0.00,1.13,1.71,0.90,0.30,0.41,13.71,2.23,10.77,23.00,17.90,13.30,586.40,2946.00,0.62,797.50,810.10,817.50,258.40,86.16,57.53,-13093.00,-93633.00,-237196.00,17.49,14880.00,138903.00,41892.00,30821.00,29448.00,702802.00,-43871.00,-703502.00
2023-09-24,-0.58,-1.24,3.08,0.01,0.99,1.91,1.21,0.47,0.39,14.66,1.26,10.63,27.50,21.18,11.60,614.50,2559.00,9.21,698.00,878.30,1109.00,409.10,98.47,95.61,-1036.00,-77903.00,-182905.00,5330.00,44832.00,311497.00,125500.00,55903.00,42729.00,808364.00,-25058.00,-643902.00
2023-09-25,-0.52,-2.80,4.65,0.02,0.99,3.51,2.43,0.33,0.39,12.31,3.84,10.28,23.20,16.69,11.10,1562.00,3602.00,26.14,698.20,1583.00,2295.00,286.10,143.42,94.50,5838.00,-44703.00,-251691.00,3734.00,70114.00,427329.00,272936.00,40407.00,45404.00,827595.00,-866.10,-47780.00
2023-09-26,-0.52,-2.09,6.37,0.02,1.21,3.92,3.17,0.59,0.44,8.66,3.23,10.81,20.00,14.45,7.60,2611.00,5512.00,27.54,857.20,1812.00,3047.00,516.60,195.34,104.41,12058.00,4156.00,-447990.00,2596.00,116360.00,460169.00,347881.00,84481.00,55779.00,840554.00,57296.00,135063.00
2023-09-27,-0.52,-3.07,2.96,0.00,1.22,3.60,1.87,0.16,0.38,17.40,3.39,9.11,18.40,14.43,11.00,766.10,2502.00,1.53,863.30,1704.00,1833.00,141.60,122.39,59.15,-6299.00,-94928.00,-184334.00,53.27,59503.00,275753.00,122284.00,17252.00,33122.00,856990.00,-40326.00,-205310.00
2023-09-28,-0.55,-1.28,4.78,0.00,1.25,3.44,2.35,0.42,0.43,11.97,2.81,10.89,22.20,15.54,7.10,1601.00,4064.00,3.32,888.40,1629.00,2124.00,362.90,149.15,76.87,2402.00,-47516.00,-426854.00,45.54,84355.00,325481.00,230779.00,65825.00,59057.00,634293.00,5940.00,-212086.00
2023-09-29,-0.55,-0.03,7.45,0.05,1.22,3.94,1.88,0.46,0.36,9.93,1.70,10.87,28.70,20.60,10.50,2269.00,5961.00,74.94,861.50,1748.00,1761.00,399.80,159.29,65.58,-15895.00,-1739.00,-323086.00,6700.00,62338.00,440681.00,191337.00,65493.00,40995.00,384106.00,-15475.00,-429321.00
2023-09-30,-0.55,-3.62,3.45,0.01,1.00,0.61,1.12,0.00,0.38,21.87,1.01,11.09,31.10,23.22,12.10,487.90,2376.00,8.35,706.80,278.10,990.00,0.00,53.48,22.89,-33705.00,-228424.00,-120244.00,1090.00,3077.00,42020.00,39016.00,0.00,29136.00,-38642.00,-23209.00,-718876.00
2023-10-01,-0.46,-1.87,2.86,0.00,0.99,2.52,0.52,0.00,0.34,16.61,0.83,10.33,23.60,16.51,12.20,295.50,1839.00,0.88,699.40,1194.00,493.50,0.00,74.31,-7.39,-28329.00,-31882.00,58830.00,-9.23,-22243.00,109527.00,-26063.00,0.00,8692.00,-190506.00,-26257.00,-551243.00
2023-10-02,-0.51,-4.77,0.25,0.00,0.99,2.45,0.52,0.00,0.40,23.63,0.83,10.86,31.00,21.29,9.80,19.65,184.60,1.31,701.10,1162.00,490.60,0.00,59.35,17.65,-34826.00,-145311.00,-4578.00,-4.32,-1396.00,99592.00,-9277.00,0.00,13434.00,194276.00,-19345.00,-700770.00
2023-10-03,-0.40,-3.14,2.87,0.00,1.15,3.34,1.98,0.00,0.27,19.32,1.47,8.03,19.40,15.35,10.50,609.50,2055.00,0.67,812.70,1583.00,1613.00,0.00,112.76,53.88,14843.00,174640.00,-129876.00,36.47,62571.00,267103.00,118783.00,0.00,18450.00,969054.00,55435.00,322610.00
2023-10-04,-0.50,-3.55,3.60,0.00,1.08,4.64,0.50,0.00,0.18,19.38,1.35,9.75,15.50,11.99,8.20,754.00,2910.00,0.10,769.10,2197.00,509.80,0.00,94.26,47.65,-29834.00,-150519.00,-248540.00,-0.83,38523.00,331316.00,-7010.00,0.00,9038.00,507189.00,-7089.00,-435612.00
2023-10-05,-0.21,-0.07,9.26,0.00,1.20,4.22,0.73,0.00,0.12,15.38,3.11,4.86,16.30,13.70,11.30,1581.00,6378.00,0.25,852.30,1998.00,641.20,0.00,117.90,30.23,-4833.00,1252.00,-248965.00,5.24,39559.00,252842.00,24338.00,0.00,3267.00,423529.00,-37950.00,-56114.00
2023-10-06,-0.31,-2.29,5.27,0.01,0.75,4.48,0.91,0.08,0.19,13.71,3.82,9.75,17.80,13.88,9.80,1309.00,4285.00,8.60,530.80,2124.00,822.10,71.05,105.55,48.46,-2174.00,-14535.00,-285906.00,33.18,24469.00,265591.00,42799.00,6748.00,12080.00,593032.00,3729.00,-6856.00
2023-10-07,-0.19,-4.98,0.22,0.00,0.32,2.79,0.72,0.00,0.23,20.73,3.52,10.57,18.40,13.99,10.70,23.73,195.50,0.47,228.00,1323.00,684.10,2.98,57.56,40.68,997.90,51568.00,-15547.00,9.66,330.30,131228.00,22397.00,0.63,13271.00,797279.00,30295.00,91627.00
2023-10-08,-0.37,-3.42,2.42,0.00,0.35,3.38,0.74,0.30,0.24,13.75,3.90,11.08,20.50,15.45,8.60,396.60,2348.00,0.49,246.10,1600.00,684.50,263.00,82.82,53.52,-3601.00,-29898.00,-148757.00,11.28,-2223.00,203838.00,32248.00,30564.00,18739.00,676559.00,811.10,-39897.00
2023-10-09,-0.42,-2.62,1.26,0.00,0.30,4.40,0.82,0.28,0.31,16.65,3.40,11.54,24.40,16.55,9.50,205.90,1223.00,0.41,215.70,2086.00,726.30,248.70,86.87,56.44,-1708.00,25323.00,-78052.00,14.92,507.40,278394.00,47536.00,25549.00,28999.00,901103.00,51602.00,91162.00
2023-10-10,-0.42,-0.83,4.87,0.00,0.78,4.78,1.21,0.31,0.38,10.50,2.97,11.51,26.60,18.11,8.90,1671.00,4398.00,2.67,556.00,2262.00,1121.00,270.60,129.89,83.41,15912.00,20656.00,-395219.00,251.20,65055.00,476259.00,105563.00,43764.00,50798.00,682392.00,113200.00,458404.00
2023-10-11,-0.42,-5.69,3.04,0.00,1.48,0.50,0.86,0.00,0.27,28.23,1.20,10.74,32.00,23.10,15.70,333.20,2431.00,2.91,1047.00,237.90,687.50,0.00,45.64,17.10,-12032.00,-210190.00,-98240.00,26.46,8445.00,37125.00,10705.00,0.00,9571.00,140348.00,-33818.00,-468159.00
2023-10-12,-0.48,-7.84,0.85,0.01,1.98,0.00,0.00,0.00,0.31,31.83,1.34,10.22,18.00,15.02,10.10,38.21,602.30,11.05,1401.00,1.99,2.26,0.00,31.00,-1.53,-18180.00,-311735.00,-21340.00,-171.60,-28469.00,-80.34,-35.64,0.00,9054.00,-292044.00,-74999.00,-630604.00
2023-10-13,-0.38,-2.34,3.73,0.00,1.42,2.17,0.08,0.00,0.30,20.66,3.56,7.59,17.70,14.61,13.20,342.80,2723.00,0.48,1009.00,1028.00,65.94,0.00,58.78,11.40,-4920.00,-68738.00,-63309.00,-4.67,-986.80,52207.00,1579.00,0.00,9089.00,198892.00,-81479.00,-187843.00
2023-10-14,-0.38,-1.02,5.79,0.00,1.35,1.35,0.47,0.00,0.26,16.82,1.96,7.89,18.60,14.92,13.30,593.90,4247.00,0.33,959.40,640.90,374.40,0.00,65.61,3.20,-20262.00,-61535.00,-90056.00,-6.52,-28741.00,50381.00,2171.00,0.00,9719.00,-51468.00,-90382.00,-451262.00
2023-10-15,-0.15,-3.48,5.27,0.00,1.64,1.42,0.13,0.00,0.12,18.75,3.02,7.37,17.50,14.52,12.00,824.00,5146.00,0.33,1159.00,671.20,100.40,0.00,59.53,36.66,-1592.00,-31282.00,-217968.00,5.11,35546.00,64962.00,13439.00,0.00,8587.00,579229.00,-32006.00,-150321.00
2023-10-16,-0.53,-4.36,1.05,0.00,1.66,1.29,0.00,0.00,0.34,27.42,3.22,8.67,17.50,13.78,8.80,84.42,760.80,0.08,1176.00,611.80,2.26,0.00,42.02,5.23,-20567.00,-128931.00,-51981.00,2.17,-20519.00,61319.00,-9.07,0.00,14188.00,29999.00,-123076.00,-357058.00
2023-10-17,-0.34,-4.34,3.91,0.00,1.34,2.79,0.32,0.10,0.23,16.94,4.13,12.13,19.60,13.70,6.20,704.00,3356.00,0.35,948.50,1321.00,252.60,83.66,68.64,53.23,7441.00,28554.00,-271320.00,13.89,41577.00,177971.00,25661.00,10745.00,19150.00,729782.00,56903.00,126352.00
2023-10-18,-0.35,-1.51,6.22,0.00,1.55,4.37,0.36,0.31,0.29,9.47,4.18,12.13,26.30,19.52,8.80,1358.00,5481.00,0.88,1101.00,2013.00,326.20,272.60,113.69,86.11,12991.00,12065.00,-541466.00,68.12,117896.00,517540.00,57096.00,76269.00,51629.00,609918.00,132580.00,403666.00
2023-10-19,-0.47,-1.13,7.66,0.02,0.98,6.79,1.18,0.18,0.28,6.96,4.20,12.14,31.20,23.68,13.10,2588.00,6495.00,20.04,695.50,3256.00,1197.00,155.50,162.61,89.48,14382.00,8949.00,-697921.00,1633.00,71379.00,706335.00,187468.00,36161.00,33762.00,373332.00,148984.00,417682.00
2023-10-20,-0.44,-5.82,2.67,0.00,0.64,1.65,0.85,0.00,0.38,25.88,2.81,10.04,24.50,20.69,15.60,417.00,2141.00,0.54,452.40,871.90,784.10,0.00,49.93,35.72,-5674.00,-33246.00,-132644.00,9.98,10462.00,85381.00,25503.00,0.00,13629.00,721800.00,606.00,-130347.00
2023-10-21,-0.56,-7.98,0.04,0.00,0.99,0.00,0.72,0.00,0.25,30.93,0.83,9.93,17.70,14.83,12.70,2.07,25.89,0.20,699.60,0.00,684.00,0.00,31.71,-14.30,-36979.00,-344104.00,-344.70,-9.33,-32069.00,0.00,-23277.00,0.00,-3288.00,-620170.00,-51648.00,-865783.00
2023-10-22,-0.31,-2.54,2.89,0.00,0.99,2.19,0.47,0.00,0.29,18.42,1.41,10.08,17.50,13.85,9.30,462.30,1729.00,0.46,698.40,1039.00,448.90,0.00,64.60,1.82,-11780.00,-129695.00,-85385.00,-6.18,-12618.00,99960.00,-16441.00,0.00,7855.00,-223991.00,-52802.00,-463425.00
2023-10-23,-0.51,-5.02,4.65,0.00,1.21,3.74,0.37,0.14,0.35,18.13,3.33,11.49,25.40,17.11,6.30,1363.00,3459.00,0.90,854.90,1772.00,336.50,123.10,79.67,21.34,-16235.00,-94911.00,-234139.00,4.78,20485.00,180800.00,3409.00,9330.00,22532.00,-96358.00,12753.00,-132127.00
2023-10-24,-0.38,-5.08,0.40,0.00,1.25,0.14,0.51,0.00,0.19,30.26,0.61,10.60,22.80,16.22,11.60,17.88,206.90,0.39,886.50,67.19,481.10,0.27,32.96,-38.82,-26242.00,-316359.00,6022.00,-17.00,-65745.00,-7982.00,-18402.00,-28.10,-2784.00,-1283498.00,-35333.00,-743888.00
2023-10-25,-0.45,-4.37,1.32,0.00,0.99,0.18,0.71,0.00,0.49,28.40,1.22,10.97,14.80,11.74,6.90,64.28,922.30,0.00,699.80,84.63,666.10,0.00,33.77,15.06,-19701.00,-149552.00,-29780.00,0.00,596.60,8700.00,941.90,0.00,21776.00,259043.00,-48414.00,-556077.00
2023-10-26,-0.51,-3.80,0.65,0.00,0.66,3.87,0.36,0.12,0.35,23.23,3.41,10.69,18.10,11.82,5.40,75.18,494.20,5.51,467.60,1835.00,335.00,101.70,64.28,24.76,-11815.00,-92887.00,-36071.00,-184.20,1154.00,167579.00,-5800.00,8036.00,18961.00,496662.00,-103610.00,-402081.00
2023-10-27,-0.47,-2.56,1.56,0.05,0.00,7.12,1.70,0.72,0.38,13.97,1.92,12.64,23.90,17.03,9.70,577.80,1252.00,77.98,0.00,3358.00,1532.00,628.90,145.40,64.80,-13801.00,-56585.00,-105135.00,12816.00,0.00,455284.00,220772.00,121639.00,46862.00,506389.00,-1161.00,-371567.00
2023-10-28,-0.44,-5.06,2.61,0.00,0.88,3.00,0.39,0.05,0.31,20.45,1.13,12.33,28.00,19.52,11.20,437.30,2069.00,1.05,622.40,1424.00,379.20,42.39,64.05,5.90,-28772.00,-289140.00,-145836.00,-35.99,-15576.00,126805.00,-20448.00,6865.00,13290.00,-384281.00,-60627.00,-936625.00
2023-10-29,-0.53,-0.94,4.84,0.03,1.13,4.39,0.99,0.04,0.34,10.51,1.02,11.74,19.80,14.25,8.30,1370.00,4707.00,44.37,800.10,2066.00,968.90,37.51,129.75,69.15,-88208.00,-125895.00,-334832.00,13903.00,10388.00,360982.00,109882.00,7035.00,59145.00,359809.00,8573.00,-1420502.00
2023-10-30,-0.51,-3.26,4.34,0.00,1.34,5.11,0.00,0.00,0.17,18.39,1.08,10.96,19.30,15.64,12.10,1047.00,3855.00,0.55,951.80,2419.00,2.26,0.00,91.05,-9.04,-38070.00,-183580.00,-186121.00,-34.12,-26955.00,-27347.00,-50.16,0.00,-4718.00,-562976.00,-49229.00,-624362.00
2023-10-31,-0.28,-2.65,4.26,0.00,1.11,4.76,0.35,0.58,0.40,16.00,2.36,11.12,17.90,14.20,11.00,568.00,2965.00,0.35,783.40,2408.00,283.60,504.40,108.53,27.76,-7889.00,63081.00,46053.00,1.92,19523.00,174597.00,23279.00,63785.00,29698.00,592877.00,-84642.00,-550850.00
2023-11-01,-0.53,-6.12,0.81,0.00,1.21,6.08,0.31,0.30,0.20,17.38,4.52,13.04,21.30,14.53,7.80,128.10,739.50,0.39,859.10,3137.00,235.90,263.10,104.46,44.19,7858.00,48895.00,-47967.00,12.15,49683.00,252107.00,2868.00,31882.00,8916.00,711156.00,32598.00,30645.00
2023-11-02,-0.30,-1.97,2.52,0.00,1.21,6.03,0.77,0.31,0.26,13.42,2.77,12.41,24.10,17.06,10.00,510.40,1975.00,0.61,854.70,3121.00,601.40,272.40,130.44,82.37,10948.00,14886.00,-201751.00,24.19,89752.00,478156.00,77628.00,35184.00,29981.00,1073841.00,60116.00,248774.00
2023-11-03,-0.92,-1.68,2.91,0.00,1.69,2.38,0.03,0.00,0.95,16.80,3.18,11.96,22.40,15.42,10.60,349.00,2306.00,0.46,1200.00,1207.00,34.23,0.00,66.00,34.49,-36176.00,-81445.00,-139205.00,-6.04,15996.00,136814.00,1854.00,0.00,-23434.00,613594.00,-77228.00,-424452.00
2023-11-04,-0.48,-2.13,0.82,0.00,1.98,0.00,0.05,0.00,0.28,20.63,1.03,12.25,22.90,16.00,11.30,63.65,620.90,0.43,1401.00,0.00,59.49,0.00,40.35,-3.16,-59082.00,-92705.00,25833.00,-18.60,-62035.00,0.00,-3352.00,0.00,-345.40,-13627.00,-55301.00,-1073244.00
2023-11-05,-0.42,-0.13,4.06,0.00,1.68,1.00,0.19,0.00,0.37,13.43,1.18,12.01,25.20,17.80,9.60,505.70,3272.00,0.55,1187.00,474.00,186.40,0.00,61.88,14.42,-65996.00,-12105.00,-59229.00,-9.61,-82014.00,62131.00,13624.00,0.00,18084.00,246397.00,-56315.00,-1284004.00
2023-11-06,-0.45,-0.74,6.23,0.00,0.99,3.75,0.62,0.20,0.28,11.21,3.40,12.77,25.30,18.63,10.60,938.10,4771.00,0.67,698.30,1778.00,600.60,173.10,97.88,41.95,-22198.00,-16459.00,-91274.00,20.30,22333.00,273233.00,19553.00,22647.00,24903.00,621766.00,-96293.00,-338953.00
2023-11-07,-0.39,-3.35,3.37,0.00,1.12,5.39,0.74,0.23,0.21,12.87,4.23,13.06,26.00,18.52,10.30,737.10,2858.00,4.33,790.50,2554.00,772.50,202.60,114.22,76.17,764.50,-14922.00,-131708.00,673.20,69216.00,551348.00,63965.00,20910.00,26264.00,860256.00,-32589.00,-156534.00
2023-11-08,-0.54,-1.64,3.61,0.00,1.26,5.95,1.12,0.56,0.34,10.48,3.04,12.00,27.00,18.24,9.50,916.40,3008.00,0.74,893.60,2803.00,1057.00,489.00,150.87,83.91,8862.00,-15950.00,-131548.00,36.72,97043.00,656959.00,78222.00,66437.00,33984.00,887020.00,-8511.00,127503.00
2023-11-09,-0.34,-1.34,2.96,0.14,1.68,6.11,2.50,0.74,0.25,8.50,3.94,12.59,30.40,21.15,11.10,997.10,2800.00,196.30,1187.00,2818.00,2380.00,647.00,198.36,468.35,27528.00,36630.00,-372306.00,177887.00,1218253.00,2332729.00,2329759.00,782470.00,310638.00,2572749.00,556255.00,1030478.00
2023-11-10,-0.61,-3.07,1.68,0.00,2.94,6.44,0.71,0.77,0.68,23.51,3.32,11.73,39.90,29.20,16.40,336.80,1152.00,3.42,2086.00,3070.00,526.10,670.10,126.84,67.58,-11467.00,95056.00,-90793.00,144.00,296354.00,675382.00,113669.00,126897.00,80867.00,1194298.00,1930.00,213193.00
2023-11-11,-0.53,-2.43,2.35,0.00,1.69,2.23,0.00,0.00,0.32,19.23,1.39,11.73,22.60,17.75,12.30,158.30,1506.00,0.82,1197.00,1056.00,2.28,0.00,61.66,13.32,-24074.00,-74441.00,-14828.00,-17.06,-23732.00,123712.00,-11.99,0.00,16211.00,157554.00,-56649.00,-635352.00
2023-11-12,-0.49,-0.90,2.76,0.00,1.40,3.57,0.00,0.00,0.19,17.90,1.25,7.88,18.70,14.29,9.30,337.10,2144.00,0.30,991.10,1690.00,2.28,0.00,83.35,10.54,-37263.00,27618.00,127135.00,-9.93,-24966.00,175327.00,-3.71,0.00,7282.00,285142.00,-50383.00,-545166.00
2023-11-13,-0.50,-0.76,5.89,0.00,0.79,4.40,0.94,0.10,0.33,12.84,2.83,10.02,20.90,15.78,8.80,1726.00,4727.00,3.85,560.00,2084.00,820.80,84.82,110.18,82.77,8309.00,21060.00,-525495.00,384.70,27628.00,552206.00,82440.00,10934.00,29650.00,837635.00,-1544.00,584542.00
2023-11-14,-0.27,-0.44,5.42,0.00,0.50,9.20,0.91,0.54,0.38,9.87,2.68,7.24,20.10,16.38,12.50,1260.00,4849.00,0.26,355.90,4346.00,682.70,475.00,187.00,121.82,27009.00,28724.00,-599698.00,14.49,69890.00,1096656.00,143342.00,73816.00,58842.00,1221701.00,227526.00,510889.00
2023-11-15,-0.62,-0.66,4.77,0.00,1.27,6.25,0.63,0.51,0.45,8.16,2.53,12.56,23.30,15.97,9.40,1309.00,4411.00,0.60,899.60,2820.00,550.60,444.80,145.70,110.99,-779.10,33913.00,-508023.00,5.87,117402.00,883610.00,46158.00,84827.00,59917.00,910942.00,3766.00,-71947.00
2023-11-16,-0.60,-3.78,1.33,0.00,2.36,4.29,0.45,1.01,0.42,16.98,1.84,12.20,21.20,16.32,12.50,302.90,1122.00,0.00,1675.00,2034.00,361.30,887.10,125.30,69.70,-7944.00,134000.00,-123570.00,0.00,164189.00,408824.00,13308.00,118372.00,41237.00,1047951.00,-72411.00,-531476.00
2023-11-17,-0.52,-5.16,0.11,0.00,1.37,3.93,0.48,0.78,0.35,17.26,4.11,13.56,24.40,16.30,9.70,10.18,97.56,3.89,967.60,1862.00,422.70,680.60,94.11,60.49,-1141.00,66077.00,-2948.00,33.95,70812.00,316153.00,3711.00,60199.00,24312.00,1105084.00,-122100.00,-447169.00
2023-11-18,-0.48,-0.02,5.09,0.00,1.35,4.37,0.59,0.63,0.41,8.48,1.53,11.80,25.70,18.42,9.80,1223.00,4795.00,0.00,956.20,2071.00,510.30,554.00,140.27,69.75,-19778.00,163.70,-227734.00,0.00,78515.00,457775.00,24577.00,82123.00,43280.00,636800.00,-18112.00,-448373.00
2023-11-19,-0.49,-2.36,2.84,0.00,1.05,4.84,0.72,0.45,0.34,12.60,1.59,12.77,24.00,19.78,13.60,628.10,3141.00,0.00,746.00,2295.00,619.40,395.40,118.02,67.63,-35400.00,71010.00,-159289.00,0.00,30858.00,463961.00,25749.00,44566.00,24563.00,799345.00,-31075.00,-923274.00
2023-11-20,-0.51,-1.62,2.62,0.00,1.23,6.50,0.80,1.22,0.24,11.66,3.30,11.74,26.30,18.35,12.90,707.00,2417.00,0.00,868.90,3079.00,669.00,1068.00,154.97,109.92,22061.00,67183.00,-291264.00,0.00,127279.00,809215.00,89611.00,172227.00,30131.00,1180609.00,192436.00,701161.00
2023-11-21,-0.34,-4.14,1.69,0.00,1.34,4.36,0.74,0.31,0.36,17.29,3.21,12.92,23.50,17.11,11.10,438.80,1646.00,0.00,952.00,2064.00,637.00,270.70,96.80,62.46,-4564.00,-85464.00,-184934.00,0.00,68190.00,446412.00,41908.00,37179.00,26520.00,718951.00,-59028.00,-510184.00
2023-11-22,-0.49,-4.59,0.40,0.00,1.75,1.48,0.00,0.39,0.41,24.37,1.56,12.96,24.90,18.62,14.00,47.59,296.80,0.04,1243.00,698.50,2.25,337.60,53.15,34.97,-21787.00,-60510.00,-38930.00,2.17,20333.00,47354.00,32.42,39791.00,31404.00,719127.00,-61255.00,-647980.00
2023-11-23,-0.41,-0.46,5.54,0.00,1.75,2.35,0.07,0.00,0.23,23.96,1.29,2.80,17.90,16.29,14.70,387.40,4425.00,0.00,1242.00,1116.00,57.75,0.00,74.42,46.47,6104.00,27565.00,-165163.00,0.00,80340.00,153483.00,6088.00,0.00,15757.00,1181356.00,24806.00,61518.00
2023-11-24,-0.49,-2.16,5.99,0.00,1.41,6.68,0.00,0.44,0.39,10.44,4.03,8.52,20.70,17.18,14.60,1463.00,4811.00,0.00,998.20,3258.00,2.24,385.50,145.54,67.43,13733.00,92531.00,-370472.00,0.00,85975.00,507314.00,158.70,43474.00,30789.00,644970.00,184192.00,376891.00
2023-11-25,-0.46,-4.45,4.19,0.00,1.20,5.99,0.28,0.59,0.30,12.27,3.59,9.25,20.80,17.45,14.70,1548.00,3596.00,0.00,851.50,2913.00,268.20,513.00,135.79,34.45,-14386.00,-49565.00,-227179.00,0.00,28524.00,379518.00,-13064.00,43012.00,20295.00,164366.00,-118810.00,-437216.00
2023-11-26,-0.43,-1.83,3.04,0.00,1.01,1.59,0.51,0.28,0.38,14.75,3.62,9.31,22.90,17.90,14.80,428.30,2546.00,0.00,716.80,754.40,488.30,241.30,69.97,27.73,-10066.00,-22964.00,-62278.00,0.00,14292.00,74258.00,179.50,20228.00,24470.00,515002.00,-106033.00,-319036.00
2023-11-27,-0.49,-5.86,0.25,0.00,0.74,0.93,0.72,0.00,0.24,27.29,1.62,12.49,25.50,18.33,13.80,11.37,212.30,0.00,523.20,439.30,685.40,0.00,37.44,23.56,-21914.00,-108487.00,-12248.00,0.00,-5438.00,39076.00,3651.00,0.00,7665.00,503464.00,-64590.00,-583939.00
2023-11-28,-0.23,-2.02,3.86,0.07,0.58,2.11,1.02,0.00,0.23,24.94,2.18,4.45,19.20,15.06,11.80,375.50,3288.00,110.70,413.90,1001.00,975.60,0.00,70.28,116.46,40540.00,72734.00,-256987.00,6471.00,92902.00,123430.00,222742.00,0.00,29888.00,2615064.00,476197.00,4108347.00
2023-11-29,-0.49,-1.20,4.37,0.07,0.80,0.64,0.72,0.00,0.14,20.19,1.62,10.78,23.40,18.53,14.80,330.00,2727.00,99.14,569.10,302.50,685.00,0.00,47.37,-2.58,-26371.00,-75749.00,-55761.00,231.70,-17944.00,9971.00,-10092.00,0.00,-604.00,-121359.00,-83062.00,-570804.00
2023-11-30,-0.23,-3.10,5.05,0.06,0.68,2.12,0.94,0.00,0.26,15.43,3.40,12.17,26.80,20.06,16.00,652.10,3174.00,96.54,483.90,1002.00,810.80,0.00,68.25,8.37,-8608.00,-99515.00,-43803.00,2443.00,-5453.00,41887.00,-17860.00,0.00,9974.00,97831.00,-99351.00,-361971.00
2023-12-01,-0.38,-2.62,3.84,0.00,0.98,1.96,0.34,0.00,0.31,16.63,3.44,11.57,24.60,18.52,12.90,410.00,2893.00,0.00,697.40,929.40,328.10,0.00,55.47,32.70,-13136.00,-62130.00,-131004.00,0.00,20446.00,93045.00,-3135.00,0.00,22102.00,489374.00,-27265.00,-223178.00